CHR,BP,SNP,P,GENE
1,959842,rs2710888,2.19e-57,AGRN
1,1005806,rs3934834,2.44e-29,RNF223
1,1287040,rs182532,1.25e-18,MXRA8
1,1305561,rs17160669,1.48e-28,AURKAIP1
1,1797947,rs9660106,1.86e-12,GNB1
1,2069172,rs425277,1.88e-166,C1orf86
1,2156362,rs2460000,4.2e-52,SKI
1,2199057,rs11588312,7.94e-50,SKI
1,2224836,rs12743493,1.2e-77,SKI
1,2257727,rs2643893,1.24e-13,MORN1
1,2283117,rs4648831,4.67e-25,LOC100129534
1,2302911,rs10910060,4.01e-21,LOC100129534
1,2713327,rs2377041,0.0023379,TTC34
1,2797856,rs10797342,8.9e-25,TTC34
1,2852206,rs1473386,3.73e-69,ACTRT2
1,2934312,rs16823352,5.68e-10,ACTRT2
1,2950370,rs41334845,6.52e-06,ACTRT2
1,3025712,rs4648453,1.05e-13,MIR4251
1,3047252,rs2817178,1.09e-15,MIR4251
1,3119489,rs11577655,6.76e-08,MIR4251
1,3235556,rs12043519,7.76e-13,PRDM16
1,3307746,rs2493278,0.690473,PRDM16
1,3314596,rs17822581,4.23e-57,PRDM16
1,3318714,rs5024246,4.49e-59,PRDM16
1,3454592,rs9970944,8.09e-11,MIR551A
1,3539082,rs10909989,2.97e-14,TPRG1L
1,3544868,rs16823926,4.99e-08,TPRG1L
1,3744084,rs9424310,5.87e-18,CEP104
1,6272813,rs2294711,1.06e-09,RNF207
1,6316884,rs2057006,5.97e-13,GPR153
1,6494399,rs2103673,2.52e-05,MIR4252
1,6580397,rs12046229,3.93e-33,PLEKHG5
1,6786581,rs11590169,1.53e-20,LOC100505887
1,7308264,rs4243825,4.9e-12,CAMTA1
1,7449971,rs7524314,1.5e-12,CAMTA1
1,7833485,rs11576572,6.49e-42,VAMP3
1,7955894,rs170551,0.00109951,TNFRSF9
1,8042736,rs161801,1.07e-62,PARK7
1,8042826,rs161802,2.48e-58,PARK7
1,8193868,rs7531634,0.460341,ERRFI1
1,8473813,rs12754538,3.37e-34,RERE
1,8507773,rs11581328,3.19e-60,RERE
1,8845199,rs11586056,8.27e-69,RERE
1,9160577,rs7555782,2.25e-17,GPR157
1,9260941,rs737261,6.6e-93,H6PD
1,9292282,rs9434723,4.04e-170,H6PD
1,9315847,rs2268170,2.34e-134,H6PD
1,9339205,rs11590326,1.94e-125,H6PD
1,9349938,rs9726385,1.47e-49,SPSB1
1,9355936,rs9442514,8.21e-104,SPSB1
1,9381504,rs17377604,1.96e-11,SPSB1
1,9408959,rs11121380,0.00032157,SPSB1
1,9438540,rs17393468,1.48e-31,SPSB1
1,9499246,rs9787285,0.156171,LOC100506022
1,9500640,rs9662275,7.44e-07,LOC100506022
1,9502076,rs9308451,3.49e-21,LOC100506022
1,9505821,rs9661476,6.5e-27,LOC100506022
1,9525697,rs10746490,2.27e-34,LOC100506022
1,9542612,rs10157778,2.54e-92,LOC100506022
1,9558167,rs11121432,5.2e-12,SLC25A33
1,9722523,rs6666059,1.19e-14,C1orf200
1,9748445,rs6669509,2.15e-17,C1orf200
1,10260592,rs3903151,4.62e-48,KIF1B
1,10309026,rs11586485,0.07472,KIF1B
1,10316729,rs17400878,2.2e-177,KIF1B
1,10906634,rs535724,2.24e-06,CASZ1
1,11038476,rs11121667,4.59e-33,C1orf127
1,11289161,rs2076655,4.9e-158,ANGPTL7
1,11395283,rs2982380,0.224795,UBIAD1
1,11702155,rs7526268,6.8e-11,FBXO2
1,11928714,rs1009592,4.91e-09,NPPB
1,12463073,rs7547740,1.16e-07,SNORA59A
1,13796964,rs3013093,1.17e-12,LRRC38
1,13842586,rs2282189,8.46e-06,LRRC38
1,13855608,rs12072110,3.25e-24,LRRC38
1,13862750,rs6661954,1.94e-34,LRRC38
1,13912977,rs355027,3.65e-13,PDPN
1,13946868,rs1767676,4.5e-53,PDPN
1,14043609,rs4344326,0.00103279,PRDM2
1,14148441,rs2697971,2.36e-39,PRDM2
1,14449136,rs2359942,6.48e-15,PRDM2
1,15049895,rs926520,6.24e-13,KAZN
1,15120526,rs1737352,6.73e-10,KAZN
1,15705072,rs736185,6.57e-10,FHAD1
1,16090898,rs6429774,1.14e-24,FBLIM1
1,16161836,rs4661661,2.89e-10,FLJ37453
1,16344858,rs945419,4.05e-15,HSPB7
1,16510798,rs4537547,1.15e-59,ARHGEF19
1,16828502,rs696605,1.31e-23,CROCCP3
1,17292404,rs12059633,4.89e-10,CROCC
1,17310019,rs3754511,8.9e-88,MFAP2
1,17311190,rs9435734,0,ATP13A2
1,17729903,rs2526828,3.56e-11,PADI6
1,17800419,rs6659366,1.67e-26,RCC2
1,19143482,rs6704438,5.54e-16,TAS1R2
1,19276045,rs4912111,5.6e-17,IFFO2
1,19529204,rs12062540,2.79e-11,UBR4
1,19755030,rs1472565,5.13e-144,CAPZB
1,19770968,rs10917452,4.15e-64,CAPZB
1,19947256,rs10489858,2.96e-41,MINOS1
1,19968058,rs12408663,3.11e-92,NBL1
1,20684705,rs230175,3.63e-12,LINC01141
1,20798620,rs12724366,2.47e-29,CAMK2N1
1,20915701,rs2072671,1.24e-26,CDA
1,20983863,rs10799657,9.95e-15,DDOST
1,21174429,rs17449243,5.04e-35,EIF4G3
1,21534055,rs12128470,4.87e-117,ECE1
1,21584941,rs212526,2.86e-157,LOC100506801
1,21600677,rs4654916,0.00195131,LOC100506801
1,21680408,rs3026792,1.03e-39,ECE1
1,21859210,rs1256348,3.16e-11,ALPL
1,21894735,rs3200254,3.35e-08,ALPL
1,21933193,rs829370,9.58e-13,RAP1GAP
1,22231446,rs16826031,5.53e-13,HSPG2
1,22249589,rs9426785,8.96e-60,HSPG2
1,22358055,rs760922,5.3e-73,LINC00339
1,22361845,rs2473277,6.86e-105,LINC00339
1,22475816,rs10493011,3.18e-10,WNT4
1,22477493,rs7542242,1.14e-174,WNT4
1,22480159,rs7517829,0.00127434,WNT4
1,22490724,rs7521902,9.73e-83,WNT4
1,22522927,rs12734979,1.52e-74,WNT4
1,22653550,rs4433361,4.3e-24,ZBTB40
1,22698447,rs7524102,3.23e-26,ZBTB40
1,23438088,rs6663369,5.45e-141,LUZP1
1,23501354,rs643492,1.46e-183,LUZP1
1,23633381,rs17489856,4.16e-11,HNRNPR
1,23686246,rs13523,3.79e-06,ZNF436
1,23686777,rs17437528,3.73e-26,ZNF436
1,23765472,rs1767148,1.09e-14,ASAP3
1,23789698,rs7546989,2.22e-07,ASAP3
1,24372971,rs12401982,9.62e-13,MYOM3
1,24875490,rs2809964,0.0914575,LOC100506985
1,25043780,rs3122037,6.83e-12,CLIC4
1,25188940,rs10903108,9.41e-113,CLIC4
1,25278451,rs1507099,1.04e-14,RUNX3
1,25281015,rs4478762,1.73e-16,RUNX3
1,25289427,rs11249209,6.96e-36,RUNX3
1,25297184,rs11249215,0.00669177,RUNX3
1,25333062,rs12403486,1.68e-43,RUNX3
1,25378513,rs11248974,2.46e-111,RUNX3
1,25392127,rs11582016,2.12e-30,RUNX3
1,25420434,rs11808307,3.64e-06,SYF2
1,25674785,rs3091242,4.7e-63,TMEM50A
1,26118149,rs807250,5.17e-63,MAN1C1
1,26121555,rs807245,4.12e-48,SEPN1
1,26452386,rs17257127,1.09e-201,PDIK1L
1,26560131,rs6663950,3.13e-91,CEP85
1,26650550,rs11247915,4.32e-71,AIM1L
1,26744087,rs11581746,2.51e-61,LIN28A
1,26752129,rs35015532,4.16e-254,LIN28A
1,26798644,rs6703872,4.28e-44,HMGN2
1,26846195,rs4970514,7.52e-05,RPS6KA1
1,26902694,rs6666757,1.56e-63,RPS6KA1
1,26929002,rs17162257,5.74e-40,RPS6KA1
1,27051223,rs35617712,1.11e-75,ARID1A
1,27116463,rs34676516,2.94e-59,PIGV
1,27164335,rs7527776,4.44e-07,ZDHHC18
1,27187881,rs34543648,2.33e-17,SFN
1,27497582,rs12117956,1.61e-40,SLC9A1
1,28371992,rs490149,1.85e-38,EYA3
1,28450288,rs11806397,0.0213706,PTAFR
1,28962633,rs4252976,0.259393,TAF12
1,28990922,rs9426298,0.819276,GMEB1
1,29138975,rs1042114,9.41e-57,OPRD1
1,29631909,rs2235937,2.05e-16,PTPRU
1,29801397,rs6694109,1.52e-11,LOC101928460
1,31139078,rs1983822,8.74e-25,MATN1
1,31176942,rs1149023,3.04e-65,MATN1
1,31198733,rs1149048,2.08e-107,MATN1-AS1
1,31239262,rs12124742,1.31e-19,LAPTM5
1,31412919,rs1473,0.00057672,SNORD103A
1,31431176,rs4949188,9.78e-48,SNORD103A_dup_1
1,31477519,rs16834169,3.23e-14,SNORD85
1,31583344,rs10798823,6.73e-06,PUM1
1,32036927,rs9425884,2.72e-16,TINAGL1
1,32135773,rs2292989,2.6e-91,COL16A1
1,32142332,rs4949458,3.59e-23,COL16A1
1,32177695,rs12401511,1.5e-25,COL16A1
1,32191798,rs945211,0.0466649,BAI2
1,32281404,rs12737935,2.71e-138,SPOCD1
1,32371523,rs682654,1.92e-214,PTP4A2
1,32419044,rs9792944,2.61e-182,PTP4A2
1,32621239,rs16834897,2.56e-12,KPNA6
1,32682558,rs12129323,1.17e-19,DCDC2B
1,33134989,rs359956,1.23e-07,SYNC
1,33796081,rs4653044,1.2e-92,MIR3605
1,33818414,rs4652856,1.12e-110,MIR3605
1,34287512,rs2281595,3.56e-08,HMGB4
1,34727579,rs771401,2.66e-23,C1orf94
1,34984486,rs13374666,1.38e-10,GJB5
1,35133398,rs4653075,1.21e-20,GJB5
1,36373823,rs645383,2.87e-06,AGO1
1,36553673,rs399393,0.00020888,TEKT2
1,36559983,rs4641278,7.13e-22,ADPRHL2
1,36627542,rs4653164,6.79e-60,TRAPPC3
1,36789546,rs12116935,1.48e-84,EVA1B
1,36795430,rs4653178,8.72e-61,EVA1B
1,36861993,rs884925,0.0002924,LSM10
1,37808909,rs11264029,9.14e-06,LINC01137
1,37962756,rs7544462,1.96e-161,MIR5581
1,37963541,rs4653294,0.00998229,MIR5581
1,38271495,rs3795494,5.86e-122,C1orf122
1,38456106,rs4072980,3.57e-205,SF3A3
1,38507495,rs569791,1.54e-15,POU3F1
1,38674870,rs11208800,1.13e-07,LOC339442
1,38795785,rs2798812,7.55e-11,LOC339442
1,39328203,rs34393348,3.56e-13,GJA9-MYCBP
1,39952822,rs1569053,1.23e-23,MACF1
1,40039707,rs12028034,1.09e-39,PABPC4
1,40242315,rs914962,4.74e-18,OXCT2
1,40324293,rs16826625,3.36e-17,TRIT1
1,40369232,rs3117088,2.13e-14,MYCL
1,40538458,rs12061777,0.0362287,PPT1
1,40757993,rs6664294,3.23e-31,ZMPSTE24
1,40781038,rs1846158,1.13e-242,COL9A2
1,41086224,rs12125724,8.05e-13,RIMS3
1,41464437,rs12408576,0,CTPS1
1,41538787,rs2300650,0.0277496,SLFNL1-AS1
1,41603978,rs12759023,6.65e-19,SLFNL1-AS1
1,41620316,rs16827938,1.31e-13,SCMH1
1,41684809,rs12563174,9.27e-119,SCMH1
1,41755556,rs11209799,1.99e-136,SCMH1
1,41935450,rs1537522,3.65e-08,EDN2
1,41971905,rs2492081,1.78e-11,HIVEP3
1,42002163,rs648178,7.75e-41,HIVEP3
1,42144764,rs1105414,2.87e-14,HIVEP3
1,42207654,rs982142,3.72e-45,HIVEP3
1,42346389,rs783630,1.19e-133,HIVEP3
1,42363381,rs809173,4.58e-62,HIVEP3
1,42664238,rs585320,9.71e-23,FOXJ3
1,42860217,rs17369630,5.96e-27,RIMKLA
1,43401438,rs841853,1.49e-09,SLC2A1
1,43408570,rs16830101,9.84e-54,SLC2A1-AS1
1,43416133,rs17387775,2.07e-33,SLC2A1-AS1
1,43773033,rs2275180,1.34e-39,TIE1
1,43920000,rs11210843,8.89e-11,SZT2
1,44048283,rs688627,5.45e-57,PTPRF
1,44225532,rs6664485,5.27e-07,ST3GAL3
1,44396196,rs12561948,5.11e-10,ST3GAL3
1,44475408,rs2486002,4.04e-05,CCDC24
1,44499242,rs1978195,1.36e-11,SLC6A9
1,44799690,rs7543015,1.77e-12,ERI3
1,45136783,rs6429544,4.32e-11,TMEM53
1,45305492,rs11573543,0.00098472,PTCH2
1,45763650,rs4233496,8.73e-46,LINC01144
1,45766192,rs7548931,2.69e-14,LINC01144
1,46010652,rs518365,3.62e-50,AKR1A1
1,46085879,rs2275086,5.67e-145,CCDC17
1,47013180,rs10890404,6.77e-11,KNCN
1,47101117,rs2181411,5.31e-21,ATPAF1
1,47669325,rs12760654,0.00274382,TAL1
1,47673802,rs1008455,0.885963,TAL1
1,47931820,rs17103260,7.48e-71,FOXD2
1,47932550,rs543640,1.22e-156,FOXD2
1,47964541,rs6588402,6.16e-12,FOXD2
1,47993332,rs606852,1.28e-20,FOXD2
1,48090146,rs12403651,6.9e-11,TRABD2B
1,48102984,rs2457057,4.71e-39,TRABD2B
1,48161625,rs12031428,2.84e-05,TRABD2B
1,48193205,rs4926601,5.44e-38,TRABD2B
1,48235066,rs12037415,4.56e-08,TRABD2B
1,49240957,rs7520784,2.19e-09,BEND5
1,50613676,rs4412638,2.77e-06,ELAVL4
1,51066887,rs12063643,1.25e-10,FAF1
1,51438365,rs3176466,0,CDKN2C
1,51458372,rs2500452,1.48e-85,CDKN2C
1,51580637,rs6663781,2.54e-16,C1orf185
1,51684980,rs12740598,6.67e-10,RNF11
1,51753394,rs17106487,0.00931076,TTC39A
1,51884383,rs11205843,3.57e-11,EPS15
1,52144929,rs11205878,0.122528,OSBPL9
1,52248017,rs6678977,1.49e-06,NRD1
1,52600035,rs9436913,4.92e-29,ZFYVE9
1,52887953,rs17373044,6.54e-12,ZCCHC11
1,53081321,rs6588432,5.41e-72,GPX7
1,53086040,rs6688451,9.54e-17,GPX7
1,53143271,rs269303,7.64e-13,COA7
1,53259950,rs11206019,9.34e-31,ZYG11B
1,53323492,rs10788945,1.45e-26,ZYG11A
1,53442622,rs12568454,5.08e-25,SCP2
1,53511094,rs6588459,3.22e-57,SCP2
1,53575575,rs1288369,9.99e-71,SLC1A7
1,53586380,rs936642,1.4e-08,SLC1A7
1,53590871,rs1769309,1.96e-43,SLC1A7
1,53678728,rs3766757,3.68e-07,C1orf123
1,53711735,rs5177,0.00273328,LOC100507564
1,53991542,rs3013762,6.53e-12,GLIS1
1,54024840,rs12035088,0.382031,GLIS1
1,54080347,rs4927017,3.65e-127,GLIS1
1,54244387,rs17109343,2.74e-14,NDC1
1,54375570,rs2235544,0.00140379,DIO1
1,54563156,rs6588502,1.9e-13,TCEANC2
1,54714821,rs3753417,4.04e-13,SSBP3-AS1
1,54716823,rs608386,9.01e-10,SSBP3-AS1
1,54888245,rs4927107,1.43e-133,SSBP3
1,54953523,rs4927133,1.73e-73,ACOT11
1,54954245,rs6691924,2.84e-210,ACOT11
1,55326933,rs6676123,6.74e-35,DHCR24
1,55627525,rs17111689,1.03e-22,USP24
1,55744950,rs4926675,2.17e-16,MIR4422
1,55923414,rs3974272,1.97e-06,MIR4422
1,56055848,rs17416739,0.0089316,MIR4422
1,56090323,rs709397,5.4e-31,MIR4422
1,56432184,rs12409063,4.69e-23,PPAP2B
1,56525934,rs7525207,7.23e-34,PPAP2B
1,56642998,rs1331862,1.28e-146,PPAP2B
1,56783425,rs2994555,0.30014,PPAP2B
1,56843129,rs12120414,1.26e-10,PPAP2B
1,56877509,rs11206803,8.43e-09,PPAP2B
1,56885111,rs12093027,8.9e-19,PPAP2B
1,56965664,rs9970807,4.54e-44,PPAP2B
1,57013121,rs1572057,1.38e-46,PPAP2B
1,57036047,rs2065554,2.13e-18,PPAP2B
1,57568923,rs11206973,5.39e-08,DAB1
1,57714529,rs542873,2.08e-11,DAB1
1,57917398,rs4279875,1.23e-06,DAB1-AS1
1,58939502,rs12118488,5.04e-07,OMA1
1,59305996,rs3015321,1.26e-35,LINC01135
1,59363619,rs11207325,5.37e-11,LINC01135
1,59817859,rs11207439,3.81e-47,FGGY
1,59860256,rs11584915,5.83e-11,FGGY
1,60039973,rs12071725,7.74e-16,MIR4711
1,60143092,rs4244020,5.77e-09,MIR4711
1,61334177,rs17375290,1.22e-05,LOC101926964
1,61481944,rs924273,8.78e-14,LOC100996570
1,61582546,rs6693597,1.74e-09,NFIA
1,61607034,rs2008968,1.87e-07,NFIA
1,61756434,rs2782549,5.91e-09,LOC645030
1,61870856,rs2474381,1.6e-23,NFIA
1,61903554,rs17122212,1e-16,NFIA
1,61918725,rs17265852,3.19e-10,NFIA
1,62207254,rs7551399,2.12e-18,INADL
1,62221989,rs10889253,9.36e-11,INADL
1,62253483,rs3762321,1.23e-20,INADL
1,62482489,rs7547886,2.1e-40,INADL
1,62538372,rs6699078,0.0606754,INADL
1,62580201,rs12044746,7.06e-28,INADL
1,62635081,rs2666504,8.8e-59,INADL
1,63028198,rs12749263,2.37e-10,ANGPTL3
1,63645215,rs11208148,1.1e-16,LINC00466
1,63727542,rs670318,2e-31,LINC00466
1,63832640,rs12119056,1.78e-26,ALG6
1,64311200,rs10889450,9.35e-11,ROR1
1,64625146,rs6671162,8.49e-13,ROR1
1,65298971,rs9128,1.98e-59,RAVER2
1,65464209,rs12117352,1.53e-14,LOC101927084
1,65559509,rs7513209,3.1e-28,MIR101-1
1,65613363,rs3934817,1.69e-10,AK4
1,65830905,rs1570869,1.06e-16,DNAJC6
1,65988162,rs1536467,1.48e-20,LEPROT
1,66101384,rs12025906,1.24e-20,LEPR
1,66416747,rs1937456,7.77e-20,PDE4B
1,66622634,rs1577844,0.00839481,PDE4B
1,66730479,rs41332246,5.62e-16,PDE4B
1,66745352,rs12060491,1.8e-15,PDE4B
1,66789263,rs11208834,1.31e-08,PDE4B
1,66851147,rs11208844,1.91e-21,PDE4B
1,66852802,rs6691740,1.11e-09,PDE4B
1,67022204,rs1832417,2.63e-08,SGIP1
1,67031907,rs7537440,1.57e-21,SGIP1
1,67437043,rs12137403,2.61e-112,MIER1
1,67526029,rs12061545,7.63e-12,SLC35D1
1,67969211,rs12756945,0.00024639,SERBP1
1,68021103,rs1340592,1.16e-06,SERBP1
1,68039342,rs7513193,4.77e-14,GADD45A
1,68080054,rs17509614,2.2e-14,GADD45A
1,68225671,rs554355,5.59e-46,GNG12
1,68319723,rs6588287,8.99e-28,GNG12
1,68611243,rs1556157,3.88e-22,MIR1262
1,68635390,rs2566755,2.06e-18,MIR1262
1,68692642,rs1430753,7.72e-10,WLS
1,71590877,rs12038830,1.21e-84,ZRANB2-AS2
1,71696940,rs10493483,0.0032006,ZRANB2-AS2
1,72751185,rs3101336,0.0002738,NEGR1
1,73173871,rs4509530,4.64e-38,NEGR1
1,75252602,rs12132783,6.87e-07,TYW3
1,76501151,rs17097968,7.29e-26,ST6GALNAC3
1,76546051,rs699829,9.65e-79,ST6GALNAC3
1,76553283,rs12123760,3.55e-65,ST6GALNAC3
1,76603091,rs3011995,1.12e-19,ST6GALNAC3
1,76837237,rs12239582,1.21e-10,ST6GALNAC3
1,77031816,rs7544201,3.18e-18,ST6GALNAC3
1,77099691,rs636038,3.34e-19,ST6GALNAC3
1,77741794,rs11162307,5.64e-06,AK5
1,77927144,rs3113637,5.65e-12,AK5
1,77945635,rs6695572,8.9e-158,AK5
1,78521765,rs6669039,5.41e-64,GIPC2
1,78589598,rs1022103,0.00172784,GIPC2
1,78623626,rs17391694,3.25e-249,GIPC2
1,79961748,rs12727530,3.96e-11,ELTD1
1,80687680,rs1776308,6.22e-06,ELTD1
1,81704476,rs17106261,1.21e-10,LPHN2
1,81820593,rs7531944,2.39e-11,LPHN2
1,81920276,rs4350242,2.31e-12,LPHN2
1,82345851,rs12145428,1.1e-16,LPHN2
1,82469609,rs1022974,3.08e-12,LPHN2
1,82712954,rs946951,6.12e-07,LPHN2
1,82944571,rs10874312,1.22e-41,LPHN2
1,83149729,rs393717,1.41e-12,LOC101927498
1,83960180,rs4508029,1.3e-09,LOC101927587
1,84196920,rs9787364,4.35e-09,MIR548AP
1,84764249,rs1156085,1.89e-32,SAMD13
1,84963000,rs1246159,5.51e-22,GNG5
1,85884101,rs10873702,7.97e-05,DDAH1
1,85897904,rs17388521,4.53e-94,DDAH1
1,86008398,rs17099679,9.46e-11,DDAH1
1,86008940,rs11161635,3.31e-39,DDAH1
1,86226352,rs17400787,1.24e-77,COL24A1
1,86290440,rs6698139,1.84e-122,COL24A1
1,86457334,rs4912453,2.17e-31,COL24A1
1,86621453,rs12076366,3.88e-57,COL24A1
1,86822231,rs385437,1.1e-27,MIR7856
1,87219310,rs263494,9.52e-23,SH3GLB1
1,87356690,rs486133,2.62e-34,2015-09-01 00:00:00
1,87637394,rs1325237,1.19e-23,LINC01140
1,87690412,rs6668687,7.58e-16,LOC101927844
1,87868540,rs4655956,5.57e-19,LOC100505768
1,88082536,rs4655976,6.01e-23,LOC100505768
1,88226329,rs35214987,2.83e-10,LOC100505768
1,88280870,rs12405279,4.01e-06,LOC100505768
1,88736621,rs525002,1.17e-19,LOC101927891
1,89035249,rs1889231,2.64e-37,LOC101927891
1,89081648,rs1373259,5.98e-07,PKN2
1,89123443,rs6699417,0,PKN2
1,89269340,rs9428015,0,PKN2
1,89388911,rs12072458,1.18e-06,CCBL2
1,89445045,rs10801700,4.27e-25,RBMXL1
1,89472196,rs6428494,4.09e-109,GBP3
1,90007695,rs12755723,1.66e-26,LRRC8B
1,90067353,rs10493823,6.06e-07,LRRC8B
1,90179532,rs12032393,1.1e-26,LRRC8C
1,90276360,rs12139128,1.6e-05,LRRC8D
1,90339669,rs2802031,2.63e-12,LRRC8D
1,91205831,rs10922911,7.12e-20,BARHL2
1,91374399,rs1188921,1.33e-15,ZNF644
1,91983174,rs13447526,9.45e-40,CDC7
1,92201699,rs12076549,3.64e-49,TGFBR3
1,92334749,rs10493856,1.49e-50,TGFBR3
1,92883477,rs12132293,6.49e-51,RPAP2
1,93303114,rs11540832,3.82e-108,SNORD21
1,93303451,rs6659942,4.99e-98,SNORD21
1,93323971,rs10874746,5.48e-171,RPL5
1,93825638,rs1559828,2.41e-85,DR1
1,94066635,rs6677770,1.8e-10,LOC100129046
1,94762546,rs17400584,3.72e-08,ARHGAP29
1,95205343,rs2220760,2.06e-07,LINC01057
1,95412967,rs17407908,5.39e-20,LOC729970
1,95427608,rs11810387,0.27367,LOC729970
1,95429026,rs6541375,2.62e-06,LOC729970
1,96335028,rs10874962,1.35e-06,LOC100996635
1,96738972,rs324854,5.92e-10,LOC101928241
1,97025708,rs942904,1.41e-17,PTBP2
1,97202856,rs7513314,6.96e-10,PTBP2
1,97652000,rs11165805,6.74e-09,DPYD-AS1
1,97721488,rs496179,8.81e-09,DPYD-AS1
1,97984103,rs7519652,2.85e-05,DPYD-AS1
1,98209110,rs17378539,5.91e-10,DPYD-AS2
1,98541677,rs4950142,4.89e-19,MIR137HG
1,99082559,rs6680222,1.58e-15,SNX7
1,100116850,rs834990,1.73e-27,PALMD
1,100367891,rs659030,2.75e-26,AGL
1,100436133,rs11166383,4.04e-32,SLC35A3
1,101351661,rs10218565,7.45e-07,EXTL2
1,101641606,rs12752441,8e-12,LOC101928370
1,101747767,rs6577233,4.4e-45,S1PR1
1,101939689,rs1361812,2.39e-15,RNU6-31P
1,102395220,rs7515984,3.62e-19,DNAJA1P5
1,103325936,rs12026364,5.39e-10,COL11A1
1,103393457,rs12138977,4.69e-94,COL11A1
1,103483329,rs3767272,1.64e-90,COL11A1
1,103551918,rs11164665,0,COL11A1
1,103588507,rs9663072,1.19e-176,COL11A1
1,103617675,rs11586335,1.48e-16,COL11A1
1,106956059,rs12067715,2.22e-25,PRMT6
1,107883043,rs12066815,5.48e-11,NTNG1
1,108369872,rs17020141,8.12e-20,MIR7852
1,108462844,rs345314,3.04e-23,MIR7852
1,108680818,rs11185281,6.12e-06,SLC25A24
1,109319928,rs1759480,8.23e-09,STXBP3
1,109817192,rs7528419,6.88e-80,CELSR2
1,109887191,rs4970843,6.89e-05,SORT1
1,110215178,rs655315,3.39e-09,GSTM2
1,110260742,rs11807,2.61e-11,GSTM5
1,110366083,rs484959,7.69e-34,EPS8L3
1,110490341,rs17025223,1.91e-40,CSF1
1,110560915,rs186724,3.1e-18,AHCYL1
1,110850113,rs488639,2.03e-38,LOC440600
1,111430297,rs12117546,1.09e-18,CD53
1,111494194,rs2232041,8.75e-22,LRIF1
1,111728285,rs641379,2.38e-11,DENND2D
1,112176753,rs7532316,7.57e-09,RAP1A
1,112462984,rs6682872,8.61e-11,KCND3-IT1
1,112499034,rs6703437,0.00018873,KCND3
1,113241052,rs2306940,3.57e-223,MOV10
1,113244433,rs2279500,3.69e-98,RHOC
1,113575114,rs17030905,3.22e-43,LOC100996251
1,113874491,rs1342652,1.9e-08,MAGI3
1,114166561,rs6669008,7.17e-22,MAGI3
1,114354654,rs3195954,4.96e-14,RSBN1
1,114677997,rs11102738,6.65e-12,SYT6
1,114948281,rs6537825,4.32e-12,TRIM33
1,114996324,rs11589568,1.69e-27,TRIM33
1,115720213,rs17033349,3.94e-09,TSPAN2
1,115829313,rs6330,2.09e-31,NGF
1,116017908,rs9429756,1.36e-10,NGF
1,116297758,rs4073778,5.73e-26,CASQ2
1,116834105,rs975351,1.05e-26,ATP1A1
1,117514048,rs17036665,4.05e-16,PTGFRN
1,118182792,rs7522280,5.14e-27,FAM46C
1,118520042,rs1409055,1.74e-39,WDR3
1,118719956,rs4430315,2.75e-05,SPAG17
1,118843675,rs2490198,6.81e-38,SPAG17
1,118849909,rs7513580,0,SPAG17
1,118920492,rs9428247,0.870036,SPAG17
1,119030698,rs10923574,4.59e-11,SPAG17
1,119168450,rs1701970,2.37e-17,TBX15
1,119333813,rs2712252,1.98e-84,TBX15
1,119424027,rs6680654,6.05e-44,TBX15
1,119458117,rs1779454,0.109999,TBX15
1,119474834,rs946210,1.4e-42,TBX15
1,119525788,rs12742627,2.33e-53,TBX15
1,119574587,rs2645294,1.58e-85,WARS2
1,119581937,rs1886917,3.65e-06,WARS2
1,119766433,rs10494222,3.83e-17,WARS2
1,120162152,rs699775,1.14e-22,ZNF697
1,120216971,rs12121447,2.06e-159,ZNF697
1,120420048,rs2487580,6.35e-06,ADAM30
1,144896319,rs12124527,7.92e-16,PDE4DIP
1,146757923,rs9661159,9.56e-134,CHD1L
1,146767149,rs4950394,9.71e-11,CHD1L
1,146813984,rs2883320,7.57e-62,LINC00624
1,147022306,rs9326555,3.48e-16,BCL9
1,147051058,rs11240083,3.47e-05,BCL9
1,147067318,rs10465881,4.11e-36,BCL9
1,147097635,rs3766512,2.08e-34,BCL9
1,147099287,rs12129752,2.01e-72,BCL9
1,149886135,rs4926386,4.1e-282,SV2A
1,149906413,rs11205303,0,MTMR11
1,149955163,rs11205308,0.00275396,OTUD7B
1,150121079,rs11586396,5.16e-185,PLEKHO1
1,150186091,rs956796,3.31e-14,ANP32E
1,150278389,rs12403795,7.96e-31,MRPS21
1,150336468,rs12046899,6.61e-05,RPRD2
1,150363261,rs6694075,5.07e-117,RPRD2
1,150528885,rs12119250,0.903036,MIR4257
1,150543128,rs11204666,0.00371794,MCL1
1,150552042,rs16837903,1.2e-23,MCL1
1,150739670,rs41496050,8.36e-06,CTSS
1,151004365,rs7532312,1.08e-36,PRUNE
1,151035628,rs6694357,1.69e-06,MLLT11
1,151060527,rs6688113,1.06e-159,GABPB2
1,151061509,rs12090604,0.912896,GABPB2
1,151233007,rs16833107,6.37e-157,PSMD4
1,151418479,rs4147451,6.68e-26,POGZ
1,151952075,rs3007704,7.48e-26,S100A10
1,153614712,rs7549308,2.65e-12,CHTOP
1,153718472,rs9426901,3.59e-38,INTS3
1,153934303,rs3791186,9.48e-30,MIR6737
1,154270877,rs3103309,4.56e-06,HAX1
1,154426097,rs6689393,4.21e-12,IL6R
1,154538554,rs6660775,7.96e-37,CHRNB2
1,154589628,rs2335230,1.34e-26,ADAR
1,154592140,rs962242,1.58e-85,ADAR
1,154758422,rs883319,1.37e-12,KCNN3
1,154807935,rs11584630,1.35e-22,KCNN3
1,154825270,rs11264275,1.02e-12,KCNN3
1,154991389,rs905938,4.93e-123,DCST2
1,155008610,rs4845406,1.22e-65,DCST1
1,155025361,rs2306125,4.38e-32,ADAM15
1,155108167,rs12726330,0.636617,SLC50A1
1,155172725,rs35154152,2.07e-49,THBS3
1,155279482,rs2297480,0.00068387,FDPS
1,155300097,rs35117735,0.463258,RUSC1
1,155666961,rs348196,0.00602016,DAP3
1,155815572,rs16837063,2.98e-05,GON4L
1,156085375,rs547915,5.67e-89,LMNA
1,156198994,rs2758603,1.65e-33,PMF1
1,156275281,rs7522860,4.07e-36,CCT3
1,156473114,rs12136856,1.09e-106,MEF2D
1,156650023,rs4559494,3.26e-38,NES
1,156697056,rs3795737,5.4e-33,ISG20L2
1,156713558,rs4399146,4.44e-38,HDGF
1,156965948,rs11264593,2.5e-25,ARHGEF11
1,156984942,rs716723,1.2e-06,ARHGEF11
1,157041302,rs12760229,5.1e-25,ETV3L
1,157105790,rs3737269,2.93e-06,ETV3
1,157443532,rs12132012,3.17e-06,FCRL5
1,157964856,rs6656063,8.37e-28,KIRREL
1,158975557,rs12239437,1.09e-09,IFI16
1,159116801,rs703154,8.36e-17,CADM3
1,159613986,rs4656241,2.52e-07,APCS
1,160060272,rs11265318,1.43e-06,IGSF8
1,160321180,rs2274185,2.03e-11,NCSTN
1,160394937,rs17380127,1.36e-80,VANGL2
1,161176806,rs16832694,2.52e-13,NDUFS2
1,161391583,rs4656298,1.23e-12,C1orf192
1,161937624,rs2490436,3.58e-05,ATF6
1,161955205,rs7523243,9.83e-12,OLFML2B
1,162260715,rs10800409,4.84e-12,MIR556
1,162334100,rs905720,1.55e-11,NOS1AP
1,162658773,rs6697469,2.43e-36,DDR2
1,163254402,rs1509031,8.33e-13,RGS5
1,163359633,rs12041531,8.85e-08,LOC100422212
1,163912475,rs16823121,4.41e-11,LOC100422212
1,164951148,rs3935333,1.63e-15,PBX1
1,165171677,rs17402900,1.26e-10,LMX1A
1,165226552,rs7513950,2.66e-13,LMX1A
1,165327000,rs1506954,1.09e-45,LMX1A
1,165340953,rs10800089,6.27e-05,LMX1A
1,165368123,rs17429123,6.2e-33,RXRG
1,165394882,rs466639,8.69e-20,RXRG
1,165422559,rs285428,5.34e-12,RXRG
1,165504952,rs2485408,5.59e-26,LRRC52
1,165600146,rs4147592,8.58e-39,MGST3
1,165881969,rs16852868,1.14e-09,UCK2
1,166045424,rs7524575,4e-07,FAM78B
1,166352194,rs4551573,3.65e-13,FAM78B
1,166829522,rs2272792,1.25e-14,TADA1
1,167102182,rs10918636,7.6e-10,DUSP27
1,167270716,rs1028703,1.85e-11,POU2F1
1,167341966,rs7545357,1.4e-14,POU2F1
1,167699295,rs16859491,4.59e-24,MPZL1
1,168073601,rs2294817,7.29e-28,GPR161
1,168154599,rs1320993,3.63e-14,TIPRL
1,168221225,rs12608,3.66e-33,ANKRD36BP1
1,168619016,rs6427140,2.29e-15,DPT
1,168708106,rs609629,1.27e-13,DPT
1,168922582,rs12048750,5.44e-34,LINC00970
1,169066351,rs1200120,1.42e-25,ATP1B1
1,169257750,rs10442644,0.00022545,BLZF1
1,169533266,rs6678795,3.69e-11,F5
1,170173262,rs6687139,5.32e-19,METTL11B
1,170173795,rs12027224,5.58e-19,METTL11B
1,170202563,rs2225588,0.00296846,LINC01142
1,170328559,rs10159293,7.77e-28,LINC01142
1,170452449,rs16863369,2.28e-36,GORAB
1,170616727,rs6663331,1.86e-38,PRRX1
1,170625867,rs501680,4.74e-82,PRRX1
1,170728265,rs12028481,7.69e-187,PRRX1
1,170859820,rs16863739,2.13e-30,MROH9
1,171118026,rs17565990,1.23e-30,FMO6P
1,171443368,rs4916229,3.29e-17,PRRC2C
1,171463300,rs4916388,6.9e-25,PRRC2C
1,171467731,rs12126599,2.36e-07,PRRC2C
1,171763522,rs909958,1.63e-117,METTL13
1,172010608,rs10910966,0.00339449,DNM3OS
1,172066592,rs17350579,0,DNM3OS
1,172101666,rs10489299,9.3e-16,DNM3OS
1,172122601,rs17361789,0,DNM3OS
1,172151672,rs479960,0,DNM3OS
1,172189889,rs678962,0,DNM3OS
1,172279021,rs2757500,2.84e-39,DNM3
1,172312919,rs10489286,4.77e-216,DNM3
1,172367062,rs10489284,5.95e-87,DNM3
1,172603940,rs730278,6.75e-25,SUCO
1,172691322,rs17370861,8.68e-05,FASLG
1,173767443,rs7552939,1.01e-48,CENPL
1,173892101,rs1951626,1.19e-30,SERPINC1
1,175049379,rs16847812,5.14e-16,TNN
1,175086461,rs6690229,3.54e-30,TNN
1,175162805,rs3753555,0.00033572,KIAA0040
1,175202015,rs3946168,9.38e-09,KIAA0040
1,175600179,rs1323120,3.57e-13,TNR
1,175624557,rs12046065,0.00016931,TNR
1,175676896,rs1323125,4.43e-11,TNR
1,175725926,rs1534924,1.56e-19,TNR
1,176311597,rs10913158,6.89e-81,PAPPA2
1,176350944,rs4147204,1.26e-72,PAPPA2
1,176449033,rs2050129,6.6e-79,PAPPA2
1,176517293,rs11580857,1.54e-23,PAPPA2
1,176541125,rs10753130,1.91e-21,PAPPA2
1,176593524,rs12565327,0.0537856,PAPPA2
1,176637458,rs10753133,4.42e-49,PAPPA2
1,176695533,rs10442600,3.31e-27,PAPPA2
1,176705034,rs10082009,0.00466871,PAPPA2
1,176705147,rs10913245,1.64e-24,PAPPA2
1,176774304,rs16850216,1.11e-10,PAPPA2
1,176812620,rs2294494,2.54e-212,PAPPA2
1,176816410,rs2038114,0,PAPPA2
1,176837572,rs12747720,2.34e-65,ASTN1
1,176935711,rs10798489,1.25e-70,MIR488
1,177129012,rs11577430,6.33e-15,ASTN1
1,177195050,rs760688,2.76e-07,BRINP2
1,177627501,rs16851663,2.87e-14,LOC101928778
1,177841685,rs6670873,1.75e-21,SEC16B
1,177864554,rs10798580,1.06e-32,SEC16B
1,178102720,rs7522427,2.06e-12,RASAL2-AS1
1,178520653,rs10753180,0.00017954,C1orf220
1,178813531,rs3766642,2.2e-23,ANGPTL1
1,179077613,rs17277288,8.63e-30,ABL2
1,179248766,rs409386,2.73e-50,SOAT1
1,179459676,rs6674274,1.01e-33,NPHS2
1,179927055,rs16855021,6.15e-20,CEP350
1,180126141,rs3753812,8.8e-15,QSOX1
1,180413542,rs17300579,2.36e-12,MIR3121
1,180825243,rs7516646,5.92e-25,XPR1
1,180905694,rs3795503,1.87e-149,KIAA1614
1,180962282,rs1411478,1.18e-23,STX6
1,181086687,rs7541438,1.38e-05,IER5
1,181714184,rs16858051,1.49e-11,CACNA1E
1,182074769,rs3904614,5.07e-21,ZNF648
1,182373981,rs7522149,2.81e-05,LINC00272
1,182705001,rs490285,2.11e-18,NPL
1,182884429,rs3123484,4.18e-47,SHCBP1L
1,182970837,rs4233192,2.21e-175,LAMC1
1,183346669,rs2811563,5.5e-05,NMNAT2
1,183728476,rs4132276,1.19e-55,APOBEC4
1,183792288,rs10911443,3.9e-15,RGL1
1,183876182,rs11591089,3.1e-55,RGL1
1,183934680,rs2378793,4.08e-42,COLGALT2
1,183960737,rs2378790,6.12e-77,COLGALT2
1,183991311,rs9970117,2e-131,COLGALT2
1,183995354,rs10158437,6.99e-35,COLGALT2
1,184023529,rs1046934,0,TSEN15
1,184442196,rs2207527,1.97e-18,C1orf21
1,184583294,rs16823340,0.982201,C1orf21
1,184852226,rs234659,3.35e-17,FAM129A
1,184962749,rs10911661,3.26e-05,FAM129A
1,185272483,rs1208517,6.74e-24,IVNS1ABP
1,185500360,rs4651264,1.14e-23,GS1-204I12.1
1,185855836,rs17461534,0.00666094,HMCN1
1,185958737,rs7539719,9.48e-18,MIR548F1
1,186022032,rs10911808,1.4e-37,MIR548F1
1,186089072,rs2891230,0.00021704,MIR548F1
1,186113852,rs17531405,3.13e-37,HMCN1
1,188773111,rs7537197,2.27e-10,BRINP3
1,190506603,rs814968,9.65e-20,LOC101929120
1,193210415,rs6667670,1.04e-14,CDC73
1,195487796,rs1339556,2.69e-11,KCNT2
1,197821871,rs1039287,1.72e-29,C1orf53
1,197995961,rs7551861,6.9e-08,LHX9
1,198123138,rs2359675,8.71e-67,NEK7
1,198637582,rs7556469,8.43e-08,PTPRC
1,199010721,rs1434282,6.29e-35,LINC01222
1,199255106,rs6694642,1.29e-18,LINC01222
1,199368350,rs13376060,3.71e-11,LINC01222
1,199424429,rs7518178,6.07e-11,LINC01222
1,199688536,rs1429700,1.2e-13,NR5A2
1,199842523,rs6659148,2.38e-56,NR5A2
1,199905828,rs12029406,1.32e-73,NR5A2
1,200036139,rs12069549,1.8e-15,NR5A2
1,200037727,rs10919806,1.83e-23,NR5A2
1,200038926,rs16845873,3.6e-09,NR5A2
1,200040724,rs17723631,7.65e-46,NR5A2
1,200146691,rs2246072,1.81e-96,NR5A2
1,200197538,rs12128213,5.96e-43,NR5A2
1,200672699,rs7535122,6.09e-24,LOC101929224
1,200709796,rs7517998,2.85e-16,CAMSAP2
1,200807246,rs12758336,0.00599798,CAMSAP2
1,200910015,rs12117995,8.22e-09,C1orf106
1,201016296,rs3850625,2.87e-23,CACNA1S
1,201439473,rs654072,2.41e-15,PHLDA3
1,201503732,rs2782581,1.66e-21,RPS10P7
1,201607272,rs631225,8.02e-14,NAV1
1,201690545,rs475210,4.04e-21,MIR5191
1,201712748,rs10920247,2.41e-27,MIR5191
1,201722102,rs239980,8.52e-42,RNU6-79P
1,201886648,rs2047263,0.00013979,LMOD1
1,201888672,rs2790903,3.54e-17,LMOD1
1,201934578,rs4648,1.76e-25,TIMM17A
1,201995426,rs4950760,1.22e-20,ELF3
1,202138934,rs4329564,2.93e-11,PTPRVP
1,202224520,rs12123327,1.88e-11,LGR6
1,202795831,rs10753921,1.39e-11,LOC641515
1,202888496,rs6662413,1.45e-24,KLHL12
1,203040922,rs2270541,7.99e-13,PPFIA4
1,203317708,rs12077300,1.45e-16,FMOD
1,203321095,rs4246549,2.83e-05,FMOD
1,203323636,rs1891174,6.05e-35,FMOD
1,203488344,rs13303360,6.79e-09,OPTC
1,203780591,rs10900520,4.82e-103,ZBED6
1,203945398,rs12566239,4.98e-07,LINC00303
1,204054521,rs11577055,8.13e-16,SOX13
1,204140906,rs7539596,8.72e-38,REN
1,204263809,rs11240716,1.77e-46,PLEKHA6
1,204542580,rs12039454,7.14e-60,MDM4
1,205048616,rs16855053,1.6e-16,CNTN2
1,205283843,rs12120958,3.4e-05,NUAK2
1,205404878,rs10900490,1.21e-14,BLACAT1
1,205461563,rs1041309,4.92e-21,CDK18
1,205634315,rs1123879,5.61e-35,SLC45A3
1,205719532,rs823114,2.71e-172,NUCKS1
1,205739200,rs16856287,1.46e-72,RAB29
1,206623685,rs12725078,1.04e-10,SRGAP2
1,206706239,rs6673717,7.9e-13,RASSF5
1,206871784,rs10863784,3.73e-12,MAPKAPK2
1,206911566,rs4311892,5.99e-40,MAPKAPK2
1,206944645,rs1518111,4.92e-08,IL10
1,207144619,rs12066378,3.31e-11,FCAMR
1,207246004,rs6667268,7.94e-48,PFKFB2
1,207980901,rs4844620,5.68e-36,MIR29B2
1,208285351,rs4844642,9.64e-19,PLXNA2
1,208404011,rs11586367,1.65e-24,PLXNA2
1,209888435,rs12094117,5.31e-35,HSD11B1
1,210397552,rs1473696,4.44e-46,SERTAD4-AS1
1,210459159,rs649009,3.87e-33,HHAT
1,210537625,rs3765877,3.53e-35,HHAT
1,210559048,rs17016068,2.55e-05,HHAT
1,210830320,rs4472816,1.04e-10,HHAT
1,211163039,rs6678283,1.2e-13,KCNH1
1,211433672,rs6679980,2.97e-35,RCOR3
1,211641950,rs1419090,0.0108172,RD3
1,211720374,rs12135289,1.37e-18,SLC30A1
1,211783609,rs9429875,1.92e-05,SLC30A1
1,211914587,rs3862952,3.47e-56,LPGAT1
1,212183522,rs2993533,1.24e-88,DTL
1,212274413,rs6540718,2.7e-59,DTL
1,212344323,rs11119865,2.81e-22,DTL
1,212416078,rs4951583,1.06e-94,PPP2R5A
1,212603619,rs10863966,3.36e-19,NENF
1,213040929,rs7544198,2.99e-06,FLVCR1
1,213385421,rs34868056,4.56e-16,RPS6KC1
1,213705165,rs10864049,1.19e-08,RPS6KC1
1,213942168,rs12141140,4.85e-15,LINC00538
1,213974734,rs17709142,3.95e-15,LINC00538
1,214137225,rs340853,4.4e-24,PROX1
1,214196634,rs6686424,1.91e-25,PROX1
1,214457286,rs9970083,3.74e-08,SMYD2
1,214511519,rs1048791,2.4e-14,SMYD2
1,214555604,rs10158201,5.25e-22,PTPN14
1,214608704,rs4655345,1.78e-296,PTPN14
1,214683657,rs6540846,3.17e-52,PTPN14
1,215049286,rs7547989,2.49e-28,KCNK2
1,215214716,rs12026832,3.2e-28,KCNK2
1,215246836,rs12088480,1.55e-35,KCNK2
1,215703469,rs12077184,4.92e-31,KCTD3
1,216657259,rs4240923,2.23e-11,ESRRG
1,216756440,rs11572745,1.3e-20,ESRRG
1,216840371,rs946465,1.22e-16,ESRRG
1,217073060,rs2576203,1.52e-09,ESRRG
1,217088584,rs2818747,5.98e-21,ESRRG
1,217471874,rs7518650,1.43e-23,GPATCH2
1,217595347,rs12127692,2.83e-18,GPATCH2
1,217645593,rs7522803,2.68e-40,GPATCH2
1,217688408,rs17046538,3.16e-36,GPATCH2
1,217787730,rs17666909,0.00178014,GPATCH2
1,217804955,rs10495062,7.19e-80,SPATA17
1,218039685,rs11117958,1.61e-34,SPATA17
1,218204746,rs902351,2.33e-16,LOC101929631
1,218327808,rs1948303,3.48e-06,LOC101929631
1,218476969,rs11118074,4.17e-48,RRP15
1,218516310,rs10495098,5.37e-163,LOC728463
1,218524632,rs2799097,8.84e-80,LOC728463
1,218542059,rs6662137,4.2e-127,LOC728463
1,218557609,rs4335431,5.35e-07,LOC728463
1,218596461,rs6657275,0,TGFB2
1,218607532,rs10482810,5.67e-36,TGFB2
1,218614743,rs11466412,4.54e-138,TGFB2
1,218680958,rs6604619,1.51e-75,TGFB2
1,218756720,rs17048207,0.00556768,TGFB2
1,218763810,rs28459747,2.88e-162,TGFB2
1,218847990,rs6684868,7.51e-42,TGFB2
1,218882604,rs17512052,1.27e-109,TGFB2
1,218891136,rs17048442,4.23e-33,TGFB2
1,218944148,rs2378005,3.69e-195,LOC643723
1,218970504,rs10495107,2.17e-15,LOC643723
1,219079568,rs6541146,4.89e-05,LOC643723
1,219104226,rs11118178,3.4e-82,LOC643723
1,219128928,rs608082,0.756825,LOC643723
1,219176608,rs7540160,9.15e-32,LOC643723
1,219285086,rs12024289,2.08e-33,LOC643723
1,219383192,rs6692892,3.75e-07,LYPLAL1
1,219651133,rs12022722,0.0533201,LYPLAL1
1,219748818,rs2820446,9.95e-121,RNU5F-1
1,219751221,rs17006142,3.47e-06,RNU5F-1
1,219787214,rs10746387,9.63e-191,RNU5F-1
1,219935453,rs12407628,6.35e-48,RNU5F-1
1,220319110,rs3738336,1.27e-09,IARS2
1,220613513,rs1338775,0.00030445,MARK1
1,220808921,rs10746403,2.89e-32,MARK1
1,221011317,rs17008917,1.16e-27,HLX-AS1
1,221051792,rs3806325,1.06e-61,HLX
1,221268238,rs6541171,0.0451476,HLX
1,221277508,rs12125058,7.14e-151,HLX
1,221605304,rs1031675,1.19e-28,C1orf140
1,221606691,rs10465658,8.11e-15,C1orf140
1,221656366,rs1380255,0.198067,C1orf140
1,221753645,rs9659823,7.7e-38,DUSP10
1,221977513,rs9441867,2.49e-15,DUSP10
1,222032485,rs12144971,0.854835,DUSP10
1,222161179,rs11118922,2.12e-13,DUSP10
1,222241688,rs7548749,7.58e-10,DUSP10
1,222705270,rs4846373,2.48e-08,HHIPL2
1,222790366,rs904323,9.94e-14,MIA3
1,222972022,rs17042274,3.03e-18,DISP1
1,223062694,rs17476564,3.55e-30,DISP1
1,223116472,rs2609383,5.2e-39,DISP1
1,223292632,rs1100886,3.28e-19,TLR5
1,223405374,rs851140,1.22e-08,SUSD4
1,224644885,rs10916619,3.42e-169,WDR26
1,224677645,rs7542507,5.79e-34,WDR26
1,225704287,rs12034829,7.99e-22,ENAH
1,225871527,rs12022037,1.18e-10,ENAH
1,225988818,rs10157103,3.35e-17,EPHX1
1,226187899,rs2755093,1.51e-19,SDE2
1,226305741,rs10915942,1.72e-10,ACBD3
1,226387618,rs10495244,2.3e-30,ACBD3
1,226458035,rs12133895,9.98e-44,LIN9
1,226587442,rs2793658,6.12e-07,PARP1
1,226923264,rs708775,1.22e-46,ITPKB
1,227013878,rs6426548,0.00030248,PSEN2
1,227178948,rs2989946,1.9e-12,CDC42BPA
1,227182754,rs2297419,0.0002781,CDC42BPA
1,227468945,rs10916113,1.12e-240,CDC42BPA
1,227585983,rs6670351,0.00085799,CDC42BPA
1,227743875,rs12093031,0,ZNF678
1,228043496,rs7541048,0.00115473,PRSS38
1,228045912,rs6673695,2.38e-112,PRSS38
1,228093319,rs945699,3.19e-10,WNT9A
1,228107262,rs3820623,3.68e-60,WNT9A
1,228118934,rs2796055,9.94e-80,WNT9A
1,228216997,rs708122,3.53e-71,WNT3A
1,228527290,rs4653943,9.2e-48,OBSCN
1,228660718,rs10916322,5.74e-05,MIR4666A
1,228903818,rs728370,1.35e-09,RHOU
1,229162181,rs10489545,6.78e-22,RAB4A
1,229791384,rs10495286,6.35e-17,URB2
1,229825051,rs6700582,1.34e-44,URB2
1,229981623,rs528425,1.2e-14,URB2
1,230324364,rs612577,1.38e-23,GALNT2
1,230415025,rs6698963,2.54e-22,GALNT2
1,230868063,rs10864777,5.79e-19,CAPN9
1,231082454,rs16853414,5.21e-40,TTC13
1,231355058,rs10864675,3.37e-16,TRIM67
1,231692380,rs3767752,4.68e-22,TSNAX
1,231816842,rs12042938,1.09e-08,DISC1
1,232127354,rs821654,1.2e-11,DISC1
1,232780848,rs1334407,1.41e-18,LOC101927683
1,234627959,rs271751,0.00072938,TARBP1
1,234673273,rs271764,2.99e-54,LOC100506795
1,234756418,rs3850718,7.22e-54,LINC00184
1,234848763,rs10910490,1.48e-08,LINC01132
1,234909298,rs4626924,5.58e-23,LINC01132
1,234981050,rs2796165,1.19e-07,LINC01132
1,235032114,rs41437647,1.18e-11,LINC01132
1,235263613,rs11579891,6.57e-19,TOMM20
1,235398812,rs12036412,3.34e-47,MIR4753
1,235597252,rs12405889,5.4e-30,B3GALNT2
1,236306825,rs7543562,1.26e-08,GPR137B
1,236417542,rs1749562,4.31e-08,ERO1LB
1,236787789,rs7545090,2.6e-11,HEATR1
1,237501422,rs2543037,4.16e-08,RYR2
1,239029937,rs2689143,3.35e-19,LINC01139
1,239855288,rs12028626,1.09e-11,CHRM3-AS2
1,240207152,rs10926089,2.65e-08,RPS7P5
1,240364187,rs10926165,4.03e-10,FMN2
1,240376531,rs10926168,4.34e-52,FMN2
1,240596546,rs9662989,2.3e-11,FMN2
1,240770827,rs12123578,6.75e-15,GREM2
1,240846124,rs4659996,3.03e-14,GREM2
1,240960611,rs6663051,4.39e-12,RGS7
1,241401288,rs2815834,1.37e-18,MIR3123
1,241603554,rs2994968,1.42e-12,FH
1,242613284,rs2654870,2.85e-13,PLD5
1,243428152,rs12741781,2.32e-31,SDCCAG8
1,243663893,rs14403,2.47e-52,SDCCAG8
1,243826674,rs12117580,0.00011664,SDCCAG8
1,244188642,rs1532314,3.24e-19,LOC339529
1,244229199,rs10927118,6.01e-18,ZBTB18
1,244309780,rs10927144,1.58e-16,ZBTB18
1,244377971,rs10803184,3.86e-16,C1orf100
1,244559410,rs3123701,1.22e-40,C1orf100
1,245199236,rs680507,1.32e-21,LOC101928068
1,245371586,rs6662312,2.15e-13,KIF26B
1,245826657,rs10802241,2.96e-09,KIF26B
1,246319482,rs4654092,2.57e-12,SMYD3
1,246831356,rs8344,1.52e-10,CNST
1,247462273,rs9725334,2.62e-20,ZNF496
1,247601595,rs12239046,6.55e-12,NLRP3
2,182644,rs300695,3.13e-43,SH3YL1
2,224919,rs2290911,7.82e-112,SH3YL1
2,433274,rs4854306,0.00015607,FAM150B
2,455683,rs6729656,4.41e-09,FAM150B
2,624678,rs2903492,6.78e-49,TMEM18
2,686675,rs2867117,2.67e-05,TMEM18
2,1431590,rs10519477,0.0185641,TPO
2,1550309,rs6705087,1.51e-09,TPO
2,1584345,rs28532847,1.13e-97,TPO
2,1626392,rs9752743,1.62e-18,PXDN
2,1637201,rs4240,1.03e-39,PXDN
2,1643208,rs7578605,7.4e-129,PXDN
2,1669119,rs2161971,0.0167958,PXDN
2,1696016,rs2288183,1.02e-13,PXDN
2,1748702,rs736870,1.28e-91,PXDN
2,1806879,rs13006826,1.51e-11,MYT1L
2,2345792,rs7559111,9.69e-27,MYT1L
2,3628383,rs2071639,2.02e-38,RPS7
2,4625462,rs17019452,4.62e-17,LINC01249
2,4741246,rs7585068,2.65e-21,LINC01249
2,4840214,rs7570834,5.91e-07,LINC01249
2,5407073,rs10432395,3.04e-30,LINC01248
2,5816918,rs4321341,5.3e-24,LINC01248
2,5830599,rs3922853,4.2e-34,LINC01248
2,5990888,rs1896826,1.33e-07,LINC01105
2,6421045,rs12623864,6.15e-41,LINC01247
2,6553700,rs12997617,6.16e-24,LINC01247
2,6746052,rs11675022,2.18e-05,LOC102800315
2,6857051,rs307971,8.8e-15,LINC00487
2,7150654,rs381214,1.07e-22,RNF144A
2,7763995,rs270824,5.3e-14,LOC100506274
2,7942739,rs12105768,4.58e-09,LOC101929551
2,8531037,rs4076706,1.89e-17,LINC00299
2,8653060,rs10803694,3.98e-12,LOC101929567
2,8718430,rs11904418,2.52e-16,LOC101929567
2,8786568,rs3856451,3.97e-09,LOC100506299
2,8798656,rs7606528,0.00017238,LOC100506299
2,9289601,rs907164,2.08e-18,ASAP2
2,9390586,rs11688860,0.00543312,ASAP2
2,9585200,rs10929582,1.17e-100,CPSF3
2,9640526,rs6745500,5.21e-121,ADAM17
2,9781094,rs10427360,1.12e-40,YWHAQ
2,9814481,rs6734784,1.74e-21,YWHAQ
2,9823199,rs13422487,9.66e-42,YWHAQ
2,9890804,rs4668644,3.07e-22,TAF1B
2,10196577,rs4669524,2.07e-278,CYS1
2,10336946,rs6745337,1.08e-14,MIR4261
2,10402632,rs7556858,2.34e-52,HPCAL1
2,10402763,rs7597744,1.37e-53,HPCAL1
2,10576424,rs2463463,1.71e-13,ODC1
2,10781975,rs1990613,2.14e-26,NOL10
2,10930903,rs4807,2.65e-23,ATP6V1C2
2,11319660,rs921322,2.46e-94,PQLC3
2,11779603,rs13406323,1.49e-19,GREB1
2,11932173,rs7561070,1.65e-09,LPIN1
2,12123584,rs2716629,2.08e-66,LOC100506457
2,12129329,rs6432244,3.56e-91,LOC100506457
2,12193343,rs11893707,2.23e-52,LOC100506457
2,12322109,rs12996777,1.67e-15,LOC100506457
2,12460545,rs10495598,5.77e-09,LOC100506457
2,12561211,rs4668763,4.36e-24,LOC100506457
2,12606015,rs12052996,3.96e-21,LOC100506457
2,12809411,rs10490548,8.52e-08,TRIB2
2,12864766,rs2288192,1.17e-14,TRIB2
2,12954230,rs2098824,5.69e-10,TRIB2
2,13652424,rs12998776,7.27e-07,LOC100506474
2,15036267,rs17433057,4.21e-07,LOC653602
2,15812891,rs8179514,4.61e-06,LOC101926966
2,15916026,rs12471053,5.21e-10,LOC101926966
2,16123173,rs6735681,7.86e-100,MYCN
2,16142703,rs13396055,2.28e-08,MYCN
2,16405448,rs12474170,3.65e-11,MYCN
2,16688159,rs4389335,5.92e-16,FAM49A
2,16845834,rs798368,9.19e-11,FAM49A
2,16907892,rs1722426,8.92e-12,FAM49A
2,17516720,rs12998167,0.273602,RAD51AP2
2,17973097,rs1812706,1.29e-54,GEN1
2,17993880,rs6743852,1.18e-56,MSGN1
2,18099832,rs4553827,3.65e-08,KCNS3
2,18566435,rs4832574,0.00096938,NT5C1B-RDH14
2,18586015,rs776,3.48e-84,NT5C1B-RDH14
2,18646773,rs10168276,1.11e-11,NT5C1B-RDH14
2,18691613,rs10190589,8.23e-51,NT5C1B-RDH14
2,18702074,rs7579323,9.46e-38,NT5C1B-RDH14
2,19302855,rs4233762,3.86e-08,MIR4757
2,19557591,rs5013667,2.4e-78,OSR1
2,19646185,rs11886734,5.78e-57,OSR1
2,19756008,rs1095014,4.14e-20,OSR1
2,19874912,rs17619532,4.54e-19,LINC00954
2,19948952,rs4666563,1.49e-23,LINC00954
2,20009261,rs993832,1.4e-12,LINC00954
2,20042817,rs6732272,3.65e-37,LINC00954
2,20202738,rs16987282,2.31e-104,LOC101928222
2,20202811,rs11681705,6.78e-59,LOC101928222
2,20207619,rs11694716,1.84e-24,LOC101928222
2,20262458,rs16987337,0.00216361,LAPTM4A
2,20344028,rs7601441,2.2e-05,SDC1
2,20384552,rs10856796,1.19e-27,SDC1
2,20396122,rs6749689,5.89e-138,SDC1
2,20454431,rs11686919,2.76e-13,PUM2
2,20465280,rs10182834,1.49e-62,PUM2
2,20627875,rs1010415,8.18e-10,RHOB
2,20645506,rs2602160,1.66e-13,RHOB
2,20688941,rs931257,2.35e-32,RHOB
2,20724694,rs11899825,3.46e-18,HS1BP3-IT1
2,20814715,rs6728166,4.11e-29,HS1BP3
2,20868179,rs7589372,9.34e-18,GDF7
2,20878406,rs3072,4.13e-06,C2orf43
2,20928042,rs10495709,5.3e-32,C2orf43
2,20941755,rs682961,0.00082856,C2orf43
2,21311785,rs675430,6.07e-11,APOB
2,23148411,rs1838899,6.34e-10,LOC102723362
2,23719023,rs1344751,4.09e-25,KLHL29
2,23887437,rs1991083,0,KLHL29
2,23966131,rs35214005,0.113097,ATAD2B
2,23970165,rs2551320,6.2e-90,ATAD2B
2,23973799,rs6751857,0,ATAD2B
2,24674385,rs2584937,4.18e-34,ITSN2
2,24814559,rs17046399,0.00513114,NCOA1
2,24922435,rs4578807,2.2e-177,NCOA1
2,24994570,rs9309308,0,NCOA1
2,25022598,rs1550116,6.59e-182,PTRHD1
2,25112885,rs1865687,0,ADCY3
2,25304287,rs17801121,2.88e-37,EFR3B
2,25419473,rs7566506,2.75e-16,POMC
2,25452906,rs2164411,0,DNMT3A
2,25465720,rs13002567,0,DNMT3A
2,25486770,rs12991495,0,DNMT3A
2,25496840,rs13427202,4.08e-31,DNMT3A
2,25559934,rs12995968,2.04e-120,DNMT3A
2,25565907,rs1550117,4.5e-08,DNMT3A
2,25638105,rs13013139,0.442955,DTNB
2,25905422,rs11904724,1.1e-107,DTNB
2,25962324,rs17392059,2.33e-66,ASXL2
2,26102597,rs9309437,1.56e-31,ASXL2
2,26128409,rs13339876,0.0022701,KIF3C
2,26399214,rs4665830,2.45e-22,GAREML
2,26928811,rs11126666,3.75e-24,KCNK3
2,26938182,rs1662987,0.191945,KCNK3
2,27260469,rs1124649,3.33e-27,TMEM214
2,27463323,rs7589553,3.7e-06,CAD
2,27491111,rs11682713,8.52e-61,SLC30A3
2,27730940,rs1260326,1.3e-173,GCKR
2,27802805,rs3811644,0.00092894,C2orf16
2,28320181,rs7558946,8.13e-128,MIR4263
2,28371475,rs6707039,3.44e-28,MIR4263
2,28410398,rs4493212,5.91e-12,LOC100505716
2,28469456,rs11127135,7.43e-83,LOC100505716
2,28604879,rs906805,9.61e-53,FLJ31356
2,28847553,rs11679568,7.64e-36,PLB1
2,29538411,rs4666200,1.76e-10,ALK
2,29972678,rs747148,1.81e-08,ALK
2,30494239,rs17322097,1.16e-43,LBH
2,30507449,rs11127264,2.85e-25,LBH
2,30590774,rs12714305,1.96e-20,LCLAT1
2,30776270,rs4952147,3.15e-17,LCLAT1
2,31318351,rs10490519,5.58e-12,GALNT14
2,31415077,rs10192210,6.15e-08,CAPN14
2,31464385,rs649729,2.75e-20,EHD3
2,32183611,rs7559329,2.55e-49,MEMO1
2,32267039,rs6543646,1.63e-07,DPY30
2,32751688,rs12466713,3.36e-39,MIR558
2,32913607,rs4952282,8.52e-06,MIR4765
2,33216941,rs219155,2.74e-49,LTBP1
2,33242555,rs219186,9.43e-126,LTBP1
2,33307784,rs219099,2.76e-64,LTBP1
2,33329957,rs11124305,1.25e-65,LTBP1
2,33337188,rs118208,6.12e-48,LTBP1
2,33348581,rs218197,7.38e-54,LTBP1
2,33353221,rs17397603,5.62e-161,LTBP1
2,33360126,rs1545550,1.88e-219,LTBP1
2,33365244,rs6737948,8.22e-85,LTBP1
2,33379263,rs6715793,0,LTBP1
2,33505139,rs2290427,1.17e-10,LTBP1
2,33524956,rs3754830,1.19e-88,LTBP1
2,33527299,rs41464348,9.35e-231,LTBP1
2,33567416,rs13427209,5.06e-34,LTBP1
2,33568137,rs5024713,5.09e-215,LTBP1
2,33577792,rs7557776,3.33e-38,LTBP1
2,33604048,rs6719824,0.0135748,LTBP1
2,33613324,rs13015373,4.81e-12,LTBP1
2,33626957,rs609277,0.00029439,LTBP1
2,33680762,rs1317977,1.36e-30,RASGRP3
2,33700305,rs4145831,3.58e-10,RASGRP3
2,33757785,rs11685205,6.3e-38,RASGRP3
2,33814331,rs6746691,1.72e-57,FAM98A
2,33928721,rs7588291,0.00012455,MYADML
2,34003865,rs13000536,3.08e-16,MYADML
2,34137903,rs1718718,1.98e-11,MYADML
2,35562791,rs4371344,1.55e-09,LOC100288911
2,36070033,rs4670519,1.34e-06,LOC100288911
2,36150624,rs11900940,1.83e-13,LOC100288911
2,36309662,rs305163,2.19e-07,LOC100288911
2,36588291,rs3770962,0.337268,CRIM1
2,36610325,rs17018663,7.09e-12,CRIM1
2,36618667,rs11124513,2.23e-12,CRIM1
2,36662533,rs17018786,9.72e-66,CRIM1
2,36676236,rs3770879,0.21385,CRIM1
2,36680438,rs711255,6.26e-56,CRIM1
2,36705579,rs861051,1.63e-178,CRIM1
2,36737128,rs12997487,8.95e-32,CRIM1
2,36768875,rs711245,0,CRIM1
2,36770181,rs3770817,1.49e-51,CRIM1
2,36777825,rs9295,1.93e-254,CRIM1
2,36842884,rs6544015,3.9e-74,FEZ2
2,36884839,rs6733328,1.49e-06,VIT
2,36913230,rs10865113,8.34e-19,VIT
2,36932493,rs10490666,1.02e-33,VIT
2,37387286,rs3856500,8.9e-27,EIF2AK2
2,37466846,rs12622740,0.00012845,NDUFAF7
2,37534911,rs1477055,4.01e-28,PRKD3
2,37567226,rs7593932,0.698108,QPCT
2,37629222,rs10173794,5.56e-51,QPCT
2,37710569,rs12995330,1.61e-25,QPCT
2,37843019,rs17021120,0.0148258,CDC42EP3
2,37855222,rs6729121,1.28e-34,CDC42EP3
2,37920941,rs4993338,4.17e-77,CDC42EP3
2,37925901,rs2041503,1.95e-06,CDC42EP3
2,37949251,rs1476873,5.92e-115,CDC42EP3
2,37958510,rs6725117,0.16337,CDC42EP3
2,37961426,rs10166291,4e-66,CDC42EP3
2,37986275,rs10167624,4.48e-24,LINC00211
2,37989416,rs4670771,0.00026167,LINC00211
2,37998864,rs17021261,1.47e-58,LINC00211
2,38003615,rs10495872,2.64e-35,LINC00211
2,38007984,rs1864433,4.04e-44,LINC00211
2,38008339,rs4670775,6.62e-67,LINC00211
2,38018438,rs13007266,0.0300776,LINC00211
2,38029028,rs6753042,1.61e-23,LINC00211
2,38055143,rs11124616,1.24e-26,LINC00211
2,38060583,rs1430014,9.16e-21,LINC00211
2,38115194,rs6706045,2.55e-44,LINC00211
2,38298139,rs1800440,3.84e-42,CYP1B1
2,38443883,rs4142656,4.95e-23,CYP1B1-AS1
2,38573690,rs11687138,1.26e-10,ATL2
2,38745624,rs13423976,1.5e-28,LOC101929596
2,38858669,rs10204680,7.01e-51,HNRNPLL
2,38937018,rs11674291,1.82e-15,GALM
2,39200198,rs3751,3.28e-41,ARHGEF33
2,39212637,rs1059310,5.22e-22,SOS1
2,39618666,rs4670932,3.3e-32,MAP4K3
2,40492213,rs410259,6.33e-08,SLC8A1-AS1
2,40580918,rs11690171,0.00035367,SLC8A1-AS1
2,40630678,rs10490046,1.78e-26,SLC8A1
2,40670694,rs17026039,5.75e-17,SLC8A1
2,40931058,rs6749321,1.68e-33,SLC8A1
2,40944767,rs17026537,1.37e-07,SLC8A1
2,40977604,rs17026644,0.00588675,SLC8A1
2,41647763,rs7608089,1.16e-05,LOC388942
2,41844888,rs13429156,5.48e-17,LOC388942
2,41900896,rs17660215,7.59e-29,LOC388942
2,42164215,rs4952548,2.7e-38,C2orf91
2,42226844,rs1550429,3.04e-31,C2orf91
2,42259456,rs12479347,1.62e-54,PKDCC
2,42392099,rs12612527,7.28e-137,EML4
2,42735172,rs13028484,5.16e-75,MTA3
2,43135792,rs4613335,9.51e-21,HAAO
2,43189207,rs6745258,1.07e-24,LOC102723854
2,43428651,rs4952981,3.03e-10,ZFP36L2
2,43602304,rs10495899,1.24e-96,THADA
2,43630657,rs7557989,4.78e-120,THADA
2,43928768,rs7573490,1.15e-42,LOC728819
2,43967522,rs713262,3.39e-24,PLEKHH2
2,44065090,rs6756629,3.22e-25,ABCG5
2,44081191,rs4148216,0.0064598,ABCG8
2,44328998,rs17425397,2.45e-15,PPM1B
2,44392252,rs6544744,1.59e-261,PPM1B
2,44726729,rs786411,1.17e-11,MIR548AD
2,44871874,rs13400118,1.39e-102,MIR548AD
2,44938350,rs343962,1.84e-107,CAMKMT
2,44952254,rs17390720,3.83e-132,CAMKMT
2,44962016,rs6721746,0.207209,CAMKMT
2,45052611,rs785679,0.223466,CAMKMT
2,45135885,rs340498,2.18e-13,SIX3-AS1
2,45137870,rs17032696,1.32e-08,SIX3-AS1
2,45178493,rs12712927,9.41e-22,SIX3
2,45247770,rs2921996,9.99e-16,SIX2
2,45273041,rs921120,1.71e-34,SIX2
2,45346666,rs1517024,3.81e-19,LINC01121
2,45453858,rs3851329,1.44e-24,LINC01121
2,45487466,rs7583873,1.82e-16,LINC01121
2,45498745,rs7605521,2.77e-23,LINC01121
2,45523527,rs1559475,5.82e-10,LINC01121
2,45574206,rs4245803,3.41e-24,SRBD1
2,45620055,rs3731946,4.91e-62,SRBD1
2,45854864,rs17323037,1.58e-15,SRBD1
2,45880122,rs650508,2.89e-12,PRKCE
2,45963001,rs6740453,1.81e-23,PRKCE
2,45974136,rs6716268,6.81e-38,PRKCE
2,46007655,rs6737567,4.37e-11,PRKCE
2,46010306,rs6707046,6.29e-14,PRKCE
2,46125971,rs4953288,2.66e-26,PRKCE
2,46166063,rs7578578,5.05e-47,PRKCE
2,46320002,rs3768758,5.06e-21,PRKCE
2,46451783,rs4245806,5.42e-25,PRKCE
2,46488081,rs17745066,3.59e-06,EPAS1
2,46537056,rs4952818,6.53e-21,EPAS1
2,46567276,rs4953353,0.00264086,EPAS1
2,46587097,rs7583554,5.82e-05,EPAS1
2,46660752,rs12986899,8.67e-103,LOC101805491
2,46768559,rs1868844,0.308957,RHOQ
2,46878351,rs13406427,1.44e-121,CRIPT
2,46921285,rs12474201,0,SOCS5
2,46984627,rs4953418,1.85e-41,SOCS5
2,47009746,rs11125091,6.42e-88,SOCS5
2,47030363,rs17773190,6.39e-108,LINC01118
2,47098250,rs13420349,0.854638,LINC01119
2,47256297,rs2304289,0.0001802,TTC7A
2,47283793,rs10460536,1.93e-53,TTC7A
2,47289279,rs11125114,2.86e-90,TTC7A
2,47426158,rs1693879,1.39e-41,LOC101927043
2,47563573,rs10514804,3.5e-12,LOC101927043
2,47798433,rs6725634,2.81e-06,KCNK12
2,47800603,rs3814360,2.56e-09,KCNK12
2,47845642,rs12989780,5.24e-12,KCNK12
2,47860322,rs10174584,1.81e-18,KCNK12
2,48118896,rs13430439,4.63e-37,FBXO11
2,48686310,rs4953579,6e-68,PPP1R21
2,48725407,rs7566996,2.35e-18,PPP1R21
2,48938356,rs7579411,1.09e-16,LHCGR
2,49191041,rs6165,6.19e-31,FSHR
2,49201132,rs7594937,3.51e-27,FSHR
2,49357415,rs17038315,5.97e-11,FSHR
2,50449138,rs601010,3.53e-15,NRXN1
2,50735943,rs7598402,1.24e-06,NRXN1
2,51247657,rs10490162,3.19e-08,NRXN1
2,51438320,rs2058858,2.87e-08,NRXN1
2,52787949,rs12622811,1.64e-08,ASB3
2,53731906,rs7559951,0.00017279,ASB3
2,53968774,rs918207,0.557621,CHAC2
2,54124791,rs805415,1.64e-74,PSME4
2,54494448,rs1817557,1.43e-19,TSPYL6
2,54523285,rs698756,3.09e-05,ACYP2
2,54684557,rs11898505,4.59e-18,SPTBN1
2,54863861,rs2941581,0.0127455,SPTBN1
2,54884269,rs3769332,1.78e-09,SPTBN1
2,54885370,rs17416284,8.39e-138,SPTBN1
2,55010115,rs13033894,0.689375,EML6
2,55012202,rs6713115,6.16e-11,EML6
2,55091223,rs6545450,3.73e-14,EML6
2,55516323,rs2589113,1.94e-36,CCDC88A
2,55538522,rs6746757,2.37e-10,CCDC88A
2,55538976,rs10198652,0.0915078,CCDC88A
2,55547424,rs6733567,9.52e-07,CCDC88A
2,55563364,rs6734415,1.34e-06,CCDC88A
2,55618904,rs13013113,5.44e-50,CCDC88A
2,55636351,rs4672035,3.84e-12,CCDC88A
2,55696124,rs7567744,6.47e-82,CCDC88A
2,55763160,rs17736300,2.33e-84,CCDC104
2,55945206,rs6748165,6.05e-67,PNPT1
2,55963418,rs6729407,4.07e-285,PNPT1
2,56004396,rs17369434,0,PNPT1
2,56095994,rs17278665,0,EFEMP1
2,56096892,rs3791679,0,EFEMP1
2,56108333,rs1346786,0,EFEMP1
2,56111822,rs11691472,0,EFEMP1
2,56134800,rs3791659,1.87e-26,EFEMP1
2,56149475,rs2277886,0,EFEMP1
2,56154316,rs10469935,5.24e-06,EFEMP1
2,56180136,rs11900078,0,EFEMP1
2,56190273,rs6735393,0,MIR217
2,56208159,rs11690813,5.01e-201,MIR217
2,56415771,rs7423933,0.0140345,CCDC85A
2,56446420,rs17268667,4.71e-13,CCDC85A
2,56581160,rs6735003,2.55e-41,CCDC85A
2,56712426,rs2194803,4.77e-06,CCDC85A
2,57574645,rs1403274,6.78e-08,VRK2
2,57663776,rs17048813,2.15e-05,VRK2
2,58272502,rs961522,1.19e-37,FANCL
2,58712635,rs6734356,0.445129,LINC01122
2,59036916,rs6719884,1.19e-17,LINC01122
2,59047973,rs10182324,2.43e-06,LINC01122
2,59103234,rs12996396,3.74e-12,LINC01122
2,59167557,rs2192453,1.11e-07,LINC01122
2,59419540,rs11693994,4.4e-20,LOC101927285
2,59970660,rs1442883,3.51e-10,LOC101927285
2,60157097,rs13005495,5.97e-124,MIR4432
2,60332994,rs17329195,2.88e-61,MIR4432
2,60397114,rs6712536,5.24e-14,MIR4432
2,60494345,rs4672376,1.93e-45,MIR4432
2,60641329,rs13028240,8.68e-07,MIR4432
2,60713235,rs10189857,1.53e-47,BCL11A
2,60729294,rs10184550,2.1e-43,BCL11A
2,60785937,rs12328348,2.89e-10,BCL11A
2,60837720,rs2059712,8.59e-22,BCL11A
2,60933007,rs17537750,3.62e-05,PAPOLG
2,61304271,rs1729659,3.47e-08,KIAA1841
2,61482261,rs10496091,6.13e-90,AHSA2
2,61557164,rs778160,0.00664026,SNORA70B
2,61985827,rs1186859,8.55e-19,FAM161A
2,62276773,rs6745501,5.55e-11,COMMD1
2,62523878,rs4672498,2.22e-18,B3GNT2
2,62598208,rs10167600,9.22e-05,TMEM17
2,62720684,rs6727061,7.49e-35,TMEM17
2,62927104,rs12613453,6.03e-10,EHBP1
2,63990744,rs12464279,3.6e-14,UGP2
2,64068788,rs6710763,7.07e-25,UGP2
2,64511598,rs919120,8.29e-32,LOC100507006
2,64906295,rs6546096,3.72e-13,SERTAD2
2,65010688,rs6704589,1.5e-06,LOC101927438
2,65046048,rs7582531,8.8e-22,LOC101927438
2,65084066,rs7573247,6.02e-14,LOC101927438
2,65103814,rs6546107,8.43e-19,LOC101927438
2,65221184,rs1541580,4.91e-21,SLC1A4
2,65231245,rs11891502,0.00149474,SLC1A4
2,65255099,rs2540970,3.61e-18,SLC1A4
2,65265995,rs7601712,2.28e-11,SLC1A4
2,65546879,rs10170788,0.00011134,SPRED2
2,65561392,rs4671658,8.08e-61,SPRED2
2,65758525,rs3845817,2.54e-109,SPRED2
2,65883314,rs7574634,9.12e-15,SPRED2
2,65943823,rs12614005,9.71e-65,SPRED2
2,66094705,rs976394,2.96e-85,SPRED2
2,66102554,rs12052226,0.00509259,SPRED2
2,66243043,rs17031330,1.86e-21,MIR4778
2,66400889,rs13384003,4.23e-47,MIR4778
2,66602521,rs10182624,9.53e-07,MIR4778
2,66764308,rs12469063,5.5e-32,MEIS1
2,67121629,rs17633037,2.19e-14,LOC101060019
2,67127907,rs12713587,8.17e-14,LOC101060019
2,67416189,rs12473913,5.05e-15,LOC101927661
2,67496436,rs2062203,0.00352773,LOC102800447
2,67623081,rs2902005,8.5e-27,ETAA1
2,67858049,rs11904581,5.65e-18,LOC101927701
2,68030319,rs11126157,5.89e-20,LOC101927701
2,68081495,rs905494,2.41e-20,LOC101927701
2,68101034,rs6757961,7.01e-44,LOC101927701
2,68359897,rs4078978,5.36e-102,WDR92
2,68434157,rs6733029,5.02e-140,PPP3R1
2,68492786,rs13019043,1.14e-106,PPP3R1
2,68501187,rs41359251,8.79e-13,CNRIP1
2,68631888,rs6753957,0.00119918,PLEK
2,68880436,rs4627609,1.12e-25,PROKR1
2,69013007,rs11677065,1.18e-12,ARHGAP25
2,69305747,rs4854538,1.02e-56,MIR3126
2,69321787,rs10203421,1.43e-08,MIR3126
2,69330284,rs4241349,8.53e-151,MIR3126
2,69355871,rs13419507,7.37e-93,MIR3126
2,69444241,rs4353686,2.06e-32,ANTXR1
2,69723710,rs7577851,3.59e-70,SNORA36C
2,69813458,rs12987661,0.0160907,AAK1
2,69867871,rs3899666,2.46e-28,AAK1
2,70063773,rs4853040,0.231609,GMCL1
2,70084977,rs921711,1.63e-36,GMCL1
2,70168022,rs4853173,4.45e-22,MXD1
2,70303218,rs2861357,1.47e-35,PCBP1-AS1
2,70408938,rs3821274,8e-14,C2orf42
2,70537173,rs6758199,2.17e-13,FAM136A
2,70690134,rs6729950,0.0272746,TGFA-IT1
2,70869473,rs6733938,1.18e-15,ADD2
2,71029020,rs6546640,0.0076303,CLEC4F
2,71145643,rs3771391,2.2e-07,VAX2
2,71203077,rs2058552,1.39e-39,ANKRD53
2,71516191,rs6725892,0,ZNF638
2,71560665,rs3771381,6.15e-105,ZNF638
2,71612681,rs7580557,4.07e-103,ZNF638
2,71715446,rs4470367,1.77e-37,DYSF
2,71750507,rs6739650,4.38e-32,DYSF
2,71780215,rs2303596,1.6e-112,DYSF
2,71821847,rs17616999,3.05e-07,DYSF
2,71830689,rs1529409,3.1e-46,DYSF
2,71842536,rs1863810,4.38e-43,DYSF
2,71893993,rs11894210,1.39e-09,DYSF
2,71920075,rs2900975,0.123827,DYSF
2,71929775,rs750355,6.17e-20,DYSF
2,71958480,rs2900976,2.88e-73,DYSF
2,71980454,rs1427688,1.57e-12,DYSF
2,72088761,rs11687017,1.6e-41,DYSF
2,72169353,rs7588891,5.83e-14,CYP26B1
2,72311295,rs4852850,4.11e-48,CYP26B1
2,72336974,rs7575536,7.74e-67,CYP26B1
2,72361960,rs2241057,2.41e-37,CYP26B1
2,72482572,rs6709233,1.13e-17,EXOC6B
2,72943047,rs11891034,7.87e-16,EXOC6B
2,73063726,rs4852895,3.27e-72,EXOC6B
2,73455600,rs11559241,0.00063793,PRADC1
2,73521166,rs6718289,4.29e-17,EGR4
2,73638098,rs10496189,4.8e-05,ALMS1
2,73843571,rs4346412,1.01e-25,ALMS1
2,74128433,rs1050146,1.21e-25,ACTG2
2,74167343,rs2694701,4.2e-22,DGUOK
2,74195551,rs11126423,9.9e-21,DGUOK
2,74202422,rs7569066,1.81e-17,DGUOK-AS1
2,74220035,rs17009553,9.51e-68,TET3
2,74316414,rs7593050,6.17e-61,TET3
2,74374641,rs828884,1.86e-37,BOLA3
2,74596527,rs17721059,1.09e-06,DCTN1
2,74685443,rs34174194,6.41e-06,WBP1
2,74755778,rs10779958,1.83e-87,HTRA2
2,75419714,rs3771863,1.41e-08,TACR1
2,75907351,rs6722682,3.37e-11,GCFC2
2,79482643,rs934515,2.25e-12,REG3A
2,79697982,rs445551,5.28e-12,LOC101927987
2,84554692,rs11126959,3.85e-09,FUNDC2P2
2,85335014,rs10208954,3.63e-31,TCF7L1
2,85427109,rs6722568,6.37e-26,TCF7L1
2,85818886,rs14976,1.39e-126,VAMP5
2,85976645,rs1465823,2.38e-13,ATOH8
2,85995648,rs4832198,9.59e-31,ATOH8
2,86125299,rs2438307,1.66e-20,LOC101928113
2,86451144,rs7419344,8.11e-12,REEP1
2,86759498,rs11127045,2.61e-52,CHMP3
2,87003846,rs11547281,7.44e-29,RMND5A
2,88849142,rs6740205,4.24e-38,EIF2AK3
2,88856111,rs13018171,1.81e-193,EIF2AK3
2,88874891,rs1805165,0,LOC101928371
2,95858319,rs35391246,7.87e-80,ZNF2
2,96858914,rs997548,0.00138742,STARD7
2,97333492,rs13014679,5.56e-59,FER1L5
2,97410949,rs6746896,2.66e-45,LMAN2L
2,98261636,rs2071038,1.16e-08,COX5B
2,98449182,rs17424787,2.23e-13,TMEM131
2,98821102,rs6743279,1.73e-29,VWA3B
2,99172244,rs2278206,3.4e-39,INPP4A
2,99339122,rs4851150,4.93e-08,MGAT4A
2,99611768,rs13396584,6.62e-39,TSGA10
2,99839539,rs6746969,7.55e-06,LYG2
2,100775045,rs4851256,2.72e-57,AFF3
2,100842638,rs13026283,1.69e-05,LINC01104
2,100900379,rs3748928,2.04e-18,LONRF2
2,101291137,rs4851365,2.19e-32,PDCL3
2,101408323,rs6740234,1.6e-15,NPAS2
2,101699594,rs2309938,4.48e-26,RPL31
2,102403171,rs4616501,3.67e-41,MAP4K4
2,102445645,rs17026163,9.15e-11,MAP4K4
2,103042712,rs3755266,4.39e-27,MIR4772
2,103168977,rs10193009,1.52e-71,SLC9A4
2,103334969,rs1052431,8.02e-12,MFSD9
2,104361420,rs9308868,1.35e-11,LOC100287010
2,104935248,rs13389563,5.45e-32,LOC100287010
2,105139339,rs11123995,6.33e-109,LINC01102
2,105197447,rs12479172,1.11e-09,LINC01102
2,105278158,rs6743006,2.55e-26,LINC01114
2,105500046,rs7579394,1.31e-46,LINC01159
2,105797265,rs6710490,1.26e-05,GPR45
2,105864826,rs6758290,2.54e-06,GPR45
2,105989716,rs6738207,1.39e-82,FHL2
2,106390440,rs6736701,2.67e-11,NCK2
2,106576012,rs4851887,4.63e-28,NCK2
2,106682622,rs4420718,5.8e-16,C2orf40
2,106700313,rs1901460,8.57e-66,C2orf40
2,106754692,rs3795907,3.45e-08,UXS1
2,107523541,rs1404143,7.39e-14,ST6GAL2
2,107921929,rs7597997,1.25e-19,ST6GAL2
2,108603967,rs333236,1.28e-28,SLC5A7
2,109055717,rs10203795,4.41e-70,GCC2
2,109582711,rs260693,0.0144507,EDAR
2,109759696,rs3749060,2.5e-65,MIR4265
2,109817854,rs11123731,4.88e-23,MIR4265
2,109941554,rs11123741,5.7e-30,MIR4266
2,110274179,rs11692886,2.52e-09,SH3RF3
2,111656866,rs2341897,1.37e-44,ACOXL
2,111909247,rs3789068,5.75e-59,BCL2L11
2,112397339,rs13015548,4.51e-11,ANAPC1
2,112467132,rs7559932,3.02e-26,ANAPC1
2,113013979,rs11691431,7.06e-18,ZC3H8
2,113945334,rs3791336,1.35e-19,PSD4
2,114010791,rs4848320,1.78e-39,PAX8-AS1
2,114493260,rs12624301,1.52e-27,MIR4782
2,114500473,rs3748905,3.66e-16,SLC35F5
2,114599209,rs4571059,5.78e-38,LOC101060091
2,116298589,rs10210316,4.27e-09,DPP10
2,116548326,rs1374268,2.55e-07,DPP10
2,118274002,rs4849561,6.88e-08,DDX18
2,119034265,rs4849690,1.45e-28,INSIG2
2,119068932,rs12473187,1.19e-23,INSIG2
2,119320083,rs2118379,1.12e-33,LOC101927709
2,119514587,rs332675,7.12e-22,EN1
2,120220598,rs2579645,2.44e-15,SCTR
2,120669889,rs3111728,6.62e-36,PTPN4
2,120848049,rs28930677,1.88e-18,EPB41L5
2,121145352,rs10177102,1.56e-06,INHBB
2,121283724,rs4848607,2.36e-08,LINC01101
2,121310269,rs6706968,2.43e-47,LINC01101
2,121371877,rs11886111,9.57e-21,LINC01101
2,121403666,rs7584867,0.00277684,GLI2
2,121526871,rs4848115,3.97e-50,GLI2
2,121575818,rs7582470,2.67e-39,GLI2
2,121579245,rs4848637,0.00109555,GLI2
2,121582057,rs3943552,3.38e-153,GLI2
2,121600201,rs13387130,1.35e-217,GLI2
2,121612659,rs2166898,1.94e-286,GLI2
2,121620828,rs4143116,0.166668,GLI2
2,121632454,rs277552,6.44e-145,GLI2
2,121753619,rs4848140,3.63e-26,GLI2
2,122082584,rs2580353,1.12e-22,CLASP1
2,122124926,rs3816187,1.48e-07,CLASP1
2,122704803,rs41453544,3.99e-13,TSN
2,126461407,rs4444536,1.99e-11,CNTNAP5
2,127541459,rs4608470,3.07e-13,GYPC
2,128164177,rs7599210,3.86e-41,PROC
2,128754197,rs11676142,0.00201161,SAP130
2,128854625,rs10803593,2.93e-70,UGGT1
2,129051064,rs6431009,1.35e-50,HS6ST1
2,129116922,rs750785,2.08e-10,HS6ST1
2,129894466,rs1401629,8.91e-10,LOC101927881
2,131089135,rs6708453,7.46e-09,CCDC115
2,134009296,rs13413333,3.24e-17,LOC101928161
2,134253643,rs1897429,9.87e-08,MIR7853
2,134354099,rs1432282,4.63e-12,NCKAP5
2,134464838,rs6716309,5.78e-127,NCKAP5
2,134496047,rs1867894,5.71e-93,NCKAP5
2,134599974,rs6715250,0.401905,NCKAP5
2,135212819,rs544050,1.15e-18,TMEM163
2,136001215,rs11891774,1.34e-172,ZRANB3
2,136984041,rs4398317,1.46e-23,CXCR4
2,137493598,rs12476718,0.00025526,THSD7B
2,141572583,rs6749275,1.01e-13,LRP1B
2,142274806,rs6748629,2.99e-19,LRP1B
2,142672374,rs4662566,4.8e-09,LRP1B
2,143117883,rs16857132,2.54e-09,LRP1B
2,144230546,rs6735455,0.00185406,ARHGAP15
2,144308396,rs6731747,3.36e-13,ARHGAP15
2,144484493,rs10189240,1.68e-19,ARHGAP15
2,145228701,rs6430059,1.54e-40,ZEB2-AS1
2,145326099,rs17741296,1.97e-20,LOC101928455
2,145695907,rs1371044,1.11e-34,TEX41
2,145925068,rs2044369,1.14e-17,TEX41
2,146225509,rs2035538,5.49e-23,TEX41
2,146412140,rs17411140,1.48e-17,TEX41
2,146912163,rs4662457,2.16e-13,PABPC1P2
2,147843645,rs373970,2.45e-14,PABPC1P2
2,148468530,rs1950048,8.15e-18,ACVR2A
2,148687731,rs17692648,5.75e-58,ORC4
2,149487344,rs4972294,7.22e-32,EPC2
2,151250458,rs11684751,2.62e-07,RND3
2,151345113,rs2222760,4.48e-21,RND3
2,151782003,rs6433060,6.18e-09,LOC101929282
2,152429679,rs4461258,2.65e-25,NEB
2,153211868,rs10497100,2.26e-14,FMNL2
2,153573528,rs4664605,5.21e-49,PRPF40A
2,154199490,rs10192439,9.65e-11,RPRM
2,154990278,rs1364537,4.17e-14,GALNT13
2,155248550,rs707050,2.65e-06,LOC100144595
2,156140001,rs11683995,3.31e-09,KCNJ3
2,156508589,rs2048932,2.94e-08,AC093375.1
2,156677447,rs34747884,1.2e-31,AC093375.1
2,156730821,rs11898359,8.06e-37,AC093375.1
2,156752459,rs17236969,2.75e-39,AC093375.1
2,157126964,rs4369815,2.27e-43,AC093375.1
2,157130406,rs835295,0.00150545,AC093375.1
2,157182629,rs7562656,1.41e-09,NR4A2
2,157216692,rs10166471,4.97e-43,NR4A2
2,157456236,rs7561693,1.2e-20,GPD2
2,157708966,rs6757549,1.16e-14,GPD2
2,158113350,rs10203488,2.92e-37,GALNT5
2,158466273,rs1902032,4.12e-13,ACVR1C
2,158636341,rs3820742,5.18e-10,ACVR1
2,159227198,rs6437170,6.17e-16,CCDC148
2,159809088,rs11891121,5.13e-30,TANC1
2,160018820,rs17493909,5.96e-10,MIR6888
2,160662058,rs2042772,2.89e-55,LY75
2,160701224,rs1469350,1.28e-31,LY75
2,160802644,rs1511223,2.33e-50,PLA2R1
2,161060315,rs2925754,1.14e-32,ITGB6
2,161203395,rs7425274,1.36e-88,MIR4785
2,161459908,rs4508611,1.66e-16,RBMS1
2,162872492,rs2268890,5.22e-09,DPP4
2,162936987,rs7593348,8.57e-16,DPP4
2,163124051,rs1990760,7.04e-14,IFIH1
2,164318175,rs4145983,1.02e-08,FIGN
2,164447403,rs10185395,6.63e-33,FIGN
2,164514239,rs970953,9.97e-43,FIGN
2,164637410,rs1551728,3.35e-13,FIGN
2,165078704,rs13027527,9.93e-18,GRB14
2,165466449,rs11895467,2.23e-16,GRB14
2,166278498,rs599942,2.37e-18,SCN2A
2,166916033,rs4667866,5.64e-13,LOC101929680
2,167643961,rs6723885,3.79e-16,XIRP2
2,168986154,rs925846,8.33e-25,STK39
2,169143035,rs9917256,6.54e-24,STK39
2,169211068,rs7600019,1.33e-10,CERS6
2,169642621,rs16855872,3.02e-41,CERS6-AS1
2,169669708,rs551037,9.46e-28,NOSTRIN
2,169707552,rs488621,3.88e-296,NOSTRIN
2,169721944,rs7588452,9.9e-122,NOSTRIN
2,169830328,rs2287622,0.00109335,ABCB11
2,170214513,rs16856843,4.38e-12,LRP2
2,170493863,rs8207,1.73e-18,PPIG
2,170636642,rs11894266,1.89e-18,SSB
2,171091432,rs7588868,5.9e-12,MYO3B
2,171586774,rs2356232,6.5e-21,SP5
2,171663021,rs2883888,5.75e-66,ERICH2
2,171907571,rs2676131,5.41e-238,TLK1
2,172098069,rs17283817,1.29e-12,TLK1
2,172181222,rs13000846,4.34e-212,METTL8
2,172242130,rs16859373,1.66e-12,DCAF17
2,172411273,rs10455,0.0215721,CYBRD1
2,172412907,rs3821083,1.37e-183,CYBRD1
2,172428729,rs2356791,1.1e-08,CYBRD1
2,172600310,rs3796000,2.65e-11,DYNC1I2
2,172650382,rs6745143,2.05e-87,SLC25A12
2,173319388,rs11901314,5.03e-17,ITGA6
2,173488679,rs13401945,6.08e-11,PDK1
2,173504674,rs836624,8.27e-12,PDK1
2,173849809,rs2602216,8.3e-12,RAPGEF4
2,174254430,rs6717268,2.47e-12,CDCA7
2,174748572,rs2048666,1.56e-50,SP3
2,174808899,rs4325816,5.57e-102,SP3
2,174868755,rs17308476,3.04e-50,SP3
2,174874454,rs2028889,4.59e-05,SP3
2,174909182,rs17309392,2.68e-15,OLA1
2,175200127,rs1868600,8.54e-11,SP9
2,175434355,rs11687799,2.35e-12,WIPF1
2,175716383,rs7584204,6.01e-13,CHN1
2,176046415,rs268228,3.05e-14,ATP5G3
2,176871243,rs6706026,0.00040116,KIAA1715
2,176964904,rs847151,1.74e-49,HOXD12
2,177037311,rs711830,7.86e-42,HOXD3
2,177351121,rs6433594,2.45e-09,MIR1246
2,177370519,rs7568419,3.84e-16,MIR1246
2,177431204,rs16864035,1.08e-19,MIR1246
2,177556469,rs17786781,6.25e-08,LOC102724224
2,177934993,rs1529089,3.87e-36,HNRNPA3
2,178193523,rs10930784,4.12e-32,MIR6512
2,178565913,rs17400325,8e-243,PDE11A
2,178698963,rs13021998,6.99e-95,PDE11A
2,178768683,rs17401468,3.73e-34,PDE11A
2,179074676,rs2366157,3.64e-71,OSBPL6
2,179121043,rs7564722,2.26e-16,OSBPL6
2,179343912,rs2288323,1.26e-53,FKBP7
2,179361205,rs3769866,0.00011833,PLEKHA3
2,179400895,rs2278196,8.08e-13,TTN
2,179432185,rs12463674,2.26e-77,TTN
2,179633298,rs4471922,2.43e-26,TTN
2,179757013,rs12693173,0.00047091,CCDC141
2,179787662,rs7562041,0.0370661,CCDC141
2,180292349,rs995012,2.47e-08,ZNF385B
2,180524996,rs3112932,1.75e-20,MIR1258
2,180864967,rs10497555,3.24e-09,CWC22
2,181522783,rs6727573,3.01e-12,SCHLAP1
2,181770128,rs4666957,0.0935539,SCHLAP1
2,181946115,rs10184839,6.18e-39,UBE2E3
2,182257369,rs11690881,0.524047,ITGA4
2,182584021,rs11904490,9.75e-13,NEUROD1
2,182743246,rs7592216,9.77e-13,SSFA2
2,182968268,rs1400008,1.99e-17,PPP1R1C
2,183233310,rs2164861,1.38e-60,PDE1A
2,183380753,rs2887208,1.98e-18,PDE1A
2,183692791,rs16823787,7.33e-45,FRZB
2,183702964,rs1561369,4.69e-120,FRZB
2,185195951,rs10439305,1.3e-14,ZNF804A
2,185339475,rs7608388,8.27e-41,ZNF804A
2,187410817,rs6717629,4.93e-33,ZC3H15
2,187522750,rs13006483,7.3e-32,ITGAV
2,187942514,rs12693461,2.19e-34,ZSWIM2
2,188165166,rs17705966,1.29e-19,CALCRL
2,189631806,rs17760364,1.59e-09,DIRC1
2,189855943,rs3736487,2.55e-27,MIR3606
2,190004843,rs17270952,1.8e-14,MIR3129
2,190430177,rs2304704,3.12e-14,SLC40A1
2,190505766,rs6756913,1.31e-18,ASNSD1
2,191227755,rs972691,2.4e-19,INPP1
2,191235610,rs7592352,1.37e-33,INPP1
2,191412889,rs10169169,3.98e-25,TMEM194B
2,191604422,rs2356121,2.85e-108,NAB1
2,191795546,rs6434429,1.5e-07,GLS
2,191838204,rs6718902,1.86e-165,STAT1
2,191871287,rs908598,3.18e-09,STAT1
2,192496439,rs4293518,2.18e-13,NABP1
2,194413571,rs2884285,8.67e-13,PCGEM1
2,196043589,rs16837882,7.59e-08,LOC101927431
2,196326146,rs12693770,7.01e-19,SLC39A10
2,196912067,rs4850381,4.86e-10,DNAH7
2,197909966,rs1599887,1.36e-14,ANKRD44
2,198093346,rs16863455,9.39e-36,ANKRD44-IT1
2,198166825,rs10931779,2.01e-13,ANKRD44-IT1
2,199249128,rs1019061,1.3e-97,LOC101927619
2,199568260,rs1996464,5e-31,LOC101927619
2,199622708,rs1533535,2.1e-79,LOC101927619
2,199723740,rs1914615,2.78e-99,SATB2
2,199772591,rs1456520,7.53e-44,SATB2
2,199861714,rs1456529,0.090283,SATB2
2,200150750,rs6745135,2.64e-75,SATB2
2,200200185,rs17197938,1.07e-82,SATB2
2,200388714,rs11692301,9.81e-53,SATB2-AS1
2,200611171,rs4672552,2.58e-16,FTCDNL1
2,200989616,rs11690371,1.16e-30,C2orf47
2,201104924,rs10804097,0.0001067,SPATS2L
2,201588986,rs4672912,6.28e-16,LOC100507140
2,201766236,rs10497855,2.01e-30,NIF3L1
2,202093395,rs12693932,4.55e-05,CASP10
2,202949672,rs1521883,6.31e-49,LOC100652824
2,203315612,rs6747756,4.97e-119,BMPR2
2,204070487,rs12477069,0.00833116,NBEAL1
2,204436759,rs7557216,5e-22,RAPH1
2,205188855,rs10172481,1.32e-09,PARD3B
2,205337400,rs921163,8.15e-10,PARD3B
2,205535918,rs1019357,7.96e-09,PARD3B
2,205969220,rs2289025,5.16e-21,PARD3B
2,206988573,rs1044120,1.44e-08,NDUFS1
2,207058820,rs17288678,3.64e-17,GPR1-AS
2,207107801,rs6744145,7.36e-07,GPR1-AS
2,207311915,rs1448905,1.6e-11,ADAM23
2,208369213,rs13010104,0.0299153,CREB1
2,208465778,rs2551928,5.44e-14,CREB1
2,208566316,rs4673374,7.58e-19,CCNYL1
2,208686410,rs12619380,6.46e-61,PLEKHM3
2,208765698,rs2621469,1.29e-21,PLEKHM3
2,208874208,rs10497891,1.49e-15,PLEKHM3
2,209419273,rs9288395,1.4e-10,PTH2R
2,209622211,rs1356379,5.61e-19,PTH2R
2,209723047,rs4260181,2.34e-19,PTH2R
2,210286762,rs11678209,2.22e-08,MAP2
2,210880893,rs7570090,3.23e-94,KANSL1L
2,210953067,rs2041654,3.45e-11,LOC101928020
2,211023809,rs6749141,1.12e-18,KANSL1L
2,211540507,rs1047891,3.54e-40,CPS1
2,211569685,rs7574001,2.1e-21,CPS1
2,212929113,rs10197270,1.1e-16,MIR548F2
2,213325706,rs13389790,1.98e-44,MIR548F2
2,213879274,rs1384397,5.78e-38,IKZF2
2,214115898,rs10181294,8.86e-17,LOC100130451
2,215108807,rs17766460,1.9e-06,SPAG16
2,215641655,rs6749828,1.77e-08,BARD1
2,216037892,rs16825153,2.58e-38,ABCA12
2,216300185,rs1250258,2.81e-107,FN1
2,216312938,rs6753702,2.62e-33,LOC102724849
2,216403098,rs10932618,8.21e-64,LINC00607
2,216432606,rs2372573,8.39e-46,LINC00607
2,216491708,rs1898730,1.39e-49,LINC00607
2,216593518,rs669256,4.44e-91,LINC00607
2,216772767,rs11685117,1.24e-23,MREG
2,216779025,rs11893142,1.51e-09,MREG
2,216943032,rs7587968,3.06e-25,PECR
2,217103149,rs207840,8.25e-12,PKI55
2,217158741,rs6721609,0.00014928,2004-03-01 00:00:00
2,217416862,rs16856373,2.15e-10,LINC01280
2,217428582,rs9917209,7.56e-18,LINC01280
2,217437917,rs6753018,3.63e-21,LINC01280
2,217484229,rs17496232,1.5e-55,LINC01280
2,217487622,rs4674101,2.03e-32,IGFBP2
2,217555824,rs11575134,1.63e-24,IGFBP5
2,217576692,rs17773051,2.11e-10,IGFBP5
2,217584933,rs759546,8.04e-47,IGFBP5
2,217627150,rs10932677,2.65e-09,IGFBP5
2,217641749,rs2712168,1.75e-09,IGFBP5
2,217720468,rs10178069,5.81e-87,TNP1
2,217728717,rs1179732,4.31e-58,TNP1
2,217867685,rs6713022,2.63e-07,TNP1
2,217890643,rs6716542,4.57e-82,TNP1
2,217894024,rs17833945,0.00095152,TNP1
2,217954247,rs12694406,4.71e-18,DIRC3
2,218033277,rs1864440,0.0431477,DIRC3
2,218063837,rs17599910,0.00020446,DIRC3
2,218134109,rs12470054,8.44e-76,DIRC3
2,218146080,rs17181956,1.72e-81,DIRC3
2,218171660,rs13425869,1.29e-11,DIRC3
2,218284524,rs1478576,8.39e-297,DIRC3
2,218391463,rs750365,1.48e-118,DIRC3
2,218396778,rs6435985,7.14e-45,DIRC3
2,218458029,rs11686077,1.18e-05,DIRC3
2,218482187,rs2568187,3.39e-21,DIRC3
2,218506653,rs2052929,8.94e-20,DIRC3
2,218537099,rs1430122,4.12e-151,DIRC3
2,218563466,rs934241,1.19e-09,DIRC3
2,218583945,rs7562385,3.35e-193,DIRC3
2,218688596,rs2552527,4.25e-26,TNS1
2,218708214,rs4643515,3.51e-06,TNS1
2,218862241,rs1001098,4.79e-15,RUFY4
2,219154781,rs992157,4.13e-231,TMBIM1
2,219492924,rs612874,0,PLCD4
2,219544388,rs1863703,2.83e-69,RNF25
2,219703298,rs730947,3.05e-37,PRKAG3
2,219863656,rs371825,2.12e-15,MIR375
2,219878756,rs9967806,7.76e-05,LOC100129175
2,219890015,rs6727028,4.08e-18,LOC100129175
2,219906367,rs16859497,1.26e-28,CCDC108
2,219907699,rs6741325,0,CCDC108
2,219930191,rs359974,1.2e-59,IHH
2,219938004,rs10172691,9.35e-37,NHEJ1
2,219949184,rs16859517,9.7e-308,NHEJ1
2,220083279,rs1109866,3.05e-13,ABCB6
2,220115026,rs11556349,0.705096,STK16
2,220156474,rs4674373,1.79e-84,PTPRN
2,220160230,rs4674374,1.89e-14,MIR153-1
2,220172576,rs7591986,2.85e-275,PTPRN
2,220222352,rs7600361,1.26e-22,DNPEP
2,220434045,rs3731920,2.89e-19,OBSL1
2,220509655,rs35155682,0.0001431,SLC4A3
2,221065795,rs6436191,6.63e-16,MIR4268
2,221327084,rs4444513,7.72e-12,MIR4268
2,221529878,rs11896343,4.1e-56,EPHA4
2,222063830,rs12469320,1.24e-09,EPHA4
2,222156270,rs4672997,1.43e-16,EPHA4
2,222213043,rs6737417,8.83e-06,EPHA4
2,222312339,rs3770186,7.8e-43,EPHA4
2,222312402,rs962430,0.0006462,EPHA4
2,222749401,rs4674620,2.62e-22,EPHA4
2,222801699,rs824931,3.71e-31,PAX3
2,223090779,rs1013262,1.61e-17,PAX3
2,223177624,rs1864556,8.93e-13,CCDC140
2,223621511,rs870998,2.05e-15,MOGAT1
2,223674322,rs6436346,6.24e-19,ACSL3
2,223778673,rs10195273,0.00187642,ACSL3
2,223875639,rs11693836,8.08e-52,KCNE4
2,223982434,rs1448318,2.45e-68,KCNE4
2,224021439,rs17189473,8.17e-32,KCNE4
2,224038175,rs10172933,3.34e-36,KCNE4
2,224696951,rs12694622,1.5e-12,AP1S3
2,224866576,rs12436,2.15e-123,SERPINE2
2,224872383,rs7584056,3.3e-34,SERPINE2
2,224893429,rs6719480,6.91e-71,SERPINE2
2,224925311,rs16865523,2.22e-06,SERPINE2
2,224925417,rs4673085,5.77e-24,SERPINE2
2,225029291,rs13004289,2.03e-266,SERPINE2
2,225080172,rs13402798,9.97e-32,FAM124B
2,225088153,rs6732868,7.78e-135,FAM124B
2,225303022,rs11674099,2.65e-28,CUL3
2,225386080,rs16866027,3.23e-08,CUL3
2,225390089,rs3912999,1.87e-44,CUL3
2,225727663,rs6436515,1.25e-08,DOCK10
2,226273689,rs2048936,1.53e-06,NYAP2
2,226807953,rs6732525,5.75e-20,MIR548AR
2,227020399,rs13404263,3.56e-08,LOC646736
2,227092150,rs2972149,1.59e-11,LOC646736
2,227210782,rs16866983,2.88e-13,LOC646736
2,227274762,rs2396351,1.03e-21,LOC646736
2,227291415,rs11686139,2.15e-129,MIR5702
2,227376088,rs7581080,4.78e-59,MIR5702
2,227482413,rs1273819,3.75e-33,MIR5702
2,227510332,rs2709425,4.47e-20,MIR5702
2,227647783,rs16822638,1.61e-48,IRS1
2,227860671,rs10933164,6.54e-52,RHBDD1
2,228373615,rs12466158,1.17e-27,MIR5703
2,228577809,rs7585481,7.42e-09,SLC19A3
2,230000574,rs12329005,1.22e-10,PID1
2,230021166,rs2396615,2.12e-19,PID1
2,230106220,rs17321741,3.04e-30,PID1
2,230122385,rs1227005,1.17e-39,PID1
2,230571420,rs6761377,1.54e-23,DNER
2,231279616,rs3754944,3.89e-10,SP100
2,231672572,rs3792069,2.83e-14,CAB39
2,231733703,rs3111754,5.37e-14,ITM2C
2,231761534,rs1004215,1.12e-16,LOC151484
2,232268312,rs6733349,1.2e-94,B3GNT7
2,232276482,rs11890076,0.00034333,B3GNT7
2,232286789,rs16828053,1.31e-05,B3GNT7
2,232331734,rs4973410,0,NCL
2,232481218,rs1865375,1.52e-22,C2orf57
2,232495138,rs6437030,0.00292258,C2orf57
2,232560984,rs10166046,2.01e-14,PTMA
2,232598197,rs838423,0.147192,PDE6D
2,232779223,rs2679184,0,NPPC
2,232788325,rs3107179,0,NPPC
2,232797966,rs2580816,0,NPPC
2,232812422,rs6725657,1.32e-45,DIS3L2
2,232822838,rs11690688,0,DIS3L2
2,232823235,rs7596813,9.4e-15,DIS3L2
2,232920430,rs3116240,6.73e-167,DIS3L2
2,232981427,rs13412942,9.68e-10,DIS3L2
2,232989831,rs3116168,0,DIS3L2
2,233029165,rs17199879,0,DIS3L2
2,233056621,rs10498260,6.17e-05,DIS3L2
2,233094365,rs6437055,0,DIS3L2
2,233103447,rs3748885,1.15e-13,DIS3L2
2,233201328,rs3811578,1.73e-252,DIS3L2
2,233242964,rs2014683,0.303798,ALPP
2,233331634,rs2678485,0.0623526,ALPI
2,233418920,rs1190449,3.84e-160,EIF4E2
2,233520254,rs13395911,9.45e-44,EFHD1
2,233656627,rs283471,3e-151,KCNJ13
2,233792109,rs2675960,2.74e-81,NGEF
2,233825947,rs11678851,0.00037413,NGEF
2,233864627,rs12471240,5.48e-75,NGEF
2,234272484,rs1441093,3.98e-17,DGKD
2,234815005,rs4663983,1.27e-14,TRPM8
2,235401020,rs3115360,3.92e-10,ARL4C
2,235949877,rs3731644,9.18e-17,SH3BP4
2,236519555,rs10203779,7.02e-38,AGAP1
2,236549409,rs10194516,2.49e-35,AGAP1
2,236588800,rs10929146,1.6e-59,AGAP1
2,237560697,rs2720115,4.62e-05,ACKR3
2,237896842,rs893420,1.76e-08,COPS8
2,238058938,rs4432400,9.75e-18,COPS8
2,238166147,rs4377288,8.38e-38,COL6A3
2,238249630,rs4433949,3.47e-43,COL6A3
2,238276385,rs2645772,1.57e-55,COL6A3
2,238356795,rs7602387,5.41e-98,COL6A3
2,238454154,rs867306,2.15e-31,MLPH
2,238494742,rs3751112,1.58e-26,RAB17
2,239374836,rs7340253,1.55e-79,ASB1
2,239424876,rs11888775,6.55e-74,LINC01107
2,239588887,rs11693678,3.52e-52,LINC01107
2,239637228,rs11690021,2.7e-45,TWIST2
2,239637675,rs10929290,3.1e-57,TWIST2
2,239723729,rs10929298,5.47e-26,TWIST2
2,239865136,rs4353673,2.83e-23,FLJ43879
2,239877738,rs4591362,2.23e-19,FLJ43879
2,239972561,rs13393217,1.11e-17,HDAC4
2,240049141,rs3791452,1.74e-12,MIR4441
2,241241822,rs6746446,1.28e-08,GPC1
2,241315190,rs12467087,9.88e-41,GPC1
2,241322107,rs1316929,1.48e-23,GPC1
2,241416038,rs13010821,5.57e-13,ANKMY1
2,241518989,rs2975748,5.92e-05,RNPEPL1
2,241558936,rs10933621,5.86e-16,GPR35
2,241775066,rs11900363,6.4e-26,KIF1A
2,241815473,rs12695032,3.32e-122,AGXT
2,241876480,rs4675842,1.93e-96,LOC200772
2,241929621,rs10205276,1.41e-10,SNED1
2,241936268,rs4344930,3.07e-45,SNED1
2,242004866,rs2286321,1.85e-41,MTERFD2
2,242006736,rs7559967,4.4e-12,MTERFD2
2,242031090,rs16843241,2.56e-116,SNED1
2,242066789,rs2240543,5.52e-19,PASK
2,242083872,rs758072,0.00861967,PPP1R7
2,242110786,rs3771350,3.9e-09,PPP1R7
2,242114037,rs7565364,0.990709,PPP1R7
2,242118564,rs16843418,2.58e-09,PPP1R7
2,242173882,rs3755326,0.165099,HDLBP
2,242255378,rs1134941,2.37e-216,HDLBP
2,242393574,rs2055568,1.92e-10,STK25
2,242421314,rs3821285,1.18e-43,STK25
2,242493511,rs4675801,1.58e-286,BOK
3,1557413,rs11128726,1.28e-07,CNTN6
3,2390612,rs1685495,4.6e-18,CNTN4-AS2
3,2427838,rs12636837,3.01e-22,CNTN4-AS2
3,2494746,rs990204,0.00020362,CNTN4-AS2
3,4750489,rs3804992,1.16e-62,EGOT
3,4771306,rs17041308,3.22e-40,EGOT
3,5037400,rs17789885,1.76e-11,BHLHE40
3,5196707,rs6798806,7.47e-12,ARL8B
3,5960155,rs6778993,8.55e-09,MIR4790
3,8095274,rs523678,2.03e-08,LOC101927394
3,8572373,rs931517,7.93e-38,LMCD1
3,8644245,rs355083,4.73e-34,SSUH2
3,8809222,rs4686302,1.57e-06,OXTR
3,8933583,rs673997,6.43e-51,RAD18
3,8989806,rs11719775,9.35e-45,RAD18
3,9266056,rs2700331,1.74e-11,SRGAP3-AS3
3,9421187,rs2648550,2.38e-71,THUMPD3
3,9479971,rs17050340,1.22e-28,SETD5
3,9985457,rs9878047,4.55e-82,CRELD1
3,10016911,rs13096737,6.97e-24,EMC3
3,10134320,rs6807485,2.53e-06,FANCD2
3,10141172,rs9862958,0.563326,FANCD2
3,10142452,rs6792811,6.09e-220,FANCD2
3,10189929,rs1681660,1.48e-13,VHL
3,10411553,rs4684685,2.04e-24,MIR885
3,10529067,rs17032981,3.31e-12,ATP2B2
3,10907556,rs6809562,1.34e-14,SLC6A11
3,11426086,rs4684774,0.00212393,ATG7
3,11564940,rs9840982,6.86e-25,VGLL4
3,11643465,rs2276749,1.49e-151,ATG7
3,11679509,rs11128564,2.7e-19,ATG7
3,11851941,rs6442290,1.69e-18,TAMM41
3,12434608,rs2938392,2.77e-32,PPARG
3,12603900,rs2454422,3.37e-125,MKRN2
3,12856856,rs2305398,2.19e-101,CAND2
3,12956905,rs17037462,5.08e-34,IQSEC1
3,13066535,rs2648701,7.91e-20,IQSEC1
3,13110970,rs456667,7.26e-11,IQSEC1
3,13551810,rs2675229,0,HDAC11
3,13562685,rs2597520,3.06e-86,HDAC11
3,13587987,rs2016058,6.68e-34,FBLN2
3,13606196,rs753833,1.04e-05,FBLN2
3,13710562,rs3934833,5.49e-22,LINC00620
3,13804145,rs6786420,9.36e-129,LINC00620
3,13837635,rs1433349,1.42e-66,WNT7A
3,14183410,rs1043943,3.09e-85,TMEM43
3,14183758,rs1043953,0.00378901,TMEM43
3,14184014,rs3796308,5.42e-90,TMEM43
3,14263701,rs7626307,4.03e-13,LSM3
3,14344039,rs6784672,2.98e-12,LINC01267
3,14365266,rs9851340,8.9e-25,LINC01267
3,14379869,rs4685134,1.01e-92,LINC01267
3,14389483,rs4684208,1.37e-76,LINC01267
3,14428123,rs4684214,1.11e-20,SLC6A6
3,14496974,rs3773180,3.77e-18,GRIP2
3,14842858,rs294611,6e-09,FGD5
3,14884162,rs1687331,0.83,FGD5
3,14887546,rs1687324,2.62e-19,FGD5
3,14917526,rs17040476,0.209765,FGD5
3,14942024,rs2307088,3.08e-24,FGD5
3,14965507,rs4685235,1.14e-51,FGD5
3,14977599,rs6442487,4e-58,FGD5
3,15037851,rs11128729,1.76e-28,FGD5-AS1
3,15382870,rs2103079,9.24e-18,SH3BP5
3,16101104,rs1454769,1.8e-11,GALNT15
3,16140831,rs9861567,1.13e-05,GALNT15
3,16154636,rs9814723,1.01e-16,GALNT15
3,16538328,rs13087074,4.4e-10,RFTN1
3,16923765,rs1992380,2.22e-09,PLCL2
3,17464911,rs13327810,1.3e-27,TBC1D5
3,17988979,rs7427760,4.6e-27,LOC339862
3,18206165,rs2102623,4.87e-23,LOC339862
3,18435502,rs11716005,2.58e-08,SATB1
3,18516620,rs1553995,3.3e-09,SATB1
3,18605965,rs336627,9.71e-16,SATB1
3,18630803,rs336615,7.99e-28,SATB1
3,18857812,rs7428376,8.76e-14,KCNH8
3,19017386,rs4373084,3.73e-24,KCNH8
3,19047145,rs7427678,2.09e-09,KCNH8
3,19999557,rs13078869,3.12e-29,RAB5A
3,20174369,rs4858768,8.46e-08,KAT2B
3,21636543,rs1382167,4.83e-09,ZNF385D
3,21816466,rs11129021,9.97e-16,ZNF385D
3,22103304,rs779166,3.56e-09,ZNF385D
3,23070957,rs1355740,5.75e-14,UBE2E2
3,23147227,rs12638485,2.26e-43,UBE2E2
3,23147681,rs4271937,2.63e-53,UBE2E2
3,23985809,rs4131864,2.73e-36,NR1D2
3,24085166,rs1112195,2.42e-51,LINC00691
3,24191472,rs9870108,2.99e-20,THRB
3,24222782,rs2683541,2.04e-37,THRB
3,24343330,rs1505307,1.25e-25,THRB
3,24403210,rs6781111,3.82e-44,THRB-AS1
3,24707093,rs7643926,9.46e-10,MIR4792
3,25025695,rs12636044,4.19e-15,RARB
3,25049310,rs11129176,2e-54,RARB
3,25116582,rs4858697,3.88e-49,RARB
3,25219196,rs13061437,3.68e-47,RARB
3,25443691,rs6550971,3.24e-45,TOP2B
3,25527653,rs1286657,2.75e-21,TOP2B
3,26687117,rs6767457,1.57e-15,LRRC3B
3,27499949,rs17682792,9.53e-27,SLC4A7
3,27562613,rs2643825,1.93e-52,SLC4A7
3,27606268,rs3892373,5.18e-35,SLC4A7
3,28786591,rs11129330,7.52e-36,LINC00693
3,28960287,rs11710772,2.35e-11,LINC00693
3,29057186,rs1979113,5.22e-48,RBMS3-AS3
3,29322067,rs17023157,4.1e-23,RBMS3-AS3
3,29377036,rs9849827,1.22e-10,RBMS3
3,29461238,rs2118600,5.06e-14,RBMS3
3,29461624,rs17023466,3.03e-15,RBMS3
3,29480453,rs9873783,6.03e-36,RBMS3
3,29484510,rs7632290,8e-07,RBMS3
3,29641588,rs17606300,8.66e-22,RBMS3
3,29755853,rs9809942,3.57e-10,RBMS3-AS1
3,30078357,rs7624087,2.97e-40,RBMS3
3,30343168,rs6774308,0.00024055,RBMS3
3,30480569,rs6804110,3.12e-40,TGFBR2
3,30586267,rs7637245,3.45e-10,TGFBR2
3,30698977,rs12490466,1.42e-32,TGFBR2
3,30732821,rs2276767,5.39e-08,TGFBR2
3,30778970,rs795435,1.33e-29,GADL1
3,31489260,rs7649423,2.99e-37,STT3B
3,31561796,rs12639135,5.81e-48,STT3B
3,31792918,rs12632849,3.08e-11,OSBPL10-AS1
3,32059168,rs13070370,1.29e-09,ZNF860
3,32631914,rs17805183,1.12e-05,DYNC1LI1
3,32835761,rs12485985,1.4e-13,CNOT10
3,32941852,rs7648704,1.57e-22,TRIM71
3,33161745,rs4074415,1.22e-44,CRTAP
3,33194990,rs6810039,4.18e-77,SUSD5
3,33214146,rs4470454,1.04e-23,SUSD5
3,33261435,rs4678506,1.61e-52,SUSD5
3,33271693,rs4455284,9.32e-36,SUSD5
3,33388184,rs6769005,5.22e-13,FBXL2
3,33541220,rs6796857,6.17e-129,CLASP2
3,33708114,rs13100100,1.24e-24,CLASP2
3,33863235,rs13434046,4.99e-11,PDCD6IP
3,34936569,rs6550308,4.3e-11,LOC101928135
3,35570778,rs7650151,3.5e-13,ARPP21
3,36446318,rs7636993,2.25e-13,STAC
3,36943118,rs11708164,8.23e-28,TRANK1
3,36965158,rs4678917,9.12e-19,TRANK1
3,36985232,rs9857252,8.25e-53,TRANK1
3,37498210,rs879904,8.27e-08,ITGA9
3,37573230,rs267569,1.76e-20,ITGA9
3,37662867,rs2027626,3.52e-13,ITGA9-AS1
3,37672777,rs4678981,0.00906494,ITGA9-AS1
3,37716880,rs2886141,4.99e-88,ITGA9-AS1
3,37740365,rs4678585,2.8e-09,ITGA9-AS1
3,37783832,rs6808722,1.13e-35,ITGA9-AS1
3,37969439,rs9822761,2.39e-36,MIR26A1
3,38026584,rs11711336,8.27e-159,CTDSPL
3,38068758,rs2226462,1.61e-94,PLCD1
3,38312494,rs3805041,7.13e-06,SLC22A13
3,38445226,rs1002675,1.04e-06,XYLB
3,38684466,rs6768664,8.27e-10,SCN5A
3,39195964,rs2280630,2.06e-22,CSRNP1
3,39428241,rs11129823,1.2e-09,SLC25A38
3,40821784,rs17050944,1.84e-10,ZNF621
3,41123735,rs10490823,9.86e-56,CTNNB1
3,41287018,rs11711946,8.26e-134,ULK4
3,42079111,rs9847688,6.32e-10,TRAK1
3,42444295,rs33516,3.11e-07,LYZL4
3,42617654,rs6793102,0.00012844,SS18L2
3,42954912,rs11129987,2.82e-20,ZNF662
3,43095101,rs536119,4.1e-79,FAM198A
3,43097765,rs3732858,6.96e-134,FAM198A
3,43303085,rs1320160,7.91e-29,SNRK
3,44031412,rs9858826,0.00022271,MIR138-1
3,44380488,rs13086084,0.00020054,TCAIM
3,44489880,rs11710965,3.44e-25,ZNF445
3,45673062,rs893566,2.15e-41,LIMD1
3,45986999,rs6766548,2.75e-15,CXCR6
3,46059139,rs6764042,0.00071947,XCR1
3,46272440,rs1542755,7.82e-15,CCR3
3,46444794,rs916093,1.11e-47,CCRL2
3,46607255,rs7650998,1.41e-06,LRRC2
3,46688562,rs7633770,1.24e-57,LOC100132146
3,46903043,rs3792557,1.66e-12,MYL3
3,46935681,rs724449,8.96e-128,PTH1R
3,46948526,rs7652849,3.33e-71,PTH1R
3,47011310,rs17783959,7.5e-32,NBEAL2
3,47043238,rs12489851,2.79e-113,NBEAL2
3,47061183,rs2290547,1.49e-07,SETD2
3,47511698,rs17784714,1.36e-216,SCAP
3,47957996,rs2230169,1.67e-127,MAP4
3,48138082,rs9825114,4.2e-42,MAP4
3,48199695,rs3731563,5.45e-85,CDC25A
3,48228212,rs3731494,1.89e-56,CDC25A
3,48324466,rs9837228,0.628584,NME6
3,48490193,rs4858794,1.24e-09,ATRIP
3,48624040,rs2228563,1.79e-16,MIR711
3,49033439,rs34812097,0.434732,P4HTM
3,49040462,rs6772452,1.15e-96,P4HTM
3,49162583,rs35713889,6.18e-192,LAMB2
3,49283103,rs9861805,1.96e-15,CCDC36
3,49326178,rs9874474,3.31e-12,USP4
3,49518023,rs7653505,5.15e-67,DAG1
3,49520958,rs1568661,0.00278144,DAG1
3,50291617,rs9852677,3.31e-12,GNAI2
3,50371757,rs34495934,0.0238376,RASSF1-AS1
3,50708720,rs1077215,2.42e-10,MIR4787
3,51071713,rs13088462,6.28e-209,DOCK3
3,51393457,rs2306431,4.12e-28,DOCK3
3,51981021,rs3774344,1.52e-09,PARP3
3,52013883,rs13099450,8.97e-77,ABHD14A
3,52097060,rs4687608,5.56e-12,LINC00696
3,52373792,rs7643570,3.96e-07,DNAH1
3,52588640,rs4605534,1.8e-64,PBRM1
3,52632093,rs12107484,4.11e-09,PBRM1
3,52695650,rs11715796,0.0873373,PBRM1
3,52699089,rs1992193,0.0172361,PBRM1
3,52833219,rs2535629,3.57e-269,ITIH3
3,52842597,rs2710329,1.28e-05,ITIH3
3,52871107,rs6790314,2.82e-25,TMEM110
3,52913781,rs9860296,8.48e-26,TMEM110
3,53022408,rs2581824,0.00038361,SFMBT1
3,53094730,rs2564926,8.59e-274,SFMBT1
3,53108776,rs2581799,0,RFT1
3,53201898,rs750170,3.67e-37,PRKCD
3,53396121,rs666409,0.0143581,DCP1A
3,53415468,rs12053905,7.32e-09,DCP1A
3,53537879,rs6763768,1.2e-24,CACNA1D
3,53669904,rs11709171,3.73e-53,CACNA1D
3,53896850,rs12637033,0.00034131,IL17RB
3,54128051,rs17053724,1.77e-06,CACNA2D3
3,54928327,rs11130438,8.31e-36,CACNA2D3-AS1
3,55058561,rs358046,0.00622241,CACNA2D3
3,55062415,rs3773559,0.00814534,CACNA2D3
3,55076797,rs358498,1.39e-68,CACNA2D3
3,55126051,rs17054805,3.65e-28,CACNA2D3
3,55216779,rs9311552,0.111607,CACNA2D3
3,55449471,rs3846041,8.08e-06,WNT5A
3,55499664,rs12497254,7.75e-138,WNT5A
3,55531267,rs557077,4.56e-54,WNT5A
3,55704401,rs9842333,2.94e-16,ERC2-IT1
3,55855820,rs2315942,1.01e-30,MIR3938
3,56258061,rs1452218,6.28e-22,ERC2
3,56271889,rs2123184,5.66e-69,ERC2
3,56414387,rs12496048,0.0149997,ERC2
3,56422488,rs6802166,7.35e-23,ERC2
3,56574077,rs4292200,0.0036093,CCDC66
3,56591904,rs17825523,3.35e-148,CCDC66
3,56608033,rs13089169,7.64e-26,CCDC66
3,56692321,rs4681725,2.63e-296,FAM208A
3,56769716,rs9311618,1.5e-39,ARHGEF3
3,56925925,rs6807296,9.86e-08,ARHGEF3-AS1
3,57059370,rs11922193,0.00135332,SPATA12
3,57158337,rs768713,1.14e-10,IL17RD
3,57182496,rs17216893,5.74e-38,IL17RD
3,57195276,rs1352343,9.91e-21,IL17RD
3,57657491,rs9873524,1.56e-125,DENND6A
3,57665807,rs4681651,5.36e-32,DENND6A
3,57928772,rs6796752,8.6e-23,SLMAP
3,57989169,rs11130605,8.43e-44,FLNB
3,58002885,rs839239,1.21e-195,FLNB
3,58020773,rs9681058,1.28e-16,FLNB
3,58102561,rs9880603,0.486225,FLNB
3,58114884,rs3772993,1.44e-34,FLNB
3,58305033,rs14927,2.24e-53,RPP14
3,58512900,rs13434020,2.04e-13,ACOX2
3,59716457,rs1456155,8.24e-23,FHIT
3,60218337,rs11717164,2.58e-07,FHIT
3,60545429,rs2856045,7.22e-13,FHIT
3,60643045,rs2213215,7.78e-24,FHIT
3,60703616,rs1735468,2.91e-14,FHIT
3,60753366,rs9882068,2.86e-11,FHIT
3,61039484,rs2365051,2.46e-22,FHIT
3,61310328,rs7625594,0.00308427,FHIT
3,61413773,rs1869403,3.29e-28,PTPRG
3,61436981,rs7612638,1.07e-08,PTPRG
3,61512473,rs2886522,7.47e-08,PTPRG
3,61512919,rs12108098,2.32e-177,PTPRG
3,61557718,rs7621604,0,PTPRG
3,61645378,rs2365933,8.94e-52,PTPRG
3,61661311,rs1320232,1.27e-53,PTPRG
3,61887743,rs7625335,1.41e-61,PTPRG
3,61936803,rs4688275,2e-78,PTPRG-AS1
3,61982734,rs9832665,1.93e-78,PTPRG-AS1
3,61986342,rs804415,9.24e-93,PTPRG-AS1
3,62070329,rs9855037,5.3e-11,PTPRG-AS1
3,62157762,rs9853409,2.62e-18,PTPRG-AS1
3,63262264,rs17374379,4.85e-09,SYNPR
3,63833050,rs832187,2.52e-17,C3orf49
3,64087669,rs161655,6.95e-11,PRICKLE2-AS1
3,64180420,rs1432579,1.54e-10,PRICKLE2-AS3
3,64305763,rs853241,5.39e-16,PRICKLE2
3,64365757,rs11923953,1.97e-15,ADAMTS9
3,64617070,rs6445420,6.2e-15,LOC101929335
3,65240740,rs3921883,1.38e-16,MAGI1
3,65530249,rs9840574,1.21e-15,MAGI1
3,65595897,rs4450738,5.93e-11,MAGI1
3,65762252,rs984038,5.27e-15,MAGI1-AS1
3,65991856,rs1541855,1.16e-17,MAGI1
3,66029293,rs28705165,6.29e-15,MAGI1
3,66372144,rs707009,3.5e-10,LRIG1
3,66777660,rs7613047,1.31e-26,LRIG1
3,66794904,rs9819324,4.63e-14,LRIG1
3,67060149,rs13075459,1.16e-22,KBTBD8
3,67416322,rs17806888,6.81e-133,SUCLG2
3,67420983,rs7620956,0.0882696,SUCLG2
3,67506973,rs6810165,2.92e-20,SUCLG2
3,67608177,rs2772450,8.72e-11,SUCLG2
3,68530718,rs6790197,0.548509,FAM19A1
3,68598520,rs13315657,1.73e-18,FAM19A1
3,69127133,rs3772979,5.43e-14,UBA3
3,69413876,rs17005685,7.29e-31,FRMD4B
3,69559538,rs7645826,2.27e-12,FRMD4B
3,70175261,rs6549270,7.36e-16,LINC01212
3,70361326,rs1996814,1.79e-30,LINC01212
3,70516421,rs10510998,3.59e-11,LINC01212
3,70918127,rs1018340,5.74e-38,FOXP1
3,71036994,rs6802472,6.37e-52,FOXP1
3,71126413,rs17008175,4.7e-10,FOXP1
3,71174475,rs2121783,1.91e-39,FOXP1
3,71208815,rs9840529,0.00030733,FOXP1
3,71249675,rs7374975,7.62e-10,FOXP1
3,71334477,rs1288829,2.52e-10,MIR1284
3,71379806,rs4677602,8.22e-15,MIR1284
3,71412838,rs1288687,7.94e-19,MIR1284
3,71470796,rs937839,2.59e-107,MIR1284
3,71555553,rs17718783,1.59e-47,MIR1284
3,71737107,rs3796226,4.26e-17,EIF4E3
3,71778737,rs2044609,6.69e-17,GPR27
3,71951444,rs7613635,3.92e-17,PROK2
3,72160576,rs12494046,7.41e-14,LINC00877
3,72238172,rs9917816,4.18e-08,LINC00870
3,72315588,rs4234161,3.03e-10,LINC00870
3,72375983,rs4303823,2.01e-57,RYBP
3,72392310,rs11128264,0,RYBP
3,72400695,rs12497693,0,RYBP
3,72408664,rs11915307,6.43e-13,RYBP
3,72417857,rs4677156,0,RYBP
3,72481461,rs12493016,9.34e-06,RYBP
3,72514222,rs4107,2.25e-12,RYBP
3,72550934,rs9848059,0.050198,RYBP
3,72787586,rs6779684,8.87e-13,SHQ1
3,72992052,rs1502760,9.18e-07,GXYLT2
3,73111998,rs1060584,6.07e-84,EBLN2
3,73129574,rs9873907,0.0251703,PPP4R2
3,73168351,rs11916160,0.0631698,PPP4R2
3,73274046,rs13098552,1.31e-11,PDZRN3
3,73438465,rs11128334,3.81e-15,PDZRN3
3,73785176,rs4676952,5.4e-15,PDZRN3
3,74507710,rs6549596,5.83e-10,CNTN3
3,76342057,rs1158616,1.48e-10,ZNF717
3,76740880,rs155469,9.28e-13,ROBO2
3,77428877,rs12488430,7.35e-19,ROBO2
3,77675638,rs876675,1.09e-12,ROBO2
3,78754115,rs17375496,1.1e-16,ROBO1
3,79377010,rs12629799,9.12e-17,LOC101927374
3,79409145,rs1387667,4.5e-21,LOC101927374
3,80236543,rs6780941,3.83e-17,ROBO1
3,81546416,rs7649028,8.85e-14,GBE1
3,83004185,rs4856423,2.11e-26,GBE1
3,85603643,rs7652808,8.05e-42,MIR5688
3,87032004,rs1836918,2.17e-66,VGLL3
3,87065067,rs17023802,3.25e-12,VGLL3
3,87196028,rs1488360,2.58e-07,LINC00506
3,87225726,rs734273,2.05e-06,LINC00506
3,87341538,rs300992,1.22e-15,POU1F1
3,87948318,rs1864617,2.33e-40,HTR1F
3,88196211,rs9861443,6.89e-64,ZNF654
3,88327790,rs936363,7.57e-07,C3orf38
3,89000803,rs9834768,6.7e-23,EPHA3
3,94983900,rs13091172,8.88e-25,LINC00879
3,95920569,rs11714452,4.03e-16,MIR8060
3,98329247,rs9826960,3.69e-06,CPOX
3,98439637,rs278364,1.73e-27,ST3GAL6-AS1
3,98602782,rs2119188,1.26e-08,DCBLD2
3,98668768,rs11489075,3.98e-136,DCBLD2
3,98832860,rs2966552,9.89e-52,DCBLD2
3,98919271,rs774952,0.00187013,DCBLD2
3,98988161,rs1402268,0.579448,MIR548G
3,99013936,rs1157320,4.23e-22,MIR548G
3,99044558,rs16841028,2.11e-18,MIR548G
3,99074706,rs12494885,1.44e-16,MIR548G
3,99115940,rs7631745,1.22e-68,MIR548G
3,99258202,rs4928200,1.85e-192,MIR548G
3,99347057,rs1618515,1.36e-90,COL8A1
3,99356614,rs3755597,0.00020279,COL8A1
3,99435102,rs17778253,1.47e-45,COL8A1
3,99471308,rs792841,1.06e-14,COL8A1
3,99716800,rs9872339,9.82e-41,MIR548G
3,99937872,rs9968163,9.31e-12,TMEM30C
3,100210509,rs7640470,3.32e-05,TMEM45A
3,101136402,rs9859077,1.88e-42,SENP7
3,101306507,rs3804775,0.0107972,PCNP
3,101395629,rs3749323,5.8e-09,ZBTB11-AS1
3,104187485,rs7653621,2.3e-16,MIR548A3
3,104326292,rs9809897,2.79e-15,MIR548A3
3,104672291,rs1393743,9.45e-14,ALCAM
3,105060006,rs4894920,9.1e-41,ALCAM
3,105253202,rs9842772,9.26e-36,ALCAM
3,105263624,rs485922,2.31e-31,ALCAM
3,105518948,rs12486371,1.56e-26,CBLB
3,105625423,rs6772442,2.65e-13,CBLB
3,105640704,rs9870075,1.01e-09,CBLB
3,105877465,rs6809315,1.11e-42,CBLB
3,106089227,rs9831569,2.39e-37,CBLB
3,107202656,rs17202946,2.43e-48,LOC101929607
3,107295392,rs600011,1.01e-15,BBX
3,107828001,rs4855619,6.45e-09,LINC01215
3,108132759,rs9810676,6.67e-13,MYH15
3,109035639,rs13070218,6.18e-15,DPPA2
3,110072231,rs7636367,1.26e-09,PVRL3-AS1
3,110487084,rs4610259,3.06e-08,PVRL3-AS1
3,110817982,rs1477848,6.52e-15,PVRL3
3,110950540,rs7430044,1.3e-08,PVRL3
3,111432805,rs17423699,2.21e-08,PHLDB2
3,111651285,rs754914,1.8e-16,PHLDB2
3,112359926,rs6807798,2.02e-45,CCDC80
3,112372256,rs16859916,1.67e-08,CCDC80
3,112464558,rs7646996,3.11e-09,LOC101929694
3,112646699,rs7432373,8.57e-21,CD200R1
3,112829442,rs2700201,8.22e-136,LOC101929717
3,112860780,rs2613964,1e-95,LOC101929717
3,112929929,rs7622601,9.6e-17,BOC
3,112938683,rs904626,6.12e-17,BOC
3,112996316,rs3846046,4.39e-105,WDR52
3,113275624,rs7611694,1.18e-15,SIDT1
3,114081006,rs11915585,8.55e-15,ZBTB20-AS1
3,114084724,rs13084997,1.15e-45,ZBTB20-AS1
3,114199650,rs9873460,4.58e-170,ZBTB20-AS1
3,114250796,rs2669885,4.05e-38,ZBTB20-AS1
3,114366825,rs16823078,2.13e-30,MIR4796
3,114379193,rs17681207,1.03e-14,MIR4796
3,114402087,rs17619661,3.39e-115,MIR4796
3,114417343,rs10934276,2.83e-17,MIR4796
3,114446525,rs2141769,7.84e-07,MIR4796
3,114458190,rs9855047,5.85e-55,MIR4796
3,114471819,rs9683251,1.41e-142,MIR4796
3,114599103,rs7635846,4.55e-151,MIR4796
3,114951252,rs7613792,3.77e-11,ZBTB20
3,115000949,rs6805459,0.126672,ZBTB20
3,115118900,rs9821873,3.33e-09,GAP43
3,116780022,rs13088089,2.06e-08,TUSC7
3,117555219,rs10804533,4.36e-82,IGSF11
3,118352243,rs904652,2.29e-10,IGSF11
3,119174538,rs13078312,1.9e-48,TMEM39A
3,119236017,rs4461452,0.00284014,TIMMDC1
3,119537223,rs12721615,2.05e-09,NR1I2
3,119824037,rs11927974,2e-12,GSK3B
3,120106521,rs1716838,1.95e-30,FSTL1
3,120199413,rs1262395,9.79e-18,FSTL1
3,120503468,rs17184204,1.11e-07,GTF2E1
3,121390618,rs9852845,2.54e-55,GOLGB1
3,121628360,rs9289182,0.804735,SLC15A2
3,122127592,rs4678192,1.06e-14,FAM162A
3,122248710,rs6810306,3.77e-25,PARP9
3,122533517,rs6797815,6.06e-20,DIRC2
3,123028873,rs6770805,4.48e-42,ADCY5
3,123065778,rs11708067,1.62e-80,ADCY5
3,123550463,rs2700352,3.34e-28,MYLK
3,123825522,rs11714061,2.1e-32,KALRN
3,124017996,rs12695436,0.0117549,MIR6083
3,124395138,rs189151,0.00053552,KALRN
3,124446077,rs17282057,4e-37,UMPS
3,124692689,rs2270778,7.25e-25,HEG1
3,124771232,rs9851127,4.98e-18,HEG1
3,124869785,rs3772216,2.93e-22,MIR5092
3,124989394,rs7638240,5.22e-21,ZNF148
3,125173964,rs4679170,9.9e-10,SNX4
3,125758232,rs1112001,1.86e-21,SLC41A3
3,125905152,rs2364367,1.39e-17,ALDH1L1
3,125990463,rs6809287,2.63e-13,ALDH1L1-AS2
3,126058362,rs9862203,4.51e-17,KLF15
3,126180820,rs16837497,1.68e-09,ZXDC
3,126233910,rs777486,2.5e-06,UROC1
3,127274309,rs11712570,6.91e-20,TPRA1
3,127420287,rs6776142,2.57e-05,MGLL
3,128195814,rs11718692,2.34e-52,GATA2
3,128287743,rs2712421,3.14e-12,C3orf27
3,128627021,rs1683787,0.0299089,ACAD9
3,129008303,rs4075182,2.51e-170,HMCES
3,129020778,rs6765930,0,HMCES
3,129284818,rs2625973,6.82e-138,PLXND1
3,129366963,rs1136553,2.1e-102,TMCC1
3,129460876,rs9853374,1.44e-14,TMCC1
3,130087606,rs6439228,1.94e-22,COL6A5
3,130148760,rs4688801,3.62e-29,COL6A5
3,130357328,rs1484937,9.34e-23,COL6A6
3,131544809,rs9818706,1.05e-10,MIR5704
3,131932053,rs884431,7.78e-19,ACPP
3,132341110,rs7629689,6.5e-63,ACKR4
3,132386151,rs1456118,0.0544709,ACAD11
3,133032892,rs2699869,9.26e-13,TMEM108-AS1
3,133844946,rs6800143,2.18e-114,RYK
3,133870211,rs6776592,1.34e-76,RYK
3,133873102,rs4588357,1.36e-12,RYK
3,134000547,rs6439474,1.37e-55,RYK
3,134063742,rs4974496,4.6e-61,AMOTL2
3,134120357,rs3846051,4.04e-62,AMOTL2
3,134191938,rs9841212,6.83e-299,ANAPC13
3,134369716,rs13060869,0.448304,KY
3,134402484,rs10755087,1.9e-07,KY
3,135100339,rs824071,8.32e-08,EPHB1
3,135671534,rs10212532,1.87e-11,PPP2R3A
3,135800693,rs13079205,0,PPP2R3A
3,136510266,rs1533445,5.42e-129,SLC35G2
3,137487504,rs157280,4.45e-13,SOX14
3,138346829,rs361074,5.62e-54,FAIM
3,138848899,rs16848785,7.59e-36,BPESC1
3,139247526,rs11914638,1.05e-07,RBP1
3,139554453,rs1447722,1.38e-10,CLSTN2
3,140833975,rs16851064,0.834878,SPSB4
3,141029860,rs955216,1.27e-05,ZBTB38
3,141055204,rs41379945,1.03e-24,ZBTB38
3,141058687,rs4683602,3.07e-147,ZBTB38
3,141063164,rs6765238,0,ZBTB38
3,141077221,rs6795398,0.00233807,ZBTB38
3,141107612,rs10513136,1.26e-52,ZBTB38
3,141121814,rs2871960,0,ZBTB38
3,141125234,rs1344673,0,ZBTB38
3,141145216,rs6762722,2.3e-209,ZBTB38
3,141158212,rs7612543,0,ZBTB38
3,141160371,rs4683404,2.86e-10,ZBTB38
3,141176931,rs6769161,1.14e-05,ZBTB38
3,141196647,rs13072100,0,RASA2
3,141298124,rs2035936,9.33e-14,RASA2
3,141345982,rs7611234,5.18e-53,RASA2
3,141362755,rs6774127,0.00090644,RASA2
3,141377330,rs868767,0.00247921,RASA2
3,141642781,rs9880808,1.32e-86,ATP1B3
3,141697872,rs7642874,9.4e-56,TFDP2
3,142114694,rs7643377,1.9e-51,XRN1
3,142490151,rs7638459,2.24e-52,TRPC1
3,142567030,rs3816690,0.00328608,PCOLCE2
3,142604476,rs2707982,8.49e-68,PCOLCE2
3,142652559,rs4683438,4.4e-80,LOC100507389
3,142762487,rs6805417,8.06e-15,U2SURP
3,142951838,rs9839394,2.75e-32,SLC9A9
3,143107361,rs6440170,0.0001346,SLC9A9-AS1
3,143253814,rs13099818,2.11e-08,SLC9A9-AS1
3,143413798,rs1447740,5.86e-14,SLC9A9
3,143647840,rs1354496,1.55e-11,C3orf58
3,144123401,rs10490851,1.26e-06,C3orf58
3,144340494,rs800084,8.42e-09,C3orf58
3,145786573,rs34901222,2.81e-36,PLOD2
3,145810408,rs3804664,2.06e-78,PLOD2
3,145903426,rs11928424,6.34e-44,PLSCR4
3,146373438,rs16858692,7.71e-10,PLSCR5
3,146997009,rs7645827,1.66e-81,ZIC4
3,147074991,rs12638416,0.160351,ZIC4
3,147142513,rs9289749,1.86e-49,ZIC1
3,147292393,rs4596113,2.07e-79,ZIC1
3,147481457,rs6772876,1.67e-17,ZIC1
3,147940522,rs1456671,4.27e-47,AGTR1
3,148026308,rs4077940,7.5e-12,AGTR1
3,148424143,rs2131127,6.32e-11,AGTR1
3,148609045,rs4681161,7.92e-18,CPA3
3,148857714,rs17787099,1.08e-28,HPS3
3,148867988,rs2689229,3.85e-22,CP
3,149232897,rs17787916,3.04e-11,WWTR1
3,149272357,rs16861987,8.82e-25,WWTR1
3,149302302,rs1344816,2.62e-36,WWTR1
3,149310583,rs12632837,9.81e-06,WWTR1-AS1
3,149373380,rs13325622,0.0366616,WWTR1-AS1
3,149397793,rs1946704,1.17e-39,WWTR1-AS1
3,149466594,rs12107159,7.82e-06,COMMD2
3,149812267,rs11927779,8.7e-21,LOC646903
3,149833989,rs4681577,9.25e-17,LINC01213
3,150984169,rs16863287,1.31e-07,P2RY14
3,151160581,rs4435614,5.46e-10,MED12L
3,151727164,rs9863347,1.52e-10,AADACL2-AS1
3,151900719,rs325713,4.79e-22,MBNL1-AS1
3,151911863,rs323613,1.32e-39,MBNL1-AS1
3,151964756,rs385685,7.82e-27,MBNL1-AS1
3,151994174,rs13072540,2.44e-24,MBNL1-AS1
3,152187279,rs4513429,3.1e-49,MBNL1
3,152363785,rs9810441,1.08e-25,MBNL1
3,153891686,rs357478,3.91e-42,ARHGEF26-AS1
3,154134232,rs10513457,3.16e-10,GPR149
3,154681770,rs1525865,1.82e-15,MME
3,155663955,rs12493934,7.44e-09,GMPS
3,155849093,rs9842620,1.98e-16,KCNAB1
3,156203216,rs2679596,2.03e-27,KCNAB1-AS1
3,156492845,rs17380639,1.46e-63,LINC00886
3,156626091,rs12638253,1.99e-57,LEKR1
3,156797702,rs10049090,5.38e-14,LINC00880
3,156851984,rs4325879,8.99e-144,LINC00880
3,157016809,rs1403108,2.28e-163,VEPH1
3,157146005,rs9289983,1.52e-38,PTX3
3,157684647,rs9290011,3.92e-102,SHOX2
3,157813401,rs1123115,8.39e-150,SHOX2
3,157907712,rs827154,5.75e-164,RSRC1
3,158062256,rs4411841,6e-57,RSRC1
3,158457914,rs12489730,1.45e-16,RARRES1
3,159956559,rs6797926,2.55e-18,C3orf80
3,162203013,rs6441498,1.58e-10,LINC01192
3,163617092,rs2720014,1.08e-11,LINC01192
3,167744313,rs4073179,4.37e-48,GOLIM4
3,167783178,rs1522380,2.76e-16,GOLIM4
3,167800290,rs16851782,1.11e-35,GOLIM4
3,167937519,rs3914954,1.28e-19,EGFEM1P
3,168610857,rs1588880,0.00410535,LOC100507661
3,168782497,rs16853096,2.02e-43,MECOM
3,168801495,rs1048604,2.26e-39,MECOM
3,168904516,rs6444847,7.97e-48,MECOM
3,168968283,rs961045,3.73e-10,MECOM
3,169043170,rs16853523,0.140924,MECOM
3,169083095,rs4955568,1.52e-19,MECOM
3,169091253,rs1273886,2.3e-83,MECOM
3,169117849,rs16853650,3.17e-24,MECOM
3,169139273,rs13318214,0.016732,MECOM
3,169182187,rs12632583,6.66e-11,MECOM
3,169202548,rs6788901,0.00234665,MECOM
3,169223667,rs12497035,3.81e-87,MECOM
3,169233401,rs7624529,1.67e-14,MECOM
3,169256240,rs7651940,9.49e-107,MECOM
3,169259913,rs16854053,1.88e-63,MECOM
3,169307123,rs6791154,0.673789,MECOM
3,169360455,rs16854266,1.55e-62,MECOM
3,169508272,rs13069553,4.2e-38,MYNN
3,169877827,rs1386332,3.41e-30,PHC3
3,170114078,rs1045210,9.55e-14,SKIL
3,170293574,rs2052398,2.04e-12,SLC7A14
3,170724729,rs1499821,2.61e-13,SLC2A2
3,170732945,rs11711206,1.35e-14,SLC2A2
3,170947791,rs7375039,1.12e-05,MIR569
3,171080777,rs9865569,3.42e-09,TNIK
3,171241762,rs400721,7.13e-14,TNIK
3,171482983,rs13089252,1.92e-14,PLD1
3,171674996,rs7652523,3.45e-07,FNDC3B
3,171780763,rs4894796,1.2e-87,FNDC3B
3,171922055,rs12493901,0,FNDC3B
3,171970859,rs4243400,0,FNDC3B
3,171972663,rs12637941,1.22e-306,FNDC3B
3,172059121,rs570549,5.57e-37,FNDC3B
3,172106277,rs1523326,3.03e-22,FNDC3B
3,172121443,rs582780,0,FNDC3B
3,172155963,rs530893,0.112381,GHSR
3,172157110,rs558572,2.07e-173,GHSR
3,172165727,rs572169,0,GHSR
3,172226240,rs3136601,1.32e-28,TNFSF10
3,172448656,rs11714195,0.0112678,NCEH1
3,173235065,rs16827431,1.83e-05,NLGN1
3,173632989,rs9851272,7.01e-09,NLGN1
3,174084394,rs939320,2.07e-10,NLGN1
3,174370818,rs508094,2.23e-08,NAALADL2
3,176827927,rs1209035,1.93e-10,TBL1XR1
3,177246501,rs16828081,3.28e-18,LINC00578
3,177325870,rs1532604,7.51e-25,LINC00578
3,177349659,rs16828348,1.28e-27,LINC00578
3,177420809,rs1500048,7.59e-16,LINC00578
3,177793107,rs1982821,2.04e-13,LOC102724550
3,178431895,rs12489626,5.85e-08,KCNMB2
3,178794797,rs6804195,2.18e-18,ZMAT3
3,178872355,rs11706842,3.79e-23,PIK3CA
3,179090772,rs2111534,1.52e-20,MFN1
3,179306775,rs10513762,3.78e-06,MRPL47
3,179439466,rs2119898,8.15e-20,USP13
3,180182024,rs1497891,1.72e-21,TTC14
3,180797921,rs12635178,0.0199517,SOX2-OT
3,180952891,rs2718786,3.1e-24,SOX2-OT
3,181426554,rs35788479,9.94e-32,SOX2
3,181515848,rs13315015,6.89e-12,SOX2-OT
3,182655858,rs1002767,2.38e-11,DCUN1D1
3,182952230,rs9839575,5.17e-38,B3GNT5
3,183147036,rs4859190,4.22e-09,MCF2L2
3,183384397,rs10937145,8.75e-82,KLHL24
3,183575770,rs12631031,0.225601,PARL
3,183612456,rs2176827,5.54e-54,PARL
3,183896641,rs2231216,5.06e-15,AP2M1
3,183963381,rs2233463,3.97e-24,VWA5B2
3,184020542,rs11545169,2.14e-163,PSMD2
3,184141428,rs12493455,5.4e-22,CHRD
3,184384129,rs4234607,7.12e-13,MAGEF1
3,184550501,rs9830734,6.44e-17,VPS8
3,185107017,rs6444063,5.82e-18,MAP3K13
3,185348402,rs3087964,1.49e-55,SENP2
3,185353979,rs9290822,0.00057334,SENP2
3,185473065,rs6784185,1.16e-27,C3orf65
3,185508029,rs6765808,0.00082969,IGF2BP2
3,185511488,rs7634540,3.1e-74,IGF2BP2
3,185544309,rs11705701,0,IGF2BP2
3,185548683,rs720390,0,IGF2BP2
3,185629189,rs4686707,5.71e-13,TRA2B
3,185651001,rs2300921,4.51e-136,TRA2B
3,185849390,rs9877630,1.94e-09,DGKG
3,185998884,rs2239626,7.58e-09,DGKG
3,186293135,rs9841006,3.43e-24,DNAJB11
3,186377729,rs11720187,2.39e-10,HRG
3,186650790,rs10937275,2.38e-18,ST6GAL1
3,186686239,rs4686823,2.57e-07,ST6GAL1
3,186997648,rs698084,2.54e-11,MASP1
3,187001306,rs3774290,1.09e-09,MASP1
3,187346363,rs17728084,0.233511,SST
3,187358043,rs1839952,6.13e-50,SST
3,187438522,rs4686904,7.38e-240,BCL6
3,187456709,rs3733017,1.07e-50,LOC100131635
3,187472740,rs7340621,5.91e-65,BCL6
3,187518999,rs2035020,2.25e-09,BCL6
3,187547134,rs2611624,5.35e-26,BCL6
3,187596744,rs6788294,2.27e-28,BCL6
3,187679835,rs498688,1.51e-47,LPP-AS2
3,187782348,rs6783007,1.27e-36,LPP-AS2
3,187879600,rs4686476,1.16e-36,LPP-AS2
3,187971048,rs9844029,0.00418756,FLJ42393
3,187987002,rs2306376,9.83e-14,FLJ42393
3,188066953,rs6787621,2.49e-93,FLJ42393
3,188082169,rs6790414,6.72e-21,FLJ42393
3,188125341,rs6444286,5.97e-27,LPP-AS1
3,188194907,rs34057316,1.04e-17,LPP-AS1
3,188241949,rs890348,8.23e-37,LPP-AS1
3,188265404,rs1025190,1.5e-39,LPP-AS1
3,188313129,rs938416,1.79e-57,LPP-AS1
3,188320409,rs6780491,1.24e-55,LPP-AS1
3,188360043,rs17669928,2.27e-18,LPP-AS1
3,188365278,rs4686991,2.42e-53,LPP-AS1
3,188509977,rs3915010,9.35e-47,LPP
3,188550579,rs3856921,1.93e-64,LPP
3,188608358,rs6659,8.99e-19,LPP
3,188624425,rs1512044,5.66e-15,LPP
3,188826832,rs7619804,1.15e-17,TPRG1
3,189206491,rs9290892,2.15e-12,TP63
3,189696326,rs710550,1.12e-11,LEPREL1
3,189807632,rs6787151,9.34e-55,LEPREL1
3,189840351,rs973234,2.07e-13,LEPREL1
3,190632012,rs9867760,6.01e-18,SNAR-I
3,190668377,rs1393057,1.41e-40,SNAR-I
3,190811250,rs9290973,5.39e-79,OSTN
3,190820405,rs1195359,1.59e-74,OSTN
3,190833134,rs2363957,1.56e-11,OSTN
3,190861259,rs9290976,4.03e-05,OSTN
3,190884998,rs9826780,7e-105,OSTN
3,190915851,rs6444517,0.579231,OSTN
3,190967779,rs2034771,9.22e-37,OSTN
3,191111160,rs9841435,2.64e-89,CCDC50
3,192585917,rs9875758,3.66e-19,MB21D2
3,193561684,rs2651148,1.22e-09,LOC647323
3,193799144,rs956459,1.32e-14,HES1
3,193976071,rs7613652,2.11e-10,LINC00887
3,194061826,rs11711157,4.07e-61,CPN2
3,194061907,rs4974539,1.37e-76,CPN2
3,194173323,rs2039877,0.00028625,ATP13A3
3,194406119,rs7627762,6.77e-07,FAM43A
3,194650489,rs4320032,2.59e-42,XXYLT1
3,194722518,rs2676834,0.00047824,XXYLT1
3,194752416,rs2280222,6.7e-12,XXYLT1
3,194822098,rs952481,2.07e-29,XXYLT1-AS1
3,194842145,rs6784890,3.26e-12,XXYLT1-AS1
3,194975071,rs11919965,1.76e-11,XXYLT1
3,195477791,rs2291652,7.18e-14,MUC4
3,195816195,rs12490036,3.72e-15,TFRC
3,195820780,rs11711014,0.00074818,TFRC
3,195837423,rs13080736,6.59e-06,TFRC
3,196141661,rs4459932,1.36e-14,UBXN7
3,196830141,rs9855295,4.77e-16,DLG1
3,197147144,rs7620033,3.2e-23,BDH1
3,197519216,rs538885,7.93e-20,LRCH3
3,197744198,rs13327370,1.23e-10,LMLN
4,755496,rs13130034,0.00021076,PCGF3
4,903694,rs3796610,1.11e-12,GAK
4,1006200,rs34627176,2.65e-158,FGFRL1
4,1019011,rs4647932,5.96e-35,FGFRL1
4,1051512,rs17131824,2.12e-52,RNF212
4,1124000,rs1481168,8.33e-09,TMED11P
4,1193832,rs900030,7e-06,LOC100130872
4,1689377,rs811316,0.200388,FAM53A
4,1721654,rs2854915,0,TMEM129
4,1785738,rs1867926,4.17e-63,FGFR3
4,1797741,rs3135848,3.32e-16,FGFR3
4,1854777,rs2402494,2.28e-25,LETM1
4,1893628,rs9999954,1.32e-08,WHSC1
4,1947324,rs10488835,2.62e-82,SCARNA22
4,1983556,rs2187692,3.67e-105,WHSC1
4,1988193,rs1077020,2.12e-25,MIR943
4,2249111,rs762832,3.64e-113,MXD4
4,2289266,rs12498586,3.11e-47,ZFYVE28
4,2405197,rs3128768,0.0105013,ZFYVE28
4,2452087,rs1203808,6.82e-06,LOC402160
4,3387148,rs16844249,2.5e-86,RGS12
4,3434885,rs6818397,5.21e-129,RGS12
4,3449652,rs16844401,2.17e-75,HGFAC
4,3451109,rs2498323,5.81e-62,HGFAC
4,3451960,rs1730794,5.43e-07,HGFAC
4,4316736,rs2980181,1.12e-15,ZBTB49
4,4535733,rs10018574,1.87e-09,STX18
4,4776774,rs6817123,1.03e-12,STX18-AS1
4,4867322,rs4464513,1.36e-21,MSX1
4,4883409,rs12500028,0.0835041,MSX1
4,4908020,rs4689961,1.26e-18,MSX1
4,5026576,rs9998195,6.05e-145,CYTL1
4,5043674,rs11732574,9.67e-50,STK32B
4,5788734,rs10007573,5.45e-13,EVC
4,5887388,rs3774893,2.26e-08,CRMP1
4,6471246,rs10937735,5.01e-09,PPP2R2C
4,6755324,rs4302466,2.13e-18,KIAA0232
4,6961589,rs4689568,5.56e-08,TBC1D14
4,6983677,rs10015163,4.87e-62,LOC100129931
4,7069804,rs3822270,1.35e-54,GRPEL1
4,7291363,rs11946827,4.15e-07,MIR4798
4,7797819,rs7695250,1.36e-15,AFAP1-AS1
4,7815739,rs13117918,8.76e-05,AFAP1-AS1
4,7853160,rs4619890,5.39e-117,AFAP1-AS1
4,7929041,rs9991239,0.0125008,AFAP1
4,7980652,rs7699715,3.59e-16,ABLIM2
4,8503359,rs1949733,1.91e-94,TRMT44
4,8589436,rs9799721,2.3e-90,GPR78
4,8594683,rs2302582,5.42e-15,CPZ
4,8597140,rs4696855,2.4e-69,CPZ
4,8601298,rs11723641,1.33e-191,CPZ
4,8650824,rs7436874,3.22e-07,CPZ
4,9371116,rs6858299,0.00012388,USP17L6P
4,10096020,rs11727087,1.81e-49,MIR3138
4,10101104,rs2241487,0.0200571,WDR1
4,10440704,rs35565862,9.53e-15,ZNF518B
4,10447848,rs10021506,2.12e-11,ZNF518B
4,10501373,rs6834691,1.85e-60,CLNK
4,10503752,rs10488947,0.853015,CLNK
4,10655218,rs12233843,1.58e-31,CLNK
4,10709677,rs16872454,0.00830715,CLNK
4,11327966,rs7699977,6.64e-09,MIR572
4,11721992,rs11729868,6.44e-11,HS3ST1
4,12144655,rs17331012,5.08e-15,HS3ST1
4,12734687,rs11726001,2.44e-169,RAB28
4,12778849,rs17366799,4.07e-09,RAB28
4,12849011,rs2540843,2.09e-05,RAB28
4,12852119,rs2540844,1.2e-146,RAB28
4,12901753,rs223929,2.02e-275,RAB28
4,12943753,rs6827943,8.77e-72,RAB28
4,12963574,rs763318,0,RAB28
4,12967160,rs223982,3.38e-91,RAB28
4,13079264,rs13136347,1.35e-23,RAB28
4,13092297,rs11945548,5.37e-40,RAB28
4,13107358,rs16888185,9.95e-12,RAB28
4,13164420,rs16888269,4.59e-05,RAB28
4,13175970,rs16888303,2.85e-32,RAB28
4,13242724,rs733047,9.03e-201,RAB28
4,13252632,rs734998,0.130672,RAB28
4,13395424,rs16888633,9.11e-08,RAB28
4,13530824,rs10034452,8.55e-07,LINC01097
4,13534370,rs10939484,2.32e-10,LINC01097
4,13539373,rs758973,1.98e-124,NKX3-2
4,13682775,rs17336421,4.77e-42,MIR5091
4,13855897,rs4698178,0.00030803,MIR5091
4,13984315,rs558473,2.74e-15,LINC01085
4,14246311,rs1426126,1.28e-09,LINC01085
4,14383728,rs2867686,1.13e-14,LINC01085
4,14649304,rs17371992,1.06e-07,CPEB2-AS1
4,14734639,rs12503865,1.06e-15,CPEB2-AS1
4,14751560,rs4577573,9.28e-08,CPEB2-AS1
4,14866685,rs6850085,1.03e-06,CPEB2-AS1
4,14931835,rs10031277,6.07e-28,CPEB2-AS1
4,15048757,rs12643777,2.03e-25,CPEB2
4,15082485,rs2247831,4.33e-34,CPEB2
4,15127630,rs11721627,1.38e-08,CPEB2
4,15181885,rs10014445,4.97e-08,CPEB2
4,15219710,rs9991734,7.59e-31,C1QTNF7
4,15443685,rs13108125,2.13e-17,C1QTNF7
4,15603069,rs1134634,1.94e-16,CC2D2A
4,15964763,rs4698432,1.79e-08,FGFBP2
4,16599234,rs1496747,1.02e-13,MIR548AX
4,16826922,rs158269,2.2e-11,LDB2
4,16859042,rs1483007,7.14e-15,LDB2
4,17039677,rs13109476,4.21e-13,LDB2
4,17427573,rs2697707,3.04e-05,QDPR
4,17738292,rs12642968,1.51e-136,FAM184B
4,17754714,rs2215266,2.2e-154,FAM184B
4,17782264,rs740672,0,FAM184B
4,17805379,rs7690457,1.93e-270,DCAF16
4,17811914,rs7667864,0,DCAF16
4,17815889,rs16895802,5.99e-198,NCAPG
4,17869234,rs16895917,9.5e-212,NCAPG
4,17884986,rs16895971,0,NCAPG
4,17901352,rs17518793,0,NCAPG
4,18025484,rs2011603,0,LCORL
4,18049596,rs41440753,1.39e-74,LCORL
4,18077539,rs6833919,3.13e-17,LCORL
4,18121025,rs16896461,6.87e-48,LCORL
4,18202629,rs1503881,6.55e-05,LCORL
4,18220536,rs6841071,3.46e-11,LCORL
4,18256070,rs10488993,7.04e-54,LCORL
4,18296221,rs11730060,0.274348,LCORL
4,18395528,rs6449376,1.84e-22,LCORL
4,18433152,rs6449377,2.03e-29,LCORL
4,18617189,rs16897260,0.379319,LCORL
4,19637209,rs17569146,6.59e-10,SLIT2
4,19984510,rs12647476,1.18e-16,SLIT2
4,20032963,rs2708987,0.0013924,SLIT2
4,20311997,rs7668974,6.34e-18,SLIT2
4,20530374,rs9992559,3.73e-20,MIR218-1
4,20676535,rs28414076,7.86e-19,PACRGL
4,21056813,rs10032561,7.08e-14,KCNIP4
4,21855941,rs4697241,3.01e-30,KCNIP4-IT1
4,22006439,rs1513561,1.12e-24,KCNIP4
4,22451781,rs1564138,1.71e-12,GPR125
4,22674340,rs7689638,0.0370692,GBA3
4,22763649,rs10025573,3.76e-11,GBA3
4,23889813,rs2970872,3.62e-23,PPARGC1A
4,23972751,rs2324233,3.56e-10,PPARGC1A
4,24187951,rs7656616,1.77e-09,PPARGC1A
4,24539202,rs12499194,1.88e-19,DHX15
4,24716834,rs2215629,4.09e-11,SOD3
4,25444762,rs10008104,1.02e-11,ANAPC4
4,25911176,rs9647441,3.58e-22,SMIM20
4,26018063,rs13135018,3.51e-50,SMIM20
4,26025756,rs4269167,1.92e-44,SMIM20
4,26510549,rs13102546,4.39e-10,CCKAR
4,28795758,rs2131464,8.57e-30,MIR4275
4,29550284,rs1837815,1.04e-20,MIR4275
4,30736724,rs13111136,2.44e-07,PCDH7
4,30998855,rs13145109,1.07e-11,PCDH7
4,31954459,rs1533924,1.46e-09,PCDH7
4,32527996,rs12500172,1.32e-09,PCDH7
4,35042703,rs16990689,1.15e-07,ARAP2
4,35456953,rs11732820,6.78e-09,ARAP2
4,37668484,rs6531568,2.21e-09,RELL1
4,37837819,rs2714555,2.54e-08,PGM2
4,38004280,rs1006181,5.03e-29,PTTG2
4,38018181,rs13142228,8.33e-12,PTTG2
4,38225756,rs2381135,5.82e-28,TBC1D1
4,38328777,rs6829875,1.82e-26,LINC01258
4,38368635,rs901705,0.0278066,LINC01258
4,38508357,rs2637718,2.04e-23,LINC01258
4,38510115,rs4257661,1.87e-14,LINC01258
4,38520456,rs902649,5.72e-18,LINC01258
4,38596365,rs2169541,7.11e-09,KLF3-AS1
4,38616758,rs922334,6.27e-28,KLF3-AS1
4,38711684,rs13132956,1.65e-16,KLF3
4,38716483,rs13149231,3.23e-30,KLF3
4,38874802,rs2130296,4.79e-93,MIR574
4,39339933,rs958633,2.36e-110,RFC1
4,39643536,rs13104353,4.13e-37,SMIM14
4,39744847,rs12648825,1.76e-10,UBE2K
4,40051064,rs794016,2.4e-125,LOC344967
4,40722751,rs2219999,1.22e-12,NSUN7
4,41328070,rs10005551,2.08e-11,LIMCH1
4,41406510,rs13118239,1.44e-17,LIMCH1
4,41649554,rs12498364,0.0082513,LIMCH1
4,41663002,rs7349706,6.32e-15,LIMCH1
4,42125621,rs4132888,8.54e-37,BEND4
4,42423266,rs3935447,2.27e-14,ATP8A1
4,44494795,rs4305550,5.29e-24,KCTD8
4,44998994,rs12512921,5.02e-42,GNPDA2
4,45129970,rs963317,2.1e-105,GNPDA2
4,45902698,rs4132626,2.82e-43,GABRG1
4,45939268,rs7666693,1.77e-32,GABRG1
4,46381657,rs4695152,2.57e-19,GABRA2
4,46494121,rs12510295,1.61e-21,GABRA2
4,47950256,rs4695317,9.21e-15,CNGA1
4,48096781,rs1003873,0.154395,TXK
4,48498290,rs10031777,4.3e-188,FRYL
4,52685386,rs4379113,6.62e-114,DCUN1D4
4,54299380,rs11133274,2.13e-29,FIP1L1
4,54342658,rs6855607,8.57e-55,LNX1
4,54414696,rs6820391,2.61e-34,LNX1-AS1
4,55093955,rs6554162,1.4e-36,PDGFRA
4,55339201,rs12508912,2.72e-07,PDGFRA
4,55489396,rs6828380,1.14e-13,KIT
4,55805555,rs2067951,3.48e-12,KDR
4,56376344,rs2272073,5.95e-177,CLOCK
4,56927194,rs2412721,8.87e-42,CEP135
4,57336309,rs11133443,4.56e-15,SRP72
4,57748298,rs12510703,2.17e-48,REST
4,57766052,rs9998008,6.77e-68,REST
4,57781754,rs781663,0,REST
4,57788233,rs17087265,2.01e-21,REST
4,57910285,rs11573106,7.16e-76,POLR2B
4,58381423,rs6849346,9.88e-13,IGFBP7-AS1
4,60079490,rs7681389,2.21e-06,IGFBP7-AS1
4,60257454,rs7681982,3.72e-11,LPHN3
4,61059435,rs17219093,3.86e-11,LPHN3
4,62569754,rs6855108,1.09e-09,LPHN3
4,65722814,rs1367343,1.54e-06,LOC401134
4,66231686,rs36050417,1.86e-09,EPHA5
4,66786494,rs976219,6.33e-13,LOC100144602
4,67070700,rs11735117,3.81e-13,LOC100144602
4,67904161,rs787360,4.47e-31,LOC101927237
4,68480525,rs4860262,1.64e-21,UBA6
4,69185154,rs3927373,1.15e-08,YTHDC1
4,69591782,rs293428,2.98e-16,UGT2B15
4,69988453,rs4535394,7.6e-08,UGT2B7
4,71383757,rs4696931,4.49e-18,AMTN
4,71697510,rs4694080,1.17e-10,GRSF1
4,71854281,rs12499651,1.16e-33,MOB1B
4,71944110,rs12374312,3.62e-10,DCK
4,71992629,rs2840075,2.23e-10,SLC4A4
4,72126442,rs2579331,6.56e-25,SLC4A4
4,72127321,rs13147721,1.39e-17,SLC4A4
4,72339194,rs1134115,1.99e-32,SLC4A4
4,72341390,rs4458426,5.48e-37,SLC4A4
4,72470436,rs10018510,6.49e-28,SLC4A4
4,72609398,rs3755967,3.51e-41,GC
4,72992419,rs12651098,4.12e-11,NPFFR2
4,73136920,rs7679388,0.147421,ADAMTS3
4,73205253,rs7690711,1.03e-12,ADAMTS3
4,73350822,rs2086530,2.01e-16,ADAMTS3
4,73387788,rs4694123,1.15e-05,ADAMTS3
4,73429638,rs1518489,0,ADAMTS3
4,73437311,rs9884972,2.86e-116,ADAMTS3
4,73530159,rs4694508,0,ADAMTS3
4,73552093,rs4694127,4.07e-222,ADAMTS3
4,73608156,rs11935685,3e-31,ADAMTS3
4,73761638,rs17779822,2.38e-10,COX18
4,73802423,rs2366703,2.78e-06,COX18
4,73891050,rs6446913,2.5e-05,COX18
4,74104071,rs16849210,1.2e-06,ANKRD17
4,74321600,rs10020432,4.48e-05,AFP
4,74699333,rs10805069,1.11e-14,CXCL6
4,74867278,rs3756075,1.6e-19,CXCL5
4,75387973,rs7656798,7.19e-06,AREG
4,75686605,rs6840529,1.12e-18,BTC
4,75980213,rs4859937,3.52e-05,PARM1
4,76212995,rs6535270,1.3e-10,LOC441025
4,76285765,rs17211828,5.77e-18,LOC441025
4,76302023,rs12645442,1.56e-06,LOC441025
4,76519096,rs4859966,2.12e-15,CDKL2
4,76770159,rs13149236,2.38e-14,PPEF2
4,76824078,rs9784511,0.00190962,PPEF2
4,77096118,rs17001561,8.51e-13,SCARB2
4,77101068,rs3816248,5.92e-12,SCARB2
4,77192838,rs3733251,0.00060471,FAM47E
4,77296600,rs1876535,1.75e-18,CCDC158
4,77548168,rs10222974,3.49e-07,MIR4450
4,77824442,rs2703115,5.72e-39,SOWAHB
4,77921005,rs878729,8.97e-10,2011-09-01 00:00:00
4,77984155,rs4252845,3.14e-05,CCNI
4,78145293,rs716024,1.04e-05,CCNG2
4,78534857,rs7660547,6.42e-08,CXCL13
4,79131741,rs1320088,1.08e-10,FRAS1
4,79176066,rs1017649,1.54e-16,FRAS1
4,79293127,rs1385130,3.27e-23,FRAS1
4,79676473,rs7690754,1.82e-23,BMP2K
4,79801202,rs6843114,2.52e-33,BMP2K
4,80536851,rs11098774,5.59e-16,LINC00989
4,80609480,rs10002178,8.69e-05,LINC00989
4,80858848,rs34805068,4.2e-14,ANTXR2
4,80948670,rs12645809,2.51e-18,ANTXR2
4,81072664,rs6842571,6.67e-10,PRDM8
4,81194090,rs3796606,7.07e-36,FGF5
4,81298274,rs12648594,2.65e-11,C4orf22
4,81431685,rs6843444,0.989738,C4orf22
4,81746468,rs6816536,5.66e-35,C4orf22
4,81795810,rs6827644,7.94e-27,C4orf22
4,81842668,rs17005004,2.9e-07,C4orf22
4,81924728,rs17005016,4.26e-28,BMP3
4,81968333,rs2903746,0.0719662,BMP3
4,82010773,rs3822224,2.36e-19,PRKG2
4,82023516,rs11723025,0.00070247,PRKG2
4,82058647,rs2868140,1.73e-57,PRKG2
4,82126316,rs3114135,0,PRKG2
4,82143203,rs17005093,1.45e-45,PRKG2
4,82165790,rs994014,0,PRKG2
4,82184539,rs7687899,1.89e-28,PRKG2
4,82211636,rs11733845,0,PRKG2
4,82324450,rs17005127,0.00038643,RASGEF1B
4,82445386,rs6844142,2.94e-18,RASGEF1B
4,82549474,rs7662480,7e-09,RASGEF1B
4,82641655,rs7667076,1.16e-16,RASGEF1B
4,82819140,rs10024084,4.11e-09,RASGEF1B
4,83189631,rs6815242,1.54e-11,HNRNPD
4,83273140,rs34471118,3.26e-89,HNRNPD
4,83278333,rs2069116,3.15e-07,HNRNPD
4,83348978,rs6826022,0.00157025,HNRNPDL
4,83573300,rs4693478,7.89e-21,SCD5
4,83758827,rs1136882,8e-12,SEC31A
4,84787315,rs2017394,3.04e-14,AGPAT9
4,85066395,rs9992120,1.24e-09,NKX6-1
4,85084417,rs6843857,6.95e-12,NKX6-1
4,85113459,rs6850035,3.24e-11,NKX6-1
4,85375567,rs763540,7.79e-19,NKX6-1
4,85524037,rs41524654,7.86e-12,CDS1
4,86186589,rs11931970,1.01e-05,ARHGAP24
4,86513864,rs4693711,1.93e-27,ARHGAP24
4,86714299,rs958800,2.09e-35,MIR4451
4,86744000,rs1823762,6.69e-106,MIR4451
4,86925912,rs2589511,0.00026922,ARHGAP24
4,86983232,rs3775187,0.00707038,MAPK10
4,87182910,rs1460756,8.06e-38,LOC101929064
4,87252797,rs7677400,2.92e-13,LOC101929064
4,87514712,rs12508626,2.55e-10,PTPN13
4,87603929,rs1187212,0.0189354,PTPN13
4,87631532,rs17454077,1.42e-34,PTPN13
4,87777978,rs2594281,0.00625881,SLC10A6
4,87880096,rs965824,8.38e-21,AFF1
4,87895960,rs6531941,9.5e-09,AFF1
4,87976359,rs1471251,6.8e-62,AFF1
4,87994787,rs10489045,6.27e-24,AFF1
4,88057353,rs1408,1.58e-63,AFF1
4,88226231,rs11735092,1.18e-58,HSD17B13
4,88437710,rs10001608,0.00469503,SPARCL1
4,88640064,rs10016081,4.12e-109,DMP1
4,88732692,rs1054627,1.14e-26,IBSP
4,88793011,rs1463099,0.975194,MEPE
4,88856733,rs10516796,1.63e-71,SPP1
4,88975684,rs6843032,9.78e-15,PKD2
4,89621072,rs2604209,4.57e-11,NAP1L5
4,89726283,rs2276936,0.705911,FAM13A-AS1
4,89744242,rs2305934,2.28e-07,FAM13A-AS1
4,89779909,rs2085600,1.35e-10,FAM13A-AS1
4,89879212,rs1104633,1.37e-18,FAM13A
4,89947462,rs1343921,6.08e-35,FAM13A
4,90202027,rs4557230,3.36e-09,GPRIN3
4,90817848,rs6812192,7.53e-17,MMRN1
4,91794821,rs10017262,4.22e-10,CCSER1
4,92152678,rs4693272,7.67e-08,CCSER1
4,94079508,rs1503211,9.24e-28,GRID2
4,95255278,rs2059606,9.59e-07,HPGDS
4,95589337,rs7285,4.21e-11,PDLIM5
4,95821051,rs17022496,2.15e-18,BMPR1B
4,95859913,rs7671870,4.39e-17,BMPR1B
4,95948486,rs17345417,6.64e-12,BMPR1B
4,97074573,rs6844234,2.19e-12,PDHA2
4,97639986,rs6532646,3.89e-60,STPG2-AS1
4,99459528,rs2037832,8.03e-12,TSPAN5
4,99783733,rs2165944,2.45e-13,EIF4E
4,100054827,rs6532798,3.36e-16,ADH4
4,100269202,rs1789921,5.48e-17,ADH1C
4,100476060,rs1491233,1.98e-49,TRMT10A
4,100525515,rs3828542,2.75e-100,MTTP
4,100721072,rs1365497,3.94e-13,DAPP1
4,101082527,rs17620559,3.3e-33,DDIT4L
4,101107476,rs3819183,6.4e-12,DDIT4L
4,101260798,rs7696248,6.79e-23,EMCN
4,101306586,rs1982086,1.64e-20,EMCN
4,101544176,rs11932137,2.05e-15,LINC01216
4,102223386,rs1031034,1.97e-20,PPP3CA
4,102865304,rs13126505,1.83e-88,BANK1
4,103173749,rs13126885,4.14e-39,SLC39A8
4,103284865,rs13114738,6.47e-81,SLC39A8
4,103418957,rs980455,1.48e-51,NFKB1
4,103916717,rs3960787,2.42e-07,SLC9B1
4,104046098,rs17282245,5.41e-06,CENPE
4,104258396,rs7662107,5.56e-94,CENPE
4,104466726,rs374474,2.53e-18,TACR3
4,104574265,rs3796962,7.3e-78,TACR3
4,104640935,rs3733632,2.66e-110,TACR3
4,104764076,rs13137547,0.0159149,TACR3
4,104972057,rs2134026,4.17e-12,TACR3
4,105151560,rs4698914,3.94e-28,CXXC4
4,105409654,rs4129288,0.377347,CXXC4
4,105657028,rs2522506,0.00011161,CXXC4
4,105891467,rs12506201,5.83e-46,TET2
4,106005247,rs10008015,2.46e-106,TET2
4,106066982,rs7661349,0,TET2
4,106071597,rs763480,6.05e-17,TET2
4,106156187,rs17253672,3.85e-68,TET2
4,106271522,rs2726490,0,PPA2
4,106366420,rs11097888,4.38e-07,PPA2
4,106523977,rs1374530,3.92e-20,ARHGEF38-IT1
4,107570410,rs2553201,1.93e-19,DKK2
4,108714810,rs11723714,2.41e-12,SGMS2
4,108891986,rs10018478,8.37e-18,CYP2U1
4,109046960,rs956237,2.16e-48,LEF1-AS1
4,109119782,rs17567346,5.51e-13,LEF1-AS1
4,109236454,rs852269,5.43e-36,LEF1-AS1
4,109251708,rs17608469,1.77e-31,LEF1-AS1
4,109264055,rs12108639,9.53e-06,LEF1-AS1
4,109276830,rs1558172,7.82e-74,LEF1-AS1
4,109379728,rs1452404,1.68e-44,RPL34-AS1
4,109461985,rs17583662,1.33e-277,RPL34-AS1
4,109475974,rs6835794,3.77e-144,RPL34-AS1
4,109744922,rs1901680,1.54e-06,COL25A1
4,109781788,rs965935,5.9e-21,COL25A1
4,110017182,rs11736110,1.28e-25,COL25A1
4,110017206,rs4632736,4.48e-10,COL25A1
4,110332917,rs6845967,3.12e-10,SEC24B-AS1
4,110861927,rs10029654,1.2e-22,EGF
4,111570223,rs1448818,1.32e-20,PITX2
4,113302357,rs2023825,0.0448566,ALPK1
4,113352628,rs13148353,3.73e-05,ALPK1
4,113459405,rs11726579,3.07e-13,ZGRF1
4,114000956,rs7694725,1.16e-08,MIR1243
4,114661681,rs1859229,1.89e-12,CAMK2D
4,114748150,rs4345183,0.00229405,CAMK2D
4,114822579,rs13110620,2.45e-105,ARSJ
4,114879781,rs17621017,2.73e-56,ARSJ
4,114891757,rs11098219,1.94e-89,ARSJ
4,115320145,rs4240294,1.33e-12,UGT8
4,115605064,rs4834428,2.44e-10,UGT8
4,116263264,rs4834464,2.07e-11,NDST4
4,117976279,rs11098373,1.48e-06,TRAM1L1
4,119009894,rs17593793,1.59e-17,NDST3
4,119639701,rs6818055,3.38e-09,SEC24D
4,119736796,rs2389688,4.29e-17,SEC24D
4,119954710,rs2279506,6.03e-22,SYNPO2
4,120395973,rs10518332,3.77e-28,PDE5A
4,120415676,rs1045177,2.61e-09,PDE5A
4,120573222,rs17051339,6.8e-90,PDE5A
4,120601731,rs13122890,7.43e-88,PDE5A
4,120654831,rs17005547,5.55e-46,LOC101927007
4,120695459,rs4450908,6.2e-09,LOC101927007
4,120756095,rs2389919,1.64e-128,LOC101927007
4,120858180,rs4834827,8.78e-12,MAD2L1
4,120990081,rs13121806,6.64e-18,MAD2L1
4,121656067,rs2290,1.59e-19,PRDM5
4,121803292,rs1450472,3.2e-23,PRDM5
4,122614755,rs6830321,7.13e-19,ANXA5
4,122694087,rs7687226,4.44e-49,PP12613
4,122720999,rs6838153,9.41e-190,EXOSC9
4,122761854,rs1532968,0.721794,BBS7
4,123521180,rs975405,1.46e-12,IL21
4,123547541,rs4295278,7.89e-20,IL21
4,123679002,rs13142203,1.8e-37,BBS12
4,123745611,rs308392,1.03e-07,FGF2
4,123752017,rs308412,2.46e-96,FGF2
4,123838758,rs12648093,7.47e-150,NUDT6
4,124233384,rs2047201,1.08e-32,SPATA5
4,124319191,rs300570,1.76e-05,SPRY1
4,124478959,rs4621443,1.6e-05,LINC01091
4,124628815,rs17810799,2.05e-19,LINC01091
4,124812897,rs17492375,8.17e-35,LINC01091
4,124908231,rs1519224,4.09e-78,LINC01091
4,125587561,rs3172524,3.6e-17,ANKRD50
4,126267997,rs17009497,8.46e-07,FAT4
4,126679292,rs7689365,3.84e-17,MIR2054
4,126688743,rs4446326,5.29e-15,MIR2054
4,126975201,rs7656535,2.95e-29,MIR2054
4,127994923,rs4834177,9.37e-20,INTU
4,129160316,rs4975300,4.32e-07,LARP1B
4,129468502,rs6815701,0.00588461,PGRMC2
4,129612864,rs10034620,1.21e-18,JADE1
4,129629250,rs10009842,1.79e-24,JADE1
4,129672698,rs13127101,0.00175295,JADE1
4,130781670,rs2969004,7.08e-11,LOC101927282
4,132465027,rs4864048,1.82e-20,PCDH10
4,134379070,rs3922637,4.01e-14,PCDH10
4,135040295,rs970036,1.46e-37,PABPC4L
4,135473527,rs7695759,7.9e-08,PABPC4L
4,135735591,rs13144694,1.25e-11,PABPC4L
4,137259828,rs10013817,2.24e-12,LINC00613
4,138233578,rs1425973,3.63e-13,PCDH18
4,138295046,rs10434086,2.2e-41,PCDH18
4,138514969,rs3922840,6.48e-09,PCDH18
4,138580743,rs17275256,1.64e-31,PCDH18
4,139019356,rs1982203,1.4e-51,SLC7A11-AS1
4,140115744,rs11941589,9.4e-114,ELF2
4,140134659,rs6820313,3.65e-25,MGARP
4,140485914,rs795365,2.75e-12,SETD7
4,140609325,rs1377382,5.23e-06,MGST2
4,140736600,rs795993,4.41e-11,MGST2
4,141009952,rs12648900,3.88e-19,MAML3
4,141877025,rs3909595,2.99e-08,RNF150
4,142725468,rs12511035,1.46e-22,IL15
4,143020617,rs336308,1.5e-21,INPP4B
4,144030000,rs7696032,3.34e-14,USP38
4,144239825,rs300904,2.13e-114,GAB1
4,144359490,rs28925904,1.86e-70,GAB1
4,144480231,rs17017907,2.09e-211,GUSBP5
4,144508537,rs13149219,2.31e-18,FREM3
4,145085143,rs11728624,2.05e-37,GYPA
4,145091158,rs7659322,8.53e-07,GYPA
4,145142571,rs4513513,0.748192,GYPA
4,145220862,rs7661384,3.63e-20,GYPA
4,145226422,rs11935505,5.59e-12,GYPA
4,145242013,rs11100851,0.362127,GYPA
4,145273928,rs4835177,4.33e-21,GYPA
4,145274770,rs989346,3.06e-79,GYPA
4,145278755,rs1505772,0,GYPA
4,145452783,rs6845536,8.88e-256,HHIP-AS1
4,145487955,rs17019486,5.13e-16,HHIP-AS1
4,145531845,rs2883154,0,HHIP-AS1
4,145565116,rs7680661,0,HHIP-AS1
4,145572046,rs7675744,0,HHIP-AS1
4,145577370,rs2035742,1.06e-165,HHIP-AS1
4,145643079,rs6854783,0,HHIP
4,145740898,rs2353940,9.91e-19,HHIP
4,145761160,rs6537319,5.72e-26,HHIP
4,145822014,rs11100870,0,ANAPC10
4,146036388,rs34149094,0,ABCE1
4,146080339,rs12498677,4.08e-167,OTUD4
4,146156670,rs2883723,5.6e-81,OTUD4
4,146186595,rs6821388,4.07e-136,OTUD4
4,146201389,rs2355618,5.24e-06,OTUD4
4,146220802,rs4373182,0.992456,OTUD4
4,146428384,rs2118438,5.24e-12,SMAD1-AS2
4,146485891,rs10009376,0.549885,SMAD1
4,146639774,rs10003327,4.72e-10,C4orf51
4,146660964,rs11100899,2.68e-40,C4orf51
4,146697063,rs6818581,2.73e-31,ZNF827
4,146800922,rs17020769,1.69e-75,ZNF827
4,146843990,rs2135962,8.66e-89,ZNF827
4,146875551,rs723794,5.29e-27,ZNF827
4,147299995,rs1385847,1.4e-22,MIR7849
4,147786402,rs7697716,2.96e-17,TTC29
4,148477877,rs1517137,1.33e-07,EDNRA
4,148978406,rs2358182,5.25e-37,ARHGAP10
4,149064692,rs13150372,5.61e-08,NR3C2
4,149269766,rs10519959,2.44e-10,NR3C2
4,149697086,rs6848368,3.22e-39,NR3C2
4,151245171,rs11933114,1.35e-52,LRBA
4,152109552,rs13120989,2.58e-77,SH3D19
4,152445831,rs2053566,2.66e-85,FAM160A1
4,152984540,rs10032875,0.0774012,FBXW7
4,153275395,rs2676329,4.02e-31,DEAR
4,153428649,rs17277029,0.965882,MIR3140
4,153829996,rs7664303,6.36e-23,ARFIP1
4,153890646,rs10008050,1.91e-07,FHDC1
4,154418561,rs3816086,7.36e-43,KIAA0922
4,154625409,rs3804100,2.5e-07,TLR2
4,154883493,rs6818192,7.92e-06,SFRP2
4,154934664,rs17372163,9.22e-09,DCHS2
4,155507590,rs6050,2.61e-24,FGA
4,156084295,rs7682774,8.44e-08,NPY2R
4,156434164,rs7440928,3.02e-11,MAP9
4,156585466,rs41483149,1.34e-05,GUCY1A3
4,156635309,rs7692387,1.85e-07,GUCY1A3
4,156813021,rs2175843,1.15e-18,TDO2
4,157114294,rs11737014,8.9e-19,CTSO
4,157190788,rs7668315,5.01e-40,CTSO
4,157381961,rs4691343,1.83e-14,PDGFC
4,157730274,rs4691381,1.62e-38,PDGFC
4,157815887,rs6812101,7.04e-72,PDGFC
4,158447249,rs6536246,4.58e-06,LOC340017
4,158932876,rs6847800,4.33e-75,FAM198B
4,159629814,rs17843966,1.99e-20,ETFDH
4,159834341,rs4690915,1.82e-28,FNIP2
4,160019492,rs2014078,7.47e-88,MIR3688-1
4,160244287,rs2017009,0.623422,RAPGEF2
4,162111190,rs13106265,5.52e-15,FSTL5
4,164230788,rs4146926,1.24e-18,NPY1R
4,164470301,rs11100507,1.74e-07,2001-03-01 00:00:00
4,165564515,rs6824404,1.8e-14,MIR5684
4,165798986,rs12500546,3.33e-08,APELA
4,165879381,rs10001548,4.55e-14,FAM218A
4,166261800,rs1550270,3.05e-16,MSMO1
4,166311768,rs9631753,3.16e-30,MIR578
4,166438651,rs4328874,1.25e-13,CPE
4,166764043,rs6816331,2.24e-29,TLL1
4,167698248,rs6817936,1.58e-09,SPOCK3
4,168823765,rs440380,2.54e-16,ANXA10
4,169072888,rs1317046,2.08e-21,ANXA10
4,169829345,rs6817551,1.17e-34,PALLD
4,170634408,rs1010713,1.86e-18,CLCN3
4,171139038,rs1403227,1.68e-11,AADAT
4,173467522,rs1455126,6.07e-09,GALNTL6
4,174074257,rs6855544,5.27e-08,GALNT7
4,174461562,rs4585277,2.42e-14,HAND2-AS1
4,174603650,rs17263985,2.76e-09,HAND2-AS1
4,175076940,rs11733331,1.31e-08,FBXO8
4,175755487,rs6553831,7.29e-27,GLRA3
4,177165588,rs17679194,1.87e-08,ASB5
4,177249756,rs3733371,1.12e-07,SPCS3
4,180886822,rs7675700,8.7e-11,LINC00290
4,181194625,rs11938454,5.37e-08,LINC00290
4,182232261,rs17071044,3.97e-10,LINC00290
4,182692368,rs12508055,4.25e-09,MGC45800
4,183157856,rs17072904,6.02e-10,MIR1305
4,183175899,rs17309350,7.95e-26,TENM3
4,184215675,rs955748,3.08e-242,CLDN22
4,184219882,rs6852303,1.84e-85,CLDN22
4,184236868,rs4862155,1.35e-234,CLDN22
4,184503980,rs11132193,3.08e-12,RWDD4
4,185128095,rs17679896,2.38e-29,ENPP6
4,185143375,rs1317078,7.93e-21,ENPP6
4,185604780,rs2696051,9.27e-14,CENPU
4,185725416,rs6552828,1.73e-12,SLED1
4,186182942,rs3112857,4.45e-13,SNX25
4,186697494,rs2310357,1.4e-117,SORBS2
4,186710312,rs6858040,0.368852,SORBS2
4,186714976,rs7662979,3.82e-06,SORBS2
4,186785614,rs6552929,6.67e-14,SORBS2
4,186808581,rs13110782,2.15e-21,SORBS2
4,187518976,rs2306990,5.14e-09,FAT1
4,188828608,rs11724392,3.2e-10,ZFP42
5,288014,rs4957014,5.58e-06,AHRR
5,299621,rs9654453,1.08e-96,AHRR
5,305595,rs16900804,3.09e-29,AHRR
5,423698,rs10064055,0.00205204,AHRR
5,1443498,rs2455391,4.15e-20,SLC6A3
5,1454004,rs12654851,4.09e-06,LPCAT1
5,2686712,rs924218,3.12e-17,IRX2
5,2990320,rs6868636,2.74e-10,LOC102467074
5,3128336,rs1215405,6.64e-19,LOC102467074
5,3194690,rs17555553,8.45e-17,LOC102467074
5,3235696,rs251816,1.91e-10,LOC102467074
5,3423838,rs365294,3.23e-08,LINC01019
5,3501506,rs13169644,8.76e-13,LOC102467075
5,4013641,rs645402,1.49e-11,IRX1
5,5355521,rs13181461,7.19e-09,ADAMTS16
5,6597622,rs545493,3.24e-19,NSUN2
5,6747104,rs2290616,5.72e-92,PAPD7
5,7218137,rs13155746,6.86e-15,MIR4454
5,7497783,rs4333285,5.41e-15,ADCY2
5,7758961,rs4380617,1.69e-77,ADCY2
5,10397709,rs16884642,7.37e-10,2006-03-01 00:00:00
5,10456693,rs2921162,1.46e-10,ROPN1L
5,10675766,rs1531842,1.17e-17,DAP
5,10680997,rs5745297,7.09e-22,DAP
5,10789570,rs2964796,3.4e-14,DAP
5,11239180,rs10474912,7.71e-13,CTNND2
5,13023674,rs1438297,1.04e-07,LINC01194
5,13508265,rs1010527,3.13e-09,DNAH5
5,14035200,rs10054680,1.1e-07,DNAH5
5,14164260,rs32595,1.43e-40,TRIO
5,14748556,rs153920,2.21e-66,LOC100130744
5,14876569,rs835154,3.15e-10,ANKH
5,14913369,rs844335,5.11e-07,ANKH
5,14980784,rs12521797,2.25e-05,ANKH
5,14983623,rs835071,5.58e-33,ANKH
5,16560819,rs31289,5.64e-09,LOC101929524
5,16673975,rs25901,1.02e-09,MYO10
5,16720475,rs16869034,4.17e-13,MYO10
5,16784019,rs25904,3.39e-11,MYO10
5,16994559,rs904752,1.51e-11,MYO10
5,20129436,rs1435984,2e-08,CDH18
5,23452924,rs2914263,2e-08,PRDM9
5,23667236,rs10473657,2.84e-09,PRDM9
5,24625431,rs9293146,2.9e-10,CDH10
5,24954806,rs1389325,1.18e-09,LOC340107
5,25232964,rs1396166,2.91e-15,LOC340107
5,25720302,rs255044,4.08e-07,LOC340107
5,25840450,rs10065041,1.88e-11,LOC340107
5,26960185,rs4318742,3.97e-15,CDH9
5,27050384,rs17566929,6.62e-20,CDH9
5,27418887,rs4634319,7.79e-10,LINC01021
5,28850187,rs1587624,5.71e-12,LSP1P3
5,30946644,rs1276177,1.06e-12,CDH6
5,31317952,rs2229575,3.43e-21,CDH6
5,31514127,rs17409275,1.74e-94,DROSHA
5,31528627,rs17409588,1.17e-114,DROSHA
5,31656768,rs29745,2.18e-15,C5orf22
5,31838491,rs6874198,4.09e-16,PDZD2
5,31924372,rs6863478,0.00201439,MIR4279
5,31940435,rs1505019,3.8e-41,MIR4279
5,32020001,rs10940993,4.25e-23,MIR4279
5,32049787,rs17433352,1.1e-09,PDZD2
5,32093070,rs16889442,7.97e-25,PDZD2
5,32419805,rs7445799,2.96e-30,ZFR
5,32424065,rs324432,2.75e-31,ZFR
5,32464300,rs647684,0.422466,ZFR
5,32471376,rs658910,1.54e-28,ZFR
5,32539068,rs818539,1.54e-37,SUB1
5,32690413,rs1458053,8.14e-68,NPR3
5,32694942,rs7731703,1.34e-300,NPR3
5,32716589,rs10057069,4.16e-284,NPR3
5,32722499,rs976576,6.34e-14,NPR3
5,32739661,rs16890196,2.76e-108,NPR3
5,32765457,rs11740580,0,NPR3
5,32768634,rs3792752,0,NPR3
5,32772336,rs1173737,3.56e-47,NPR3
5,32787048,rs979997,9.39e-29,NPR3
5,32811911,rs12659264,5.63e-236,NPR3
5,32815028,rs1173771,0,NPR3
5,32834199,rs1173726,6.96e-56,NPR3
5,32846818,rs1183395,1.1e-57,NPR3
5,32887610,rs1472261,7.03e-25,LOC340113
5,32905619,rs17447868,0.00010881,LOC340113
5,32936679,rs10067897,4.95e-99,LOC340113
5,32968807,rs17546321,6.49e-86,LOC340113
5,32977787,rs7726086,2.53e-13,LOC340113
5,33011986,rs4867131,1.11e-16,LOC340113
5,33012520,rs1876658,8.79e-49,LOC340113
5,33017254,rs1508827,0,LOC340113
5,33119811,rs6886558,5.2e-26,LOC340113
5,33148971,rs16890782,0.0632693,LOC340113
5,33170823,rs1479644,4.25e-54,LOC340113
5,33176114,rs4547940,2.76e-27,LOC340113
5,33239760,rs6875107,1.07e-17,TARS
5,33241655,rs11744391,9.85e-88,TARS
5,33310214,rs13182969,8.96e-102,TARS
5,33355960,rs12187304,3.91e-61,TARS
5,33362393,rs155585,1.57e-265,TARS
5,33457618,rs1003000,1.16e-36,TARS
5,33586675,rs6895632,1.83e-08,ADAMTS12
5,33597535,rs4279343,0.75396,ADAMTS12
5,33928902,rs7713279,4.23e-16,RXFP3
5,34309931,rs11956363,1.94e-10,C1QTNF3-AMACR
5,34429230,rs7380156,1.77e-16,RAI14
5,34499726,rs893933,7.9e-19,RAI14
5,34616036,rs16903378,2.81e-12,RAI14
5,34814900,rs17522675,2.97e-33,RAI14
5,35226101,rs7729876,4.8e-07,PRLR
5,35230075,rs9292578,2.72e-29,PRLR
5,35364788,rs9292587,2.89e-31,PRLR
5,35395245,rs404220,3.38e-37,PRLR
5,35560590,rs10434589,4.73e-07,SPEF2
5,35686341,rs6894157,6.9e-22,SPEF2
5,35803577,rs931555,1.6e-45,SPEF2
5,36160668,rs12656216,3.23e-125,SKP2
5,36181627,rs7731023,8.06e-95,SKP2
5,36377399,rs17284443,1.95e-05,RANBP3L
5,36451691,rs6875010,0.0051778,RANBP3L
5,36601855,rs2731877,5.54e-40,SLC1A3
5,36686886,rs1049522,1.44e-17,SLC1A3
5,36878780,rs158796,4.69e-243,NIPBL
5,37111565,rs301904,0.00032572,C5orf42
5,37251893,rs28429963,5.66e-20,C5orf42
5,37409579,rs13178300,4.25e-62,WDR70
5,37810032,rs17379667,4.56e-80,GDNF
5,38193429,rs2115110,8.48e-08,EGFLAM
5,38428087,rs2956593,1e-15,EGFLAM-AS2
5,38481335,rs1005017,3.26e-15,LIFR
5,38653601,rs327264,6.68e-10,LIFR-AS1
5,38827572,rs476236,6.47e-11,OSMR-AS1
5,38893952,rs1604399,1.38e-14,OSMR
5,39156172,rs4264965,2.72e-30,FYB
5,39227352,rs1833397,8.88e-17,FYB
5,39378115,rs1362800,3.05e-134,DAB2
5,39427155,rs9292741,1.43e-216,DAB2
5,39490186,rs2432216,3.5e-15,LOC101926940
5,39500920,rs3849781,7.9e-13,LOC101926940
5,39612525,rs10461728,0.172294,LOC101926940
5,39787302,rs10941455,5.2e-20,LOC101926940
5,39907136,rs626849,1.22e-20,LINC00603
5,41409846,rs6451574,5.28e-08,PLCXD3
5,41751702,rs10512793,0.0064504,OXCT1
5,42398465,rs3764451,0.021151,GHR
5,42436916,rs17574650,4.36e-196,GHR
5,42577559,rs7736209,2.25e-120,GHR
5,42716326,rs2972781,4e-19,GHR
5,42719344,rs6184,1e-64,GHR
5,42719826,rs2910875,0,GHR
5,42752037,rs1559286,0.0695514,CCDC152
5,43094029,rs316413,3.16e-18,LOC100506639
5,43164060,rs11744749,0.00043374,ZNF131
5,43208238,rs6887169,0.0111673,NIM1K
5,43212590,rs10512821,9.25e-28,NIM1K
5,43665238,rs7702621,1.48e-67,NNT
5,43731692,rs4574552,3.56e-37,NNT
5,43927216,rs4866756,4.15e-42,NNT
5,44373060,rs11750845,5.49e-09,FGF10
5,44941041,rs6891637,2.44e-11,MRPS30
5,45099778,rs10941692,2.76e-18,HCN1
5,45305615,rs6874127,6.58e-09,HCN1
5,50152467,rs27964,2.18e-12,PARP8
5,50480791,rs9291693,2.71e-64,LOC642366
5,50693176,rs7709134,4.79e-05,ISL1
5,50768228,rs1025050,0.00056291,ISL1
5,51132945,rs3111102,6.36e-30,ISL1
5,51266756,rs10471751,2.29e-23,ISL1
5,51582536,rs11948743,1.21e-21,PELO
5,51990269,rs4865535,2.15e-33,PELO
5,52003397,rs351930,9.93e-23,PELO
5,52096889,rs1499280,3.77e-29,PELO
5,52404312,rs153602,4.91e-20,MOCS2
5,52463230,rs2591907,5.64e-22,LOC257396
5,52636896,rs1007984,8.7e-50,FST
5,52648078,rs16881355,0.186473,FST
5,52650747,rs252046,1.04e-22,FST
5,52778210,rs3756498,3.05e-38,FST
5,52787926,rs11954686,9.87e-61,FST
5,53025465,rs155783,1.62e-05,NDUFS4
5,53156777,rs6866140,2.86e-24,ARL15
5,53215330,rs16881847,6.68e-20,MIR581
5,53444498,rs2441026,1.57e-14,ARL15
5,53656177,rs1544780,2.94e-35,ARL15
5,54122581,rs10058862,1.62e-09,LOC102467080
5,54137797,rs6860824,2.52e-22,LOC102467080
5,54259507,rs1423253,0.0470318,ESM1
5,54324634,rs6875666,3.7e-41,GZMK
5,54433393,rs336081,2.64e-186,GPX8
5,54718022,rs230755,2.7e-153,PPAP2A
5,54873285,rs10940473,0,PPAP2A
5,54905151,rs7730364,1.56e-25,SLC38A9
5,54954478,rs10056287,5.05e-269,SLC38A9
5,55105716,rs12518406,0.171397,DDX4
5,55255565,rs1373998,8.42e-30,IL6ST
5,55354945,rs17348877,0.0223464,ANKRD55
5,55575558,rs152318,1.31e-33,ANKRD55
5,55754931,rs10513081,1.96e-09,LOC102467147
5,55796319,rs40271,2.71e-30,LOC101928448
5,55845916,rs457587,1.04e-16,LOC101928448
5,55856375,rs3843467,7.76e-08,LOC101928448
5,55889772,rs13357930,0.00013311,LOC101928448
5,56166028,rs16886445,6.14e-14,MAP3K1
5,56199386,rs832539,1.27e-141,SETD9
5,56207123,rs2257505,8.22e-192,SETD9
5,56789327,rs2968230,1.9e-17,ACTBL2
5,57133250,rs1835874,3.4e-34,LOC101928539
5,57180012,rs35310736,5.49e-28,LOC101928539
5,57635488,rs245493,7.17e-30,PLK2
5,57787376,rs2307117,2.33e-18,GAPT
5,58220010,rs2936198,7.91e-18,PDE4D
5,58266490,rs829258,0.00012865,PDE4D
5,58337549,rs1498606,1.26e-35,PDE4D
5,58423010,rs10035950,0.247302,PDE4D
5,58453822,rs1345793,4.64e-23,PDE4D
5,58465400,rs7728050,3.64e-82,PDE4D
5,58520735,rs2112956,0.950563,PDE4D
5,58595606,rs7703022,5.33e-71,PDE4D
5,58719893,rs2702373,4.3e-18,PDE4D
5,58862842,rs1395337,5.06e-10,PDE4D
5,59023870,rs746477,7.83e-32,PDE4D
5,59096923,rs2963826,0.00373968,PART1
5,59817795,rs11960912,2.06e-29,PART1
5,60665439,rs13168165,2.38e-05,ZSWIM6
5,60800336,rs10223052,3.86e-52,ZSWIM6
5,60806765,rs16891983,3.46e-11,ZSWIM6
5,61015098,rs7447792,1.56e-16,C5orf64
5,61651248,rs959899,0.00260416,KIF2A
5,61720942,rs153864,2.43e-27,IPO11
5,63147022,rs17181344,6.7e-09,HTR1A
5,63972658,rs6891856,1.68e-07,FAM159B
5,64311689,rs2915436,1.37e-09,CWC27
5,64353312,rs434882,4.33e-21,CWC27
5,64357890,rs1159105,1.18e-08,CWC27
5,64388979,rs264766,1.24e-162,ADAMTS6
5,64489980,rs967459,0.018418,ADAMTS6
5,64493852,rs2161559,0.0140635,ADAMTS6
5,64495936,rs16893506,2.81e-29,ADAMTS6
5,64499782,rs6864345,1.59e-24,ADAMTS6
5,64522124,rs11746271,8.29e-76,ADAMTS6
5,64574685,rs10077096,0.00019126,ADAMTS6
5,64625512,rs2307121,1.04e-16,ADAMTS6
5,64689301,rs16893789,1.11e-123,ADAMTS6
5,64753321,rs7708044,7.66e-05,ADAMTS6
5,64774979,rs1445944,2.7e-46,ADAMTS6
5,64851146,rs155061,0.253456,CENPK
5,64936304,rs10057241,7.83e-17,TRAPPC13
5,64951811,rs17830827,0.0401657,SGTB
5,65118738,rs6860508,0.19882,NLN
5,65169440,rs7712590,3.61e-17,NLN
5,65450196,rs27076,3.33e-08,SREK1
5,65525422,rs253221,9.32e-13,SREK1
5,65867918,rs11955611,1.13e-11,MAST4
5,66187610,rs461702,1.07e-28,LOC101928794
5,66519431,rs16896422,9.29e-35,CD180
5,66538016,rs1428477,7.16e-20,CD180
5,66648422,rs1366447,1.75e-14,CD180
5,66763977,rs6877544,1.55e-25,CD180
5,66996304,rs4976023,1.61e-63,LOC102467655
5,67060334,rs4976128,0.0072443,LOC102467655
5,67092939,rs11958666,1.42e-21,LOC102467655
5,67100402,rs16896999,2.15e-99,LOC102467655
5,67101321,rs1490822,3.98e-113,LOC102467655
5,67123537,rs17318106,3.35e-106,LOC102467655
5,67126863,rs12520934,2.11e-40,LOC102467655
5,67239353,rs4642322,0.0001631,LOC102467655
5,67272691,rs10515060,1.7e-69,LOC102467655
5,67311190,rs282294,4.3e-120,LOC102467655
5,67450499,rs10515068,2.36e-07,LOC102467655
5,67452950,rs6449952,2.38e-39,LOC102467655
5,67548442,rs706716,1.16e-05,PIK3R1
5,67555580,rs13167294,4.48e-64,PIK3R1
5,67588148,rs3730089,0.0100566,PIK3R1
5,67596088,rs3756668,2.29e-173,PIK3R1
5,67732864,rs256455,3.42e-06,PIK3R1
5,67825595,rs11750646,1.85e-30,PIK3R1
5,70912681,rs277952,3.8e-14,MCCC2
5,71810246,rs246562,3.76e-65,ZNF366
5,71849569,rs1379263,4.77e-142,LOC102503427
5,72001473,rs2338637,8.34e-108,LOC102477328
5,72315858,rs16878881,2.14e-55,FCHO2
5,72369870,rs12189246,1.33e-11,FCHO2
5,72412461,rs13179315,2.37e-97,TMEM171
5,72434224,rs13160226,2.89e-27,TMEM171
5,72521202,rs4262084,3.15e-07,TMEM174
5,72617307,rs2973931,1.74e-16,FOXD1
5,72631775,rs2972197,5.84e-12,FOXD1
5,72722802,rs958583,8.39e-26,FOXD1
5,72950897,rs17633565,0.0804773,ARHGEF28
5,72963948,rs10805881,3.28e-31,ARHGEF28
5,73083183,rs4401557,4.3e-10,ARHGEF28
5,73520637,rs685295,1.53e-12,LOC102503429
5,73722350,rs296932,5.04e-14,LOC101929082
5,73848654,rs4703635,1.08e-08,ENC1
5,73961704,rs820855,1.45e-83,ENC1
5,74668589,rs17562686,4.13e-15,COL4A3BP
5,74997756,rs10057967,1.93e-12,POC5
5,75570658,rs1995381,6.03e-10,SV2C
5,75895138,rs11948805,2.41e-09,F2RL2
5,76115521,rs2242993,2.18e-14,F2RL1
5,76518442,rs4704397,2.12e-29,PDE8B
5,76975125,rs466662,1.81e-06,TBCA
5,77146336,rs13165722,5.38e-11,LOC101929154
5,77170750,rs2028596,5.39e-30,LOC101929154
5,77344579,rs16875027,1e-24,AP3B1
5,77437342,rs2052477,1.25e-269,AP3B1
5,77768943,rs1159930,3.59e-75,SCAMP1
5,77793530,rs2362831,6.72e-59,LHFPL2
5,77811308,rs7711188,2.49e-07,LHFPL2
5,77849927,rs965829,5.13e-08,LHFPL2
5,77950537,rs341918,7.99e-25,LHFPL2
5,77987524,rs784420,7.93e-19,LHFPL2
5,78046002,rs4704520,6.15e-17,ARSB
5,78084051,rs16875913,1.22e-44,ARSB
5,78150712,rs10805921,2.16e-67,ARSB
5,78310191,rs17223387,4.37e-31,DMGDH
5,78414337,rs506500,0.0196537,BHMT
5,78876335,rs7704901,0.00230536,PAPD4
5,78945171,rs7712162,2.5e-109,PAPD4
5,78964729,rs10514164,0.00057204,PAPD4
5,79251343,rs1032342,5.99e-12,MTX3
5,79306599,rs2451933,3.87e-27,MTX3
5,79564658,rs9293807,2.32e-16,SERINC5
5,79611105,rs6859753,1.5e-24,SPZ1
5,80087876,rs40592,2.33e-58,MSH3
5,80257798,rs888817,3.97e-10,LOC102524628
5,80282584,rs2052482,3.18e-39,LOC102524628
5,80365801,rs26908,0.0374474,LOC102524628
5,80425860,rs153239,3.5e-29,RNU5E-1
5,80918792,rs382297,2.71e-38,SSBP2
5,80938489,rs6897943,0.00109353,SSBP2
5,81087534,rs410644,2.75e-17,SSBP2
5,81144854,rs1472612,0.00130204,SSBP2
5,81882387,rs2385888,3.58e-26,MIR3977
5,81979166,rs1847046,1.33e-19,MIR3977
5,82029153,rs10078544,2.65e-24,MIR3977
5,82132725,rs7711759,2.93e-18,MIR3977
5,82334293,rs7717856,9.83e-19,TMEM167A
5,82775906,rs256459,1.12e-14,VCAN
5,82783000,rs13189086,1.04e-05,VCAN
5,82985690,rs7707093,3.11e-11,HAPLN1
5,83233019,rs10942340,2.17e-12,EDIL3
5,84763461,rs1604390,2.06e-18,NBPF22P
5,86204395,rs983809,8.6e-08,LOC100505878
5,86393186,rs2544679,5.95e-78,MIR4280
5,86656964,rs4421140,6.57e-32,RASA1
5,87050416,rs710400,0.0123717,CCNH
5,87440497,rs11948659,1.99e-24,TMEM161B
5,88247266,rs11952384,2.64e-86,MEF2C
5,88280425,rs1427970,0,MEF2C-AS1
5,88429024,rs4244201,6.03e-29,MEF2C-AS1
5,88741077,rs2011071,2.35e-144,MEF2C-AS1
5,88836993,rs4916755,1.72e-102,MIR3660
5,88875673,rs9293519,1.33e-45,MIR3660
5,89067547,rs9293526,2.06e-07,MIR3660
5,89375079,rs702844,1.99e-05,MIR3660
5,89476946,rs4916786,5.29e-24,MIR3660
5,90251093,rs949789,2.11e-83,GPR98
5,90410424,rs7707023,3.66e-54,GPR98
5,91396661,rs4273628,2.82e-14,ARRDC3-AS1
5,91938390,rs2221271,3.8e-07,NR2F1-AS1
5,92313841,rs34509,8.2e-18,NR2F1-AS1
5,93228046,rs17314727,1.61e-21,POU5F2
5,94046205,rs10041551,1.54e-08,MCTP1
5,95136019,rs10515229,7.42e-47,RHOBTB3
5,95196856,rs12659828,3.33e-26,C5orf27
5,95222277,rs11135441,2.27e-11,ELL2
5,95716722,rs7713317,4.2e-156,PCSK1
5,95877161,rs4869289,2.52e-34,PCSK1
5,95883847,rs10055259,3.77e-20,CAST
5,95982514,rs6862521,0.00310188,CAST
5,96125910,rs26510,2.61e-37,CAST
5,96991565,rs7733786,3.85e-12,LOC102546227
5,97442526,rs6867072,5.94e-14,LOC102546227
5,97797651,rs10463714,4.3e-33,RGMB
5,98046166,rs10479243,3.22e-21,RGMB
5,98238929,rs17732892,5.94e-25,CHD1
5,98558795,rs7708256,7.73e-31,LOC100289230
5,100022278,rs2590413,4.45e-11,FAM174A
5,100758839,rs17135627,5.01e-13,ST8SIA4
5,101570236,rs3811976,2.24e-40,SLCO4C1
5,101622517,rs841933,4.64e-33,SLCO4C1
5,102287920,rs11952361,1.24e-42,PAM
5,102643055,rs17299535,3.68e-16,C5orf30
5,104860193,rs13190190,3.21e-11,RAB9BP1
5,105618477,rs11242576,2.73e-24,LOC102467213
5,106018658,rs3902620,2.54e-13,LOC102467213
5,106344145,rs13153633,5.37e-10,LOC102467213
5,106454725,rs2410949,1.2e-07,LOC102467213
5,106767937,rs154648,4.23e-14,EFNA5
5,106916625,rs10061771,5.79e-05,EFNA5
5,107325759,rs967489,9.41e-12,FBXL17
5,107526936,rs17450705,0.0003202,FBXL17
5,107772201,rs10060602,5.36e-27,FBXL17
5,108043109,rs7710960,1.31e-19,LINC01023
5,108121356,rs2113001,5.84e-245,FER
5,108173924,rs36047276,6.29e-155,FER
5,108244776,rs10515394,1.33e-15,FER
5,108295480,rs7734092,2.25e-20,FER
5,108591582,rs1862201,7.91e-05,FER
5,108639715,rs7716238,1.68e-12,PJA2
5,109132461,rs2301010,1.76e-05,MAN2A1
5,109175167,rs9326783,2.25e-20,MAN2A1
5,110859797,rs251130,4.51e-46,STARD4
5,111033109,rs17133647,1.79e-42,NREP
5,111075728,rs3797725,1.41e-44,STARD4-AS1
5,111119554,rs9326843,0.0370283,STARD4-AS1
5,111149480,rs6894855,5.26e-13,STARD4-AS1
5,111341445,rs26563,1.31e-60,NREP-AS1
5,112167130,rs544243,1.63e-163,APC
5,112176756,rs459552,4.63e-104,APC
5,112214093,rs2546115,1.41e-115,REEP5
5,112356649,rs7670,3.14e-110,MCC
5,112741758,rs17135605,5.08e-31,TSSK1B
5,112950253,rs2914198,1.65e-58,YTHDC2
5,113489353,rs13158827,3.5e-12,KCNN2
5,114792198,rs2900095,1.52e-53,FEM1C
5,115041671,rs4921010,4.15e-278,LOC102467217
5,115059411,rs173635,2.4e-13,LOC102467217
5,115177014,rs26537,6.13e-36,ATG12
5,115351241,rs17138668,7.08e-16,AQPEP
5,115837772,rs154466,5.44e-09,CTB-118N6.3
5,117600607,rs11743021,1.37e-13,LOC102467224
5,117763622,rs6595129,2.49e-06,LOC101927280
5,118094406,rs17144556,8.59e-11,DTWD2
5,119867182,rs1404300,2.27e-56,PRR16
5,119883776,rs7702141,5.85e-05,PRR16
5,120043003,rs10075522,0.0317012,PRR16
5,120310718,rs10478495,5.77e-06,PRR16
5,120653398,rs6885327,1.65e-18,LOC102467226
5,120715483,rs4385235,8.09e-55,LOC102467226
5,121023328,rs17148169,4.79e-14,FTMT
5,121042237,rs9327226,0.931478,FTMT
5,121252616,rs9637910,3.68e-49,SRFBP1
5,121254148,rs4532386,7.07e-34,SRFBP1
5,121366608,rs6886300,4.39e-15,SRFBP1
5,121419259,rs840461,9.34e-76,LOX
5,121907799,rs17149379,3.76e-09,LOC101927379
5,122032238,rs17149518,6.03e-05,LOC101927379
5,122277036,rs1478417,3.46e-08,SNX24
5,122504566,rs335206,2.19e-12,PRDM6
5,122657199,rs1582931,2.82e-254,CEP120
5,123147064,rs6882579,4.26e-13,CSNK1G3
5,123587152,rs160851,1.97e-13,ZNF608
5,123633938,rs166293,1.79e-30,ZNF608
5,123919181,rs10071778,1.09e-07,ZNF608
5,123925517,rs7722723,2.79e-08,ZNF608
5,123967102,rs10079392,4.83e-133,ZNF608
5,124010105,rs12515115,3.24e-06,ZNF608
5,124223035,rs17448433,6.07e-13,ZNF608
5,124273899,rs6869863,9.24e-24,LOC101927421
5,124401791,rs7709555,1.29e-50,LOC101927421
5,124449375,rs13178310,0.103348,LOC101927421
5,124483483,rs13162223,6.22e-39,LOC101927421
5,124734492,rs17465113,2.32e-09,LOC101927421
5,124946753,rs1907420,4.09e-10,LOC101927460
5,125357755,rs3849060,3.9e-23,LOC102546228
5,125770833,rs7704203,4.13e-05,GRAMD3
5,125939409,rs3734173,3.78e-10,PHAX
5,126140522,rs3749830,1.79e-32,LMNB1
5,126173660,rs2973593,1.05e-12,LMNB1
5,126512372,rs248093,1.05e-19,C5orf63
5,126646864,rs2161283,5.77e-32,MEGF10
5,126737444,rs12233927,2.62e-15,MEGF10
5,126855505,rs453202,1.51e-47,PRRC1
5,127181232,rs17164611,1.09e-07,LINC01184
5,127394009,rs17607234,7.5e-203,LINC01184
5,127491565,rs790156,1.95e-141,SLC12A2
5,127624780,rs17608435,5.5e-35,FBN2
5,127683212,rs255691,1.6e-06,FBN2
5,127685135,rs154001,4.1e-161,FBN2
5,127719505,rs331076,1.25e-23,FBN2
5,127923651,rs10071030,1.58e-07,FBN2
5,127945458,rs4537097,1.23e-13,FBN2
5,128093986,rs12520096,3.01e-25,SLC27A6
5,128285661,rs1898550,1.02e-06,SLC27A6
5,128643236,rs7717089,1.36e-24,MIR4460
5,128789554,rs11241999,8.56e-15,ADAMTS19
5,129056759,rs246246,7.54e-240,ADAMTS19
5,129257092,rs13356198,2.36e-18,CHSY3
5,129610311,rs6595946,6.63e-22,CHSY3
5,129632890,rs10478920,0.0687437,CHSY3
5,130255430,rs34119525,4.72e-147,HINT1
5,130446040,rs1035440,4.63e-140,HINT1
5,131540884,rs156025,5.25e-07,P4HA2-AS1
5,131561322,rs157578,0.00036058,P4HA2
5,131562015,rs154487,0,P4HA2
5,131614981,rs7737937,6.76e-65,PDLIM4
5,131694077,rs4705938,0,MIR3936
5,131722951,rs274555,0,SLC22A5
5,131796922,rs11745587,1.74e-32,C5orf56
5,132032022,rs17166194,7.07e-11,KIF3A
5,132093037,rs256871,3.56e-05,CCNI2
5,132202399,rs30178,0.00093621,UQCRQ
5,132412299,rs11747001,2.7e-20,HSPA4
5,132620500,rs11949035,6.19e-18,FSTL4
5,132811282,rs246960,5.99e-10,MIR1289-2
5,132938624,rs7725926,1.04e-25,FSTL4
5,133355728,rs4958208,8.85e-10,VDAC1
5,133869270,rs620498,3.34e-75,JADE2
5,133898136,rs10056247,1.03e-38,JADE2
5,134043468,rs246344,1.28e-104,SEC24A
5,134051404,rs1820677,4.63e-13,SEC24A
5,134250146,rs319594,2.05e-27,PCBD2
5,134331921,rs299364,0,CATSPER3
5,134366200,rs3805663,0,C5orf66
5,134379311,rs39881,1.2e-156,C5orf66-AS1
5,134469185,rs596342,2.8e-35,C5orf66-AS1
5,134499486,rs6894494,0.163112,C5orf66-AS2
5,134509987,rs1122171,5.66e-119,C5orf66-AS2
5,134577757,rs6896456,1.93e-09,C5orf66-AS2
5,134589155,rs1834903,1.06e-24,C5orf66-AS2
5,134664577,rs12153753,1.47e-13,H2AFY
5,135039790,rs4613698,1.65e-24,LOC340074
5,135313852,rs2428158,5.08e-29,LECT2
5,135431313,rs7726644,2.8e-18,VTRNA2-1
5,135469527,rs3764941,0.00048602,SMAD5
5,137506434,rs13155519,4.84e-24,BRD8
5,137660982,rs7715815,5.91e-68,FAM53C
5,137704873,rs17207562,2.61e-21,KDM3B
5,138137670,rs825762,2.71e-06,CTNNA1
5,138456815,rs3088052,0.00027543,SIL1
5,139029000,rs187167,9.39e-129,CXXC5
5,139059017,rs3822742,7.27e-86,CXXC5
5,139176682,rs719460,7.59e-17,PSD2
5,139936239,rs10463297,0.0993549,SRA1
5,140015495,rs2569193,1.5e-63,CD14
5,140527753,rs13355454,0.00030183,PCDHB6
5,140561768,rs2740584,7.22e-39,PCDHB16
5,140765723,rs3806832,0.455867,PCDHGB4
5,140905029,rs3805691,4.92e-15,DIAPH1
5,141014494,rs2530223,5.23e-52,HDAC3
5,141026812,rs17286989,0.034287,FCHSD1
5,141041148,rs6891143,0.170689,ARAP3
5,141254063,rs6888135,1.11e-07,PCDH1
5,141454199,rs6869301,6.54e-17,NDFIP1
5,141540017,rs2338819,5.28e-09,NDFIP1
5,141605252,rs2339024,2.09e-29,NDFIP1
5,141625408,rs2908531,0.0179775,SPRY4
5,141633461,rs2908528,1.35e-104,SPRY4
5,141704370,rs13163489,3.88e-50,SPRY4
5,141801216,rs253438,1.4e-50,SPRY4
5,141897953,rs249744,0.00029242,FGF1
5,141901534,rs10491298,4.97e-17,FGF1
5,141980071,rs17099072,2.36e-18,FGF1
5,141985379,rs250100,6e-13,FGF1
5,142064594,rs17223156,1.81e-29,FGF1
5,142364508,rs10054462,1.28e-09,ARHGAP26-AS1
5,142421415,rs2270068,1.44e-09,ARHGAP26-AS1
5,142434425,rs3776343,0.00163484,ARHGAP26
5,142488144,rs3776309,9.65e-23,ARHGAP26
5,142500344,rs3815199,7.95e-12,ARHGAP26
5,142519870,rs6580274,1.74e-33,ARHGAP26
5,142538467,rs2578602,8.83e-76,ARHGAP26
5,142581364,rs12234019,7.74e-08,ARHGAP26
5,142657904,rs10482714,1.79e-33,NR3C1
5,142679397,rs10482682,1.45e-60,NR3C1
5,142705421,rs852982,1.05e-73,NR3C1
5,142859606,rs7724289,2.88e-25,NR3C1
5,142869536,rs17100350,5.84e-11,NR3C1
5,142930730,rs7712869,0.817461,NR3C1
5,143039972,rs10070905,2.82e-12,MIR5197
5,143053517,rs11738753,3.91e-68,MIR5197
5,143151880,rs6864427,2.97e-92,HMHB1
5,143487897,rs2544614,7.23e-15,YIPF5
5,143577931,rs17372802,8.3e-07,KCTD16
5,145830871,rs10053400,8.74e-31,TCERG1
5,145935409,rs4705117,1.04e-06,PPP2R2B
5,146037691,rs322980,1.21e-05,PPP2R2B
5,146125038,rs17105330,1.83e-12,PPP2R2B
5,146897988,rs1432845,1.83e-09,DPYSL3
5,147847273,rs4597955,2.74e-17,HTR4
5,148013742,rs10477387,9.8e-06,HTR4
5,148205741,rs12654778,1.68e-13,ADRB2
5,148615987,rs4295373,1.53e-15,ABLIM3
5,148672177,rs1617849,9.69e-08,AFAP1L1
5,148748736,rs353254,3.38e-62,PCYOX1L
5,148893185,rs2125130,4.5e-07,CSNK1A1
5,149065647,rs3813672,8.21e-08,PPARGC1B
5,149313344,rs17725010,1.26e-40,LOC644762
5,149531832,rs4358508,4.54e-17,PDGFRB
5,149595110,rs17111053,8e-19,CAMK2A
5,149713921,rs1012173,4.94e-57,TCOF1
5,149731071,rs10044860,6.69e-51,TCOF1
5,149867885,rs12519213,5.87e-16,LOC102546298
5,149976533,rs6874245,1.11e-21,SYNPO
5,150313198,rs1531543,1.06e-07,ZNF300P1
5,150403098,rs8177429,1.94e-07,GPX3
5,150939707,rs3097779,9.55e-09,FAT2
5,151037329,rs11747938,2.06e-16,SPARC
5,151118189,rs2964589,4.4e-21,ATOX1
5,152417867,rs965561,7.66e-05,LOC101927134
5,152610222,rs727809,4.94e-12,LOC101927134
5,153055075,rs7714428,1.07e-15,GRIA1
5,153832289,rs11747607,4.35e-18,SAP30L
5,153887991,rs374418,4e-12,HAND1
5,154034179,rs12652072,6.52e-22,LARP1
5,155607347,rs4342313,2.88e-08,SGCD
5,155752007,rs10057826,7.3e-20,SGCD
5,156710026,rs10040318,0.0127198,CYFIP2
5,156772844,rs13156380,6.98e-56,FNDC9
5,157672208,rs1185748,0.0100841,LOC101927697
5,157954662,rs2946165,2.82e-22,LOC101927697
5,158111073,rs1421898,2.65e-47,EBF1
5,158187661,rs13181719,1.82e-20,EBF1
5,158432457,rs4921518,6.09e-99,EBF1
5,158513546,rs6898290,2.02e-73,EBF1
5,158880340,rs4921229,1.19e-16,LOC285627
5,159036711,rs7715301,7e-19,LOC285627
5,159560569,rs11952950,4.44e-45,PWWP2A
5,159591003,rs7378736,5.2e-30,FABP6
5,160533424,rs17058766,3.33e-07,LOC285629
5,161377399,rs11740585,9.49e-09,GABRA1
5,161571731,rs10491328,1.45e-06,GABRG2
5,163374345,rs11954477,4.53e-08,MAT2B
5,163944905,rs1366191,3.1e-11,LOC102546299
5,165236250,rs13169962,2.4e-10,CTB-7E3.1
5,165592010,rs9313310,3.75e-06,CTB-7E3.1
5,165932967,rs2961854,8.39e-26,CTB-7E3.1
5,166635685,rs9313366,3.09e-28,TENM2
5,166801859,rs13177293,8.42e-09,TENM2
5,166881177,rs1030669,6.18e-22,TENM2
5,167553371,rs1529681,8.92e-07,CTB-178M22.2
5,167749878,rs728668,2.38e-07,WWC1
5,167917504,rs590784,2.05e-26,RARS
5,168208506,rs17553680,1.3e-32,MIR218-2
5,168208764,rs891922,9.44e-17,MIR218-2
5,168247975,rs11134534,0.685705,MIR218-2
5,168256240,rs4282339,0,MIR218-2
5,168279411,rs2938763,2.24e-73,MIR218-2
5,168453187,rs1432902,9.14e-06,CTB-174D11.1
5,168721192,rs4432908,1.11e-14,SLIT3
5,169312188,rs17646250,2.46e-07,FAM196B
5,170688558,rs4593283,0.00924153,RANBP17
5,170772645,rs6555942,0.00014563,TLX3
5,170842358,rs7732985,9.94e-245,FGF18
5,170864021,rs4073717,0,FGF18
5,170875097,rs4620037,0,FGF18
5,170929434,rs6882257,4.37e-36,FGF18
5,170972663,rs11134701,0.203745,FGF18
5,170973258,rs9791091,5.619999999999999e-32,FGF18
5,171020891,rs154367,2.27e-217,FGF18
5,171057231,rs17681645,3.16e-14,SMIM23
5,171100132,rs6879837,1.91e-14,SMIM23
5,171101894,rs257365,2.87e-35,SMIM23
5,171105669,rs33874,0.00398115,SMIM23
5,171105760,rs13175325,0.0443115,SMIM23
5,171151231,rs10516089,1.64e-191,SMIM23
5,171189571,rs33852,0,SMIM23
5,171203248,rs702072,5.71e-46,SMIM23
5,171203438,rs12153391,0,SMIM23
5,171204055,rs6869153,0.709335,SMIM23
5,171268203,rs6891834,1.82e-31,FBXW11
5,171285632,rs1368380,9.19e-214,FBXW11
5,171319929,rs17569783,2.06e-68,FBXW11
5,171324289,rs17682767,0.00091975,FBXW11
5,171326223,rs2288816,7.96e-10,FBXW11
5,171335293,rs10475992,0,FBXW11
5,171361846,rs839264,0.0516479,FBXW11
5,171472575,rs4868136,1.64e-62,STK10
5,171590890,rs6898306,8.5e-31,STK10
5,171639152,rs17074452,2.71e-31,UBTD2
5,171807377,rs2879468,2.32e-08,SH3PXD2B
5,171867235,rs7735621,1.56e-12,SH3PXD2B
5,171876084,rs2731693,1.31e-32,SH3PXD2B
5,172022784,rs17712993,3.58e-16,NEURL1B
5,172158673,rs2662234,2.97e-18,LOC101928093
5,172197039,rs35084382,1.63e-57,DUSP1
5,172203911,rs2431664,1.72e-08,DUSP1
5,172216355,rs17715219,1.28e-07,DUSP1
5,172222345,rs12517663,0.00030872,DUSP1
5,172300401,rs9313609,6.69e-20,ERGIC1
5,172302409,rs10213832,2.77e-38,ERGIC1
5,172340276,rs477357,0.124831,ERGIC1
5,172388212,rs9784719,2e-05,RPL26L1
5,172515643,rs370164,1.92e-179,CREBRF
5,172590025,rs3805463,4.51e-85,BNIP1
5,172616029,rs255318,0.0944697,BNIP1
5,172719020,rs4242165,1.08e-07,STC2
5,172732127,rs17075777,2e-24,STC2
5,172740329,rs1023617,2.8e-46,STC2
5,172743694,rs17676033,1.55e-24,STC2
5,172750436,rs2277950,9.15e-39,STC2
5,172762651,rs12515303,1.1e-50,STC2
5,172772955,rs13154786,1.57e-94,MIR8056
5,172779475,rs11954548,3.74e-98,MIR8056
5,172781401,rs7717113,3.88e-89,MIR8056
5,172821732,rs11744838,1.03e-25,MIR8056
5,172846036,rs2034233,2.28e-71,MIR8056
5,172860596,rs11134797,5.92e-34,MIR8056
5,172864110,rs6878606,0.00517541,MIR8056
5,172873920,rs7705819,0.00165867,MIR8056
5,172925715,rs17679550,1.28e-155,LOC285593
5,172957916,rs2339961,1.97e-35,LOC285593
5,172983279,rs6885032,0,LOC285593
5,172997978,rs17738166,1.06e-64,LOC285593
5,173007836,rs12152984,6.38e-209,LOC285593
5,173026104,rs17076159,7.63e-77,BOD1
5,173132309,rs10074473,0.688609,LOC101928136
5,173235253,rs2546734,5.52e-28,LOC101928154
5,173382761,rs13168379,1.96e-32,CPEB4
5,174231856,rs6879454,3.13e-10,MIR4634
5,174965974,rs2662176,2.35e-13,SFXN1
5,175773287,rs409744,8.5e-35,KIAA1191
5,175935316,rs2963672,9.86e-96,FAF2
5,175936516,rs11027,9.67e-87,FAF2
5,176067604,rs729423,5.81e-16,EIF4E1B
5,176471591,rs149307,8.76e-38,ZNF346
5,176516631,rs1966265,0,FGFR4
5,176516953,rs434434,0,FGFR4
5,176637576,rs28932178,4.83e-115,NSD1
5,176675423,rs12055154,0,NSD1
5,176719355,rs11953271,3.18e-06,NSD1
5,176864269,rs2545796,4.45e-21,PRR7-AS1
5,176930769,rs2279398,1.17e-10,DOK3
5,176969794,rs2545802,0.256104,FAM193B
5,176984163,rs335472,9.36e-21,FAM193B
5,177025763,rs28375402,9.08e-78,B4GALT7
5,177637882,rs17759,6.95e-48,HNRNPAB
5,177640813,rs11747964,5.34e-29,HNRNPAB
5,178382867,rs4700752,4.09e-30,ZNF454
5,178516072,rs4701037,4.4e-18,ZNF354C
5,178539400,rs2059776,9.34e-205,ADAMTS2
5,178572268,rs11746863,0.132558,ADAMTS2
5,178686438,rs340125,2.57e-48,ADAMTS2
5,178698709,rs901253,7.23e-65,ADAMTS2
5,178716569,rs6881016,2.21e-41,ADAMTS2
5,178780789,rs255022,1.96e-28,ADAMTS2
5,179045142,rs4701143,2.21e-31,HNRNPH1
5,179086833,rs28833246,1.6e-10,C5orf60
5,179328228,rs32462,5.25e-28,MIR6165
5,179475239,rs4130025,6.64e-63,RNF130
5,179480172,rs7706876,0.379673,RNF130
5,179660786,rs6703,0.00718524,MAPK9
5,179729328,rs1035412,0,GFPT2
5,179761163,rs4700942,6.04e-26,GFPT2
5,179763876,rs6869637,3.42e-53,GFPT2
5,179766927,rs17080199,7.13e-50,GFPT2
5,180218668,rs634501,1.35e-25,MGAT1
5,180235503,rs3733750,2.17e-54,MGAT1
5,180620631,rs254461,2.76e-93,TRIM7
5,180645965,rs17080884,4.04e-97,MIR4638
5,180649125,rs2545099,1.07e-06,MIR4638
5,180661980,rs17714046,1.13e-20,TRIM41
6,697754,rs1890366,5.36e-07,EXOC2
6,707481,rs11243102,1.6e-42,EXOC2
6,794952,rs6903586,8.1e-14,LOC101927691
6,903764,rs2784968,8.39e-10,LOC101927691
6,1115338,rs9378276,9.34e-10,LOC285768
6,1374892,rs6899796,4.1e-09,FOXF2
6,1440050,rs11242688,1.13e-19,FOXF2
6,1515374,rs3935776,4.22e-12,FOXC1
6,1578770,rs2569839,1.98e-08,FOXC1
6,1617143,rs9501744,5.9e-41,FOXC1
6,1714677,rs1022549,0.0187396,GMDS
6,1775863,rs722585,1.23e-97,GMDS
6,1792798,rs226453,1.29e-16,GMDS
6,1901495,rs1570534,3.91e-88,GMDS
6,1910108,rs10484693,8.59e-31,GMDS
6,2005682,rs7751738,4.06e-122,GMDS
6,2145447,rs4959168,3.33e-13,GMDS
6,2148946,rs11965306,2.69e-158,GMDS
6,2232808,rs1196388,5.54e-28,GMDS
6,2561998,rs1680877,2.97e-17,C6orf195
6,2651987,rs9328112,1.44e-05,MYLK4
6,2680732,rs2038760,1.88e-28,MYLK4
6,2686488,rs9392414,0.0197112,MYLK4
6,2731431,rs35958510,1.96e-14,MYLK4
6,3325158,rs9328160,1.43e-09,SLC22A23
6,3714333,rs226953,1.23e-19,PXDC1
6,3780061,rs2002521,2.63e-09,PXDC1
6,3830849,rs2326364,2.9e-20,FAM50B
6,4545177,rs12206941,1.29e-05,CDYL
6,4600394,rs9328262,3.92e-11,CDYL
6,4936863,rs3804547,4.85e-12,CDYL
6,5262154,rs2753248,6.47e-17,FARS2
6,5524393,rs9405273,9.29e-09,LOC101927950
6,6054401,rs13210587,1.5e-05,NRN1
6,6174866,rs5982,2.08e-10,F13A1
6,6362456,rs986158,3.55e-06,LY86-AS1
6,6409845,rs7767578,1.47e-43,LY86-AS1
6,6728616,rs9504905,3.97e-45,LY86
6,6771800,rs7755751,2.12e-60,LY86
6,6873698,rs6929018,9.99e-11,LY86
6,6886297,rs876122,4.95e-276,RREB1
6,6887373,rs9504956,0.00098682,RREB1
6,6934416,rs7769346,0.393891,RREB1
6,6959106,rs1886883,3.36e-15,RREB1
6,7063271,rs6936076,2.44e-35,RREB1
6,7071873,rs9505022,0.00010145,RREB1
6,7114842,rs7772296,1.47e-11,RREB1
6,7192786,rs2326883,1.47e-108,RREB1
6,7225674,rs9328401,2.7e-97,RREB1
6,7232186,rs9505086,0.00099102,RREB1
6,7250270,rs3778321,4.91e-197,RREB1
6,7267582,rs2842363,0.516208,SSR1
6,7288544,rs11071,0.00110342,SSR1
6,7302507,rs2764092,0.00024429,SSR1
6,7501291,rs2757608,0.00083391,DSP
6,7602397,rs2806220,0.129473,SNRNP48
6,7680228,rs6920279,2.6e-06,BMP6
6,7725760,rs3812163,0,BMP6
6,7726057,rs1107495,3.21e-23,BMP6
6,7742174,rs1535429,6.31e-06,BMP6
6,7751449,rs9505276,3.57e-09,BMP6
6,7785459,rs9328444,1.42e-09,BMP6
6,7789943,rs13216391,7.54e-295,BMP6
6,7845577,rs2241669,0.27475,BLOC1S5-TXNDC5
6,7847438,rs267194,3.8e-47,BLOC1S5-TXNDC5
6,7870593,rs9505293,1.67e-53,BLOC1S5-TXNDC5
6,7883386,rs9502656,2.01e-58,BMP6
6,8001317,rs9328449,0.00152419,PIP5K1P1
6,8257559,rs672278,2.62e-09,EEF1E1
6,8584311,rs850154,2.28e-19,HULC
6,9293139,rs1024273,1.39e-07,LOC100506207
6,9539150,rs9395436,6.34e-17,LOC100506207
6,10206722,rs6926380,4.27e-10,TFAP2A
6,11179441,rs4620101,7.33e-16,NEDD9
6,11559931,rs16871461,6.54e-08,TMEM170B
6,11651917,rs10428851,7.61e-29,ADTRP
6,11835432,rs10485420,1.5e-12,ADTRP
6,12054115,rs4714150,1.71e-69,HIVEP1
6,12071284,rs6916070,5.01e-53,HIVEP1
6,12129047,rs7741589,0.0047527,HIVEP1
6,13396507,rs566320,1.73e-10,GFOD1
6,13751547,rs365178,9.66e-12,MCUR1
6,13951510,rs280166,9.96e-15,RNF182
6,14124926,rs12201991,1.25e-36,CD83
6,14203502,rs1929320,1.29e-19,CD83
6,14314883,rs6905081,5.08e-10,LINC01108
6,14500512,rs9476575,4.68e-14,LINC01108
6,14558978,rs1267480,0.00049916,LINC01108
6,14918862,rs447503,1.04e-10,JARID2
6,15027286,rs6916705,3.52e-33,JARID2
6,15275305,rs6921502,0.00188887,JARID2
6,15346005,rs13193457,8.66e-28,JARID2
6,15472669,rs2299040,9.74e-40,JARID2
6,15506637,rs16876555,2.19e-05,JARID2
6,15546213,rs12527121,1.92e-10,DTNBP1
6,15557207,rs4498340,8.55e-15,DTNBP1
6,15926564,rs2103644,1.44e-07,MYLIP
6,16130333,rs909562,5.15e-07,MYLIP
6,16292760,rs4716059,8.24e-16,GMPR
6,16318588,rs179998,5.08e-23,ATXN1
6,16362388,rs179973,0.0133395,ATXN1
6,16399557,rs3819405,1.09e-11,ATXN1
6,16677571,rs3812192,2.93e-08,ATXN1
6,16728780,rs1001210,4.37e-21,ATXN1
6,16742952,rs570917,2.37e-41,ATXN1
6,16937808,rs7382853,7.41e-16,STMND1
6,17259680,rs6910248,5.65e-10,RBM24
6,17464274,rs10949426,5.18e-38,LOC101928491
6,17611089,rs3777710,1.37e-06,FAM8A1
6,17647646,rs6927877,6.33e-55,NUP153
6,17707753,rs12206031,1.78e-05,NUP153
6,17781141,rs3734232,3.88e-05,KIF13A
6,18140250,rs2842936,0.00027331,TPMT
6,18339794,rs1570683,4.61e-43,RNF144B
6,18418708,rs2038745,8.98e-17,RNF144B
6,18520926,rs17629312,5.16e-52,MIR548A1
6,18526358,rs9297081,2.56e-30,MIR548A1
6,19028788,rs975303,2.14e-56,LOC101928519
6,19321967,rs11968104,4.76e-16,LOC101928519
6,19459165,rs12199312,1.03e-09,LOC101928519
6,19610858,rs6933602,9.59e-08,ID4
6,19649678,rs16882416,5.92e-14,ID4
6,19684596,rs7773944,4.61e-30,ID4
6,19748549,rs11759345,6.34e-26,ID4
6,19804014,rs1155102,8.46e-17,ID4
6,19841493,rs1047014,0,ID4
6,19875302,rs1008655,2.44e-10,ID4
6,19902810,rs10946347,2.16e-36,ID4
6,19929121,rs1202296,6.34e-12,ID4
6,20016967,rs625964,1.45e-39,MBOAT1
6,20025404,rs7761069,0.0254443,MBOAT1
6,20089434,rs2457346,3.39e-06,MBOAT1
6,20096334,rs2457340,5.52e-14,MBOAT1
6,20114108,rs9465637,4.06e-11,MBOAT1
6,20181505,rs10946366,1.74e-12,MBOAT1
6,20648762,rs9460540,2.99e-31,CDKAL1
6,20740019,rs4710943,1.18e-13,CDKAL1
6,21337024,rs9368297,1.07e-08,CDKAL1
6,21427143,rs9368310,2.18e-27,LINC00581
6,21612949,rs1744849,2.15e-09,SOX4
6,21781952,rs7761394,3e-07,CASC15
6,21955964,rs11751362,2.12e-17,CASC14
6,22029017,rs7744710,3.7e-13,CASC14
6,22056131,rs196051,2.88e-109,CASC14
6,22100367,rs10946507,1.06e-84,CASC14
6,22445521,rs9379400,8.64e-11,HDGFL1
6,22586212,rs13200143,1.57e-21,HDGFL1
6,22711807,rs9356834,6e-34,HDGFL1
6,22742431,rs9295565,5.89e-72,HDGFL1
6,22901620,rs1928079,1.36e-09,HDGFL1
6,23301437,rs1925459,1.05e-06,HDGFL1
6,23493761,rs17412056,8.01e-17,NRSN1
6,23860377,rs9393496,2.39e-21,NRSN1
6,23886075,rs1397836,7.69e-10,NRSN1
6,24146672,rs3829810,4.66e-10,NRSN1
6,24590547,rs5026394,1e-24,KIAA0319
6,24650671,rs707887,5.49e-18,TDP2
6,25254089,rs2744242,7.42e-15,LOC101928663
6,25280119,rs6914799,1.54e-08,LRRC16A
6,25346985,rs2690099,7.13e-23,LRRC16A
6,25386088,rs12525031,0.0007201,LRRC16A
6,25531133,rs214057,2.65e-105,LRRC16A
6,25758212,rs9295669,8.23e-27,SLC17A4
6,25990367,rs199755,0,TRIM38
6,26014489,rs11759668,9.65e-15,HIST1H1A
6,26111756,rs16891315,7.53e-43,HIST1H1T
6,26141375,rs806970,0,HIST1H1E
6,26151535,rs9358908,0,HIST1H1E
6,26153335,rs9379827,0,HIST1H1E
6,26183816,rs17533076,0.00030273,HIST1H2BE
6,26255451,rs6935954,0,HIST1H2BH
6,26267755,rs7773004,0,HIST1H3G
6,26289203,rs6939589,9.87e-279,HIST1H4H
6,26510212,rs3734545,2.31e-23,BTN1A1
6,26550619,rs9986382,2.99e-128,HMGN4
6,27298629,rs9379978,3.5e-42,VN1R10P
6,27302765,rs41473150,0.482554,VN1R10P
6,27742186,rs6901437,0.541753,LOC100131289
6,28037020,rs149957,0.155464,ZNF165
6,28214698,rs17720293,6.04e-36,ZKSCAN4
6,28473325,rs2071966,2.23e-27,GPX6
6,28579471,rs9501180,1.05e-156,ZBED9
6,28715310,rs7764322,0.358441,LOC401242
6,28845479,rs9501152,0.0272908,LOC401242
6,28910235,rs7762289,4.98e-46,C6orf100
6,28943880,rs4713192,0,ZNF311
6,28979047,rs9468461,2.31e-05,ZNF311
6,29385237,rs3131024,1.38e-51,OR11A1
6,29430170,rs2073148,3.54e-31,OR2H1
6,29653329,rs3117294,4.3e-163,ZFP57
6,29730390,rs9500976,0.0300519,IFITM4P
6,29915469,rs7745413,3.23e-22,HLA-A
6,29944158,rs3823375,3.82e-57,HCG9
6,30019206,rs259945,0.000385,ZNRD1-AS1
6,30242171,rs28780093,2.05e-48,HLA-L
6,30633261,rs34505140,1.55e-20,DHX16
6,30718035,rs2535324,0.00419197,IER3
6,30728290,rs3131036,3.71e-09,IER3
6,30787762,rs1264353,3.28e-154,DDR1
6,30924024,rs12212418,1.27e-31,DPCR1
6,30936014,rs2844695,9.87e-05,DPCR1
6,31002616,rs4248154,0.540724,MUC22
6,31021078,rs2517528,4.24e-16,HCG22
6,31084170,rs1042127,1.03e-14,CDSN
6,31091328,rs3778630,0.00016058,CDSN
6,31097918,rs6929464,0.653986,PSORS1C2
6,31122126,rs2073717,5.27e-215,CCHCR1
6,31129310,rs7750641,5.21e-215,TCF19
6,31132303,rs3734864,2.03e-11,POU5F1
6,31169764,rs10807081,3.63e-05,HCG27
6,31250606,rs9468914,2.04e-181,HLA-C
6,31272463,rs9368678,0.0040027,HLA-C
6,31328542,rs2523578,0,HLA-B
6,31352446,rs7775759,5.34e-133,MICA
6,31401374,rs4346874,1.84e-125,MICA
6,31435119,rs2516518,1.57e-11,HCP5
6,31461966,rs2395043,7.38e-30,MICB
6,31465819,rs3828914,3.47e-83,MICB
6,31496915,rs2259435,0,MCCD1
6,31497975,rs3219190,2.55e-95,ATP6V1G2-DDX39B
6,31582287,rs2857600,0,AIF1
6,31597700,rs3130623,5.33e-251,MIR6832
6,31602489,rs2242657,8.48e-44,MIR6832
6,31615514,rs10484558,1.43e-86,APOM
6,31628113,rs805263,1.86e-09,C6orf47
6,31717597,rs28381365,4.37e-09,MSH5
6,31731014,rs707937,1.14e-24,SAPCD1
6,31838713,rs494620,1.68e-92,SLC44A4
6,31844684,rs6907185,8.06e-14,SLC44A4
6,31860118,rs9501159,0.00705602,EHMT2
6,32079567,rs17207986,0.00240641,TNXB_dup_1
6,32183175,rs3131290,0.217114,NOTCH4
6,32191607,rs8192565,0.00014095,NOTCH4
6,32203537,rs3130299,1.43e-21,NOTCH4
6,32284108,rs9268219,1.87e-185,C6orf10
6,32359431,rs17495612,3.55e-08,HCG23
6,32370816,rs28362680,1.82e-10,BTNL2
6,32389648,rs3135363,0.610633,BTNL2
6,32393141,rs6457580,4.11e-07,HLA-DRA
6,32530198,rs35464393,2.17e-180,HLA-DRB6
6,32566156,rs11754183,0.00401785,HLA-DRB1
6,32578970,rs502771,1.65e-08,HLA-DRB1
6,32583742,rs9271348,9.88e-55,HLA-DQA1
6,32590590,rs9271574,8.75e-05,HLA-DQA1
6,32623223,rs2395228,5.31e-57,HLA-DQB1
6,32659878,rs9275224,0,HLA-DQB1
6,32682174,rs3104404,6.47e-112,HLA-DQA2
6,32682724,rs3873444,4.74e-37,HLA-DQA2
6,32795032,rs10484565,0.00877878,TAP2
6,32796685,rs241448,1.63e-102,TAP2
6,32916555,rs10679,5.39e-11,HLA-DMA
6,32967914,rs12190787,1.3e-09,HLA-DOA
6,33049211,rs928976,2.63e-123,HLA-DPA1
6,33145369,rs2076311,4.58e-94,COL11A2
6,33159664,rs9469378,2.63e-32,COL11A2
6,33280309,rs2282851,2.49e-11,TAPBP
6,33480738,rs68191,1.41e-23,ZBTB9
6,33557225,rs430655,6.57e-202,GGNBP1
6,33644253,rs10947427,6.33e-141,ITPR3
6,33659046,rs4711336,1.01e-290,ITPR3
6,33711420,rs652049,2e-154,IP6K3
6,33808094,rs9368778,0.358949,MLN
6,33944063,rs2495976,0.688267,MIR1275
6,33954567,rs4711372,4.03e-19,MIR1275
6,33956165,rs2499767,7.22e-44,MIR1275
6,33959996,rs2451374,1.52e-08,MIR1275
6,33993791,rs9469687,6.83e-60,GRM4
6,33998576,rs6905771,0.698399,GRM4
6,33999991,rs3778045,0.382856,GRM4
6,34008006,rs2229900,2.69e-58,GRM4
6,34041306,rs2499689,6.65e-15,GRM4
6,34043298,rs2499694,3.07e-22,GRM4
6,34069062,rs3887555,1.14e-53,GRM4
6,34074463,rs1109654,0.00150838,GRM4
6,34086671,rs2499724,1.37e-51,GRM4
6,34093344,rs11970077,1.88e-06,GRM4
6,34095696,rs11961715,4.37e-24,GRM4
6,34106454,rs2029459,1.32e-14,GRM4
6,34153441,rs7744288,5.75e-113,GRM4
6,34165721,rs7742369,0,HMGA1
6,34189612,rs10947487,0,HMGA1
6,34199092,rs2780226,0,HMGA1
6,34213868,rs1150782,0.159279,HMGA1
6,34251832,rs16883475,7.65e-17,NUDT3
6,34305251,rs7775497,2.76e-165,NUDT3
6,34330272,rs7738445,2.41e-29,NUDT3
6,34349541,rs206919,1.31e-170,NUDT3
6,34383208,rs16889678,1.29e-61,RPS10
6,34427026,rs4713793,1.79e-13,PACSIN1
6,34428712,rs2894394,0,PACSIN1
6,34441731,rs9394226,9.8e-27,PACSIN1
6,34455330,rs7748484,0.149373,PACSIN1
6,34501529,rs913014,4.4e-14,PACSIN1
6,34507311,rs2233645,1.58e-32,SPDEF
6,34520267,rs3798544,8.17e-19,SPDEF
6,34548296,rs2814985,0,C6orf106
6,34624148,rs6900426,1.68e-206,C6orf106
6,34715341,rs9462007,2.35e-260,SNRPC
6,34824107,rs16894945,1.45e-32,UHRF1BP1
6,34825295,rs7741204,5.74e-05,UHRF1BP1
6,34840398,rs3734261,2.91e-110,UHRF1BP1
6,34840515,rs3822923,0.0822175,UHRF1BP1
6,34856041,rs6931110,9.24e-08,TAF11
6,34893398,rs2504163,0.614653,ANKS1A
6,34899491,rs6913108,3.61e-150,ANKS1A
6,34982058,rs2820237,0,ANKS1A
6,35012460,rs1568705,1.06e-20,ANKS1A
6,35066091,rs2762343,1.37e-09,ANKS1A
6,35090279,rs2057537,1e-25,TCP11
6,35137870,rs3800404,2.7e-76,TCP11
6,35186149,rs3800388,0.115398,SCUBE3
6,35200350,rs1929848,0,SCUBE3
6,35237153,rs6934083,6.64e-21,ZNF76
6,35327577,rs9658079,0,PPARD
6,35330898,rs6457815,2.32e-24,PPARD
6,35354471,rs16868709,3.17e-142,PPARD
6,35365828,rs9658118,6.01e-09,PPARD
6,35365967,rs9658119,6.87e-200,PPARD
6,35371434,rs9658125,0,PPARD
6,35378798,rs9658134,0,PPARD
6,35387378,rs9296154,0.0681374,PPARD
6,35418118,rs6457822,0.00124746,FANCE
6,35435593,rs3823433,0.001259,RPL10A
6,35438569,rs6937124,3.04e-06,RPL10A
6,35473030,rs7769417,0.294148,TULP1
6,35633456,rs13192954,8.48e-136,MIR5690
6,35634288,rs9368881,1.84e-21,MIR5690
6,35685490,rs2766533,2.57e-12,LOC285847
6,35718651,rs2766551,1.87e-10,ARMC12
6,35723417,rs7752049,2.61e-42,ARMC12
6,35727590,rs4713923,6.63e-29,ARMC12
6,35750299,rs2766581,1.23e-10,CLPSL1
6,35892438,rs12210988,1.71e-56,SRPK1
6,36022757,rs7770710,4.67e-185,MAPK14
6,36059684,rs16884650,0.589465,MAPK14
6,36088255,rs916346,5.59e-45,MAPK14
6,36097740,rs9689522,1.22e-49,MAPK13
6,36138898,rs9470222,1.14e-112,BRPF3
6,36207598,rs9380559,1.27e-171,PNPLA1
6,36395761,rs4713975,3.5e-11,KCTD20
6,36525047,rs853880,5.55e-17,STK38
6,36558964,rs9394363,2.82e-25,SRSF3
6,36632610,rs4713998,2.26e-23,PANDAR
6,36645203,rs733590,5.08e-37,CDKN1A
6,36655445,rs876581,0.0352884,CDKN1A
6,36713858,rs9470387,7.89e-07,CPNE5
6,36824101,rs2071822,6.97e-25,PPIL1
6,36930687,rs17624006,3.9e-13,PI16
6,37045549,rs9394402,1.14e-35,FGD2
6,37098450,rs12191131,7.71e-05,PIM1
6,37114994,rs9470502,2.16e-23,PIM1
6,37134376,rs262933,6.53e-42,PIM1
6,37333796,rs195385,8.04e-30,RNF8
6,37451696,rs904251,1.79e-27,CCDC167
6,37761373,rs9357255,5.56e-15,ZFAND3
6,38087679,rs11759483,1.52e-18,ZFAND3
6,38207636,rs9296239,4.61e-09,BTBD9
6,38389698,rs2745384,1.09e-05,BTBD9
6,38518007,rs2814886,9.85e-06,BTBD9
6,39034072,rs6923761,3.12e-17,GLP1R
6,39106276,rs6934302,8.86e-20,SAYSD1
6,39165859,rs9394578,3.45e-37,KCNK5
6,39177853,rs2815113,0.00040461,KCNK5
6,39221920,rs1744417,3.96e-23,KCNK5
6,39244377,rs2758871,5.24e-16,KCNK17
6,39281456,rs34179517,7.79e-37,KCNK17
6,39323615,rs10947808,6.81e-38,KIF6
6,39442575,rs9296299,5.83e-23,KIF6
6,39699399,rs303648,0.503695,KIF6
6,39736402,rs455674,3.58e-31,DAAM2
6,39753307,rs9471165,2.2e-67,DAAM2
6,39768407,rs456462,7.88e-48,DAAM2
6,39784616,rs913574,3.02e-42,DAAM2
6,39828208,rs11755202,3.7e-08,MOCS1
6,39857326,rs11759168,1.87e-47,MOCS1
6,39863468,rs7771410,7.4e-16,MOCS1
6,39865047,rs3004067,1.57e-24,MOCS1
6,39876433,rs2273853,0.231927,DAAM2
6,40260515,rs9471290,0.0005769,LINC00951
6,40960742,rs12664909,3.11e-21,LOC101929555
6,41135850,rs7759295,2.13e-11,TREM2
6,41431352,rs2496634,2.23e-30,LINC01276
6,41452996,rs4714468,6.51e-15,LINC01276
6,41460739,rs16894733,5.35e-14,LINC01276
6,41552040,rs912883,3.3e-09,MIR4641
6,41613314,rs12661964,5.01e-43,MDFI
6,41619877,rs9394819,0.723658,MDFI
6,41627052,rs1474762,0.785174,MDFI
6,41664727,rs4472338,1.88e-49,TFEB
6,41666065,rs6916515,2.99e-18,TFEB
6,41675740,rs7756525,1.13e-06,TFEB
6,41793303,rs17706398,1.21e-17,TOMM6
6,41825590,rs6901756,1.44e-119,USP49
6,41903007,rs9529,9.12e-193,CCND3
6,41904483,rs3218100,0.132258,CCND3
6,41934514,rs4130023,2.32e-183,CCND3
6,41985436,rs9381118,1.01e-38,CCND3
6,42003084,rs10948007,6.19e-59,CCND3
6,42392578,rs260237,1.16e-05,TRERF1
6,42640726,rs3749898,0.00157257,UBR2
6,42955524,rs1969759,3.73e-73,PPP2R5D
6,43069344,rs9472007,4.76e-92,PTK7
6,43185733,rs6938026,3.81e-80,CUL9
6,43308363,rs1563788,5.29e-127,ZNF318
6,43328062,rs17209400,0.0318097,ZNF318
6,43418691,rs1214748,0.028399,ABCC10
6,43679047,rs1761769,5.54e-06,MRPS18A
6,43687847,rs16896683,8.52e-18,MRPS18A
6,43688343,rs2782256,7.04e-35,MRPS18A
6,43753051,rs3025040,1.93e-34,VEGFA
6,43908624,rs10948111,6.81e-23,LOC100132354
6,44018156,rs1884377,8.28e-08,C6orf223
6,44046143,rs9357429,1.46e-11,MRPL14
6,44084883,rs10085205,7.84e-28,MRPL14
6,44191920,rs693955,1.05e-09,SLC29A1
6,44198362,rs45573936,0.00105009,SLC29A1
6,44220076,rs504697,0.0564121,HSP90AB1
6,44222109,rs3188,5.68e-11,MIR4647
6,44446674,rs2281690,6.11e-16,CDC5L
6,44548684,rs6940697,8.19e-26,CDC5L
6,44551487,rs3997520,2.59e-58,CDC5L
6,44617898,rs6937562,2.12e-05,SUPT3H
6,44631292,rs4711793,1.96e-56,SUPT3H
6,44771041,rs16872574,0,SUPT3H
6,45095163,rs9395066,1.23e-242,MIR586
6,45315745,rs9472464,2.11e-153,RUNX2
6,45374014,rs16873396,1.58e-06,SUPT3H
6,45520572,rs6911631,0.146654,RUNX2
6,45526942,rs1200426,4.01e-42,RUNX2
6,45607827,rs7744486,6.71e-55,RUNX2
6,45650154,rs1388244,2.68e-67,RUNX2
6,45702112,rs3846898,2.52e-13,CLIC5
6,45711373,rs16873750,3.75e-22,CLIC5
6,45829764,rs4714883,5.97e-17,CLIC5
6,45885673,rs3777543,0.00172225,CLIC5
6,45898054,rs2396578,1.94e-15,CLIC5
6,46096883,rs1076738,1.84e-17,ENPP4
6,46496764,rs9472773,1.19e-48,CYP39A1
6,46871185,rs1328965,4.04e-16,LOC101926962
6,47225646,rs2295265,1.92e-09,TNFRSF21
6,47259683,rs2064599,7.71e-18,TNFRSF21
6,47277569,rs6458555,1.2e-18,TNFRSF21
6,47322354,rs4129326,0.159413,TNFRSF21
6,47502024,rs7754282,1e-110,CD2AP
6,47535208,rs9463339,5.59e-193,CD2AP
6,47682949,rs16876369,2.08e-69,GPR115
6,50786571,rs2272903,2.46e-20,TFAP2B
6,51365011,rs10807424,2.95e-13,PKHD1
6,52224258,rs9370112,2.49e-45,PAQR8
6,52362715,rs3804496,0.930907,TRAM2
6,52367117,rs2073184,5.34e-24,TRAM2
6,52411122,rs910244,3.39e-68,TRAM2
6,52427739,rs9382120,1.56e-09,TRAM2
6,52436648,rs10484874,1.29e-24,TRAM2
6,52963071,rs2876,1.84e-24,FBXO9
6,53044271,rs9382180,8.15e-06,GCM1
6,53330801,rs9382212,5.41e-89,GCLC
6,53408789,rs510088,1.7e-13,GCLC
6,53479487,rs12197446,3.74e-28,KLHL31
6,53896155,rs1325833,1.02e-22,MLIP
6,54721617,rs6911198,3.07e-53,FAM83B
6,54734602,rs7761336,9.74e-56,FAM83B
6,55317936,rs4072373,8.44e-18,HMGCLL1
6,55327498,rs9370425,0.00029027,HMGCLL1
6,55566108,rs13204733,2.87e-28,BMP5
6,55567753,rs2498527,2.06e-40,BMP5
6,55628283,rs228139,8.34e-32,BMP5
6,56295657,rs606894,9.73e-26,DST
6,56811124,rs2817573,7.29e-45,DST
6,56963708,rs9367711,1.63e-41,ZNF451
6,57160035,rs6459184,2.85e-29,PRIM2
6,62334600,rs213787,7.48e-26,MTRNR2L9
6,65236845,rs4710276,2.95e-17,LOC441155
6,65518128,rs9453014,2.81e-15,LOC441155
6,66843781,rs12528760,1.07e-15,SLC25A51P1
6,67505713,rs9354478,1.3e-31,SLC25A51P1
6,67753291,rs7746422,3.93e-09,SLC25A51P1
6,68357524,rs2179964,3.08e-11,BAI3
6,68677034,rs9342679,2.38e-15,BAI3
6,69688165,rs3798984,1.37e-09,BAI3
6,70989075,rs13199337,1.27e-23,COL9A1
6,70989703,rs3806099,2.92e-34,COL9A1
6,71012991,rs6916646,3.46e-19,COL9A1
6,71723390,rs9346415,1.99e-07,B3GAT2
6,72181115,rs852928,1.75e-93,LINC00472
6,72205132,rs12195791,5.03e-76,LINC00472
6,72875873,rs2349095,2.54e-08,RIMS1
6,73175327,rs1334342,1.46e-11,RIMS1
6,73338270,rs6937158,1.67e-11,KCNQ5
6,73459762,rs9446746,5e-22,KCNQ5
6,73531612,rs17742423,2.18e-19,MIR4282
6,73735003,rs9442877,0.00043121,MIR4282
6,73891061,rs3799285,4.38e-07,KCNQ5
6,74290291,rs583443,1.45e-09,SLC17A5
6,74572848,rs12192907,5.35e-20,CD109
6,74767624,rs9360732,7.98e-14,LOC101928516
6,75291866,rs2992983,2.3e-07,LOC101928516
6,75447088,rs7752646,1.05e-11,LOC101928516
6,75484531,rs4706586,1.7e-10,LOC101928516
6,75599121,rs9447339,1.75e-11,COL12A1
6,75735643,rs12524721,6.79e-05,COL12A1
6,75852488,rs240724,0.00071333,COL12A1
6,75992476,rs7741596,0.00072005,TMEM30A
6,76164589,rs12209223,0,FILIP1
6,76176367,rs11755281,6.97e-211,FILIP1
6,76266950,rs1414595,1.7e-46,SENP6
6,76494801,rs1467462,0.0159256,MYO6
6,76639855,rs6911057,0.00090991,IMPG1
6,76676570,rs12663376,4.16e-05,IMPG1
6,76935422,rs9352277,5.6e-05,IMPG1
6,77596547,rs9343522,4.4e-16,HTR1B
6,77723001,rs4388256,1.55e-34,HTR1B
6,78211113,rs4235903,5.21e-23,HTR1B
6,78962319,rs699171,3.23e-12,MEI4
6,79419656,rs1782783,0.0767197,IRAK1BP1
6,79541491,rs9352662,7.87e-16,IRAK1BP1
6,80228541,rs2655655,4.97e-05,LCA5
6,80611616,rs1887571,0.0354772,ELOVL4
6,80816296,rs2298307,0,BCKDHB
6,80985885,rs627240,0,BCKDHB
6,81092303,rs1561181,1.34e-253,BCKDHB
6,81159931,rs9344003,3.05e-307,BCKDHB
6,81217630,rs9449016,0.0449126,BCKDHB
6,81235716,rs2437879,8.92e-34,BCKDHB
6,81301664,rs2603457,2.47e-06,BCKDHB
6,81314168,rs13207647,1.26e-61,BCKDHB
6,81353325,rs748215,5.12e-167,BCKDHB
6,81399464,rs34570868,1.71e-143,BCKDHB
6,81435634,rs9361645,0,BCKDHB
6,81650550,rs1017742,0.00777756,BCKDHB
6,81687677,rs1075102,1.57e-292,BCKDHB
6,81805581,rs548365,3.01e-302,FAM46A
6,81907559,rs9344126,0,FAM46A
6,82015654,rs9344146,0.128888,FAM46A
6,82294441,rs1977807,0.456978,FAM46A
6,82301126,rs12663931,1.04e-28,FAM46A
6,82403301,rs9350935,0.00489156,FAM46A
6,82442022,rs194937,1.78e-88,FAM46A
6,82455072,rs7745467,0.00090013,FAM46A
6,82456984,rs3828760,4.97e-156,FAM46A
6,82465766,rs194608,0.00865269,FAM46A
6,82586362,rs12523876,9.68e-06,FAM46A
6,82715016,rs4706917,4.68e-19,IBTK
6,82797619,rs6933646,1.23e-17,IBTK
6,83506822,rs2323952,1.55e-25,UBE3D
6,83704533,rs11758364,1.39e-99,UBE3D
6,83908738,rs6902437,5.29e-56,RWDD2A
6,84325184,rs12193281,9.54e-92,SNAP91
6,84666092,rs2147860,0.00025234,CYB5R4
6,85059005,rs7775532,2.62e-14,CEP162
6,85225179,rs9344403,0.00190209,TBX18
6,85405761,rs10498948,2.01e-06,TBX18
6,85417035,rs4320330,6.66e-118,TBX18
6,85494353,rs9444232,3.19e-16,TBX18
6,85732409,rs4707117,1.5e-07,TBX18
6,85906578,rs10944077,4.75e-40,NT5E
6,86241894,rs4441928,0.00047087,SNX14
6,86415813,rs1173416,1.5e-59,SNHG5
6,86857389,rs220428,4.16e-12,SNHG5
6,86861950,rs6932555,1.3e-06,SNHG5
6,87498695,rs2026899,2.78e-19,HTR1E
6,87874389,rs9362399,1.13e-30,ZNF292
6,88008168,rs10498960,2.54e-10,GJB7
6,88166279,rs2179845,0.00033386,C6orf165
6,88707752,rs11968732,2.92e-12,SPACA1
6,89834020,rs1796723,1.55e-40,SRSF12
6,90047013,rs1065657,3.29e-27,UBE2J1
6,90307985,rs9359856,7.81e-19,LYRM2
6,91219007,rs157694,3.79e-24,MAP3K7
6,93128962,rs632559,1.28e-12,CASC6
6,93982124,rs345713,2.56e-09,EPHA7
6,94679686,rs1352378,4.73e-08,TSG1
6,96034050,rs13205436,3.64e-43,MANEA
6,96071088,rs9481950,4.08e-24,MANEA
6,96455799,rs652797,4.5e-11,FUT9
6,97694800,rs4363042,5.39e-15,MMS22L
6,98487056,rs9375104,3.15e-09,MIR2113
6,99233448,rs3923049,4.53e-11,POU3F2
6,99629252,rs12110525,2.26e-35,FAXC
6,99883694,rs9402791,1.79e-17,USP45
6,100161940,rs2894889,1.39e-136,PRDM13
6,100176760,rs6917474,4.43e-15,PRDM13
6,100264615,rs6933641,5.17e-35,MCHR2
6,100600097,rs17789218,9.62e-21,MCHR2-AS1
6,100689291,rs9376810,1.2e-15,SIM1
6,101335882,rs846798,3.48e-23,ASCC3
6,104786906,rs270683,4.13e-12,HACE1
6,105059746,rs6900279,0.00030254,HACE1
6,105155869,rs13204440,0.0136005,HACE1
6,105378954,rs7759938,0,LINC00577
6,105402083,rs314279,0,LIN28B
6,105445364,rs9377684,0,LIN28B
6,105506242,rs221626,5.35e-08,LIN28B
6,105529785,rs4145418,0.0002515,LIN28B
6,105617761,rs923404,3.18e-09,BVES-AS1
6,105709113,rs17054938,2.16e-09,PREP
6,106149846,rs2202768,2.25e-05,PREP
6,106322750,rs13437093,8.06e-15,PRDM1
6,106350725,rs9386491,6.27e-27,PRDM1
6,107481461,rs11759792,1.12e-16,PDSS2
6,107754363,rs319107,2.26e-20,PDSS2
6,107909485,rs9398135,1.25e-14,SOBP
6,107940287,rs9373957,1.67e-23,SOBP
6,107947402,rs1527873,2.72e-19,SOBP
6,108035462,rs1739862,3.93e-35,SCML4
6,108141213,rs12214852,4.54e-09,SCML4
6,108660219,rs9486860,1.59e-08,LACE1
6,108875645,rs9372187,2.94e-36,FOXO3
6,108944165,rs3813498,2.48e-195,FOXO3
6,108998128,rs3800230,7.39e-38,FOXO3
6,109048366,rs12208908,3.95e-07,LINC00222
6,109100112,rs763092,6.94e-11,LINC00222
6,109142443,rs1268125,2.42e-49,ARMC2
6,109295040,rs3734651,8.5e-33,ARMC2
6,109751495,rs9487103,2.32e-259,SMPD2
6,110492688,rs6568634,3.3e-18,WASF1
6,110741611,rs2207356,4.8e-21,SLC22A16
6,110878431,rs9374182,1.47e-10,CDK19
6,111248987,rs1704721,1.38e-25,GTF3C6
6,111352746,rs2342512,9.95e-06,RPF2
6,111469547,rs1216023,3.41e-10,SLC16A10
6,111673714,rs240993,0.00027924,REV3L
6,111895728,rs4947124,1.2e-49,TRAF3IP2
6,112000162,rs7746279,3.72e-22,FYN
6,112098065,rs1405530,5.22e-19,FYN
6,112215769,rs12663744,8.51e-29,FYN
6,112231970,rs7773966,1.51e-20,FYN
6,112603809,rs6931341,8.34e-20,LAMA4
6,113388606,rs6929684,3.74e-19,RFPL4B
6,113636195,rs11153413,7.9e-25,MARCKS
6,113714702,rs9942513,1.83e-29,MARCKS
6,113936188,rs12190861,5.01e-06,MARCKS
6,114092964,rs6907551,6.34e-17,MARCKS
6,114226057,rs17075678,9.96e-39,FLJ34503
6,114308790,rs717388,6.1e-12,HDAC2
6,114440364,rs6900394,0.00014715,HS3ST5
6,114713323,rs1033394,3.19e-11,HS3ST5
6,115930490,rs9481582,1.71e-10,FRK
6,116410939,rs11967680,5.27e-12,NT5DC1
6,116454588,rs549332,3.79e-79,COL10A1
6,116469757,rs11964777,2.34e-09,COL10A1
6,116532859,rs7769748,4.7e-11,NT5DC1
6,116566845,rs1204829,1.48e-15,NT5DC1
6,116717171,rs473484,2.87e-05,DSE
6,116726332,rs6908915,2.71e-214,DSE
6,117310952,rs7740027,2.67e-14,RFX6
6,117330177,rs12201457,9.09e-55,RFX6
6,117439930,rs783373,7.21e-18,VGLL2
6,117490664,rs1405212,5.16e-288,VGLL2
6,117608318,rs544047,0.00019085,ROS1
6,117868051,rs389663,1.69e-190,GOPC
6,117881605,rs1759,9.5e-183,GOPC
6,118117246,rs11755280,9.42e-07,NUS1
6,119256979,rs2145569,7.09e-15,MCM9
6,121774243,rs12207042,1.61e-17,GJA1
6,121855643,rs10457420,9.39e-61,GJA1
6,122107948,rs11752019,2.33e-36,GJA1
6,122290881,rs2259338,1.94e-25,HSF2
6,122804727,rs12524374,8.04e-06,PKIB
6,122945140,rs9388105,1.17e-24,PKIB
6,124510927,rs1916786,1.14e-07,NKAIN2
6,125284457,rs9401790,1.6e-09,STL
6,126068001,rs980014,5.13e-122,HEY2
6,126190894,rs7754833,3.95e-97,NCOA7
6,126438029,rs10499134,1.28e-06,MIR5695
6,126481408,rs1330674,3.02e-34,MIR5695
6,126623120,rs9401873,1.43e-205,CENPW
6,126717064,rs1591805,0,CENPW
6,126813721,rs10457481,0,CENPW
6,126877523,rs9401888,0,CENPW
6,127088591,rs9385404,4.75e-125,CENPW
6,127451665,rs1936806,6.87e-07,RSPO3
6,127507403,rs11759578,2.97e-09,RSPO3
6,127886128,rs2036966,3.73e-31,C6orf58
6,128121143,rs12153861,1.4e-12,THEMIS
6,128307725,rs6905941,2.89e-41,PTPRK
6,128411972,rs41439546,4.9e-23,PTPRK
6,128492003,rs10457506,5.91e-12,PTPRK
6,128560413,rs17055472,7.51e-07,PTPRK
6,128584882,rs1339188,1.66e-24,PTPRK
6,128779158,rs1341597,1.37e-09,PTPRK
6,129822837,rs9321170,6.15e-219,LAMA2
6,129953275,rs11753915,9.51e-21,ARHGAP18
6,130020950,rs1894641,4.71e-08,ARHGAP18
6,130060236,rs13215842,3.41e-07,ARHGAP18
6,130142270,rs11154506,2.96e-18,TMEM244
6,130175138,rs9321194,3.86e-55,TMEM244
6,130302794,rs10499171,0.00018564,L3MBTL3
6,130334365,rs1337775,3.83e-192,L3MBTL3
6,130334568,rs9492438,2.79e-92,L3MBTL3
6,130337266,rs6569647,0,L3MBTL3
6,130343365,rs7752599,5.21e-26,L3MBTL3
6,130346105,rs7740188,0,L3MBTL3
6,130395240,rs12528442,1.16e-15,L3MBTL3
6,130428224,rs1572292,0.233013,L3MBTL3
6,130462041,rs11968072,0.208446,L3MBTL3
6,130465303,rs17706258,7.07e-21,SAMD3
6,130885909,rs9492642,0.00353178,TMEM200A
6,131056827,rs9321251,2.75e-09,SMLR1
6,131149902,rs6908659,7.42e-59,SMLR1
6,131160744,rs12965,9.41e-70,EPB41L2
6,131312729,rs6569716,4.14e-12,EPB41L2
6,131327956,rs6921207,6.88e-231,EPB41L2
6,131355151,rs2183968,1.21e-26,EPB41L2
6,131590766,rs3777491,0.155416,AKAP7
6,131800012,rs2926069,8.35e-18,ARG1
6,132077413,rs6569756,5.51e-14,ENPP3
6,132211534,rs1804025,5.1e-13,ENPP1
6,132265665,rs6917644,3.95e-60,CTGF
6,132277333,rs7768619,0.0236368,CTGF
6,132281798,rs9483364,3.27e-29,CTGF
6,132541408,rs7739499,2.54e-67,LINC01013
6,132546930,rs6569782,5e-11,LINC01013
6,132698456,rs1538308,1.86e-18,MOXD1
6,132718231,rs7745230,5.76e-49,MOXD1
6,132724996,rs6906574,1.9e-18,MOXD1
6,133135807,rs9493450,0.736136,RPS12
6,133340139,rs2926349,1.02e-55,LINC00326
6,133462685,rs12197573,6.29e-16,LINC00326
6,133634200,rs17301712,1.47e-148,EYA4
6,133849789,rs3822939,2.16e-106,EYA4
6,134048274,rs6921832,4.67e-30,LINC01312
6,134209837,rs2327429,1.09e-08,EYA4-AS1
6,134409799,rs4507607,7.79e-16,HMGA1P7
6,134853194,rs754151,2.44e-26,LINC01010
6,134947520,rs6920152,8.85e-25,LINC01010
6,135052080,rs9402633,3.91e-09,ALDH8A1
6,135179456,rs9373115,1.1e-18,ALDH8A1
6,135440657,rs6924609,3.95e-07,MYB
6,136222577,rs9494412,1.18e-18,PDE7B
6,136228219,rs2327672,2.28e-43,PDE7B
6,136228768,rs12189966,2.46e-83,PDE7B
6,136262043,rs883799,0.623186,PDE7B
6,136359446,rs9376173,8.48e-15,PDE7B
6,137166650,rs2295592,3.76e-20,PEX7
6,137627874,rs9494720,2.29e-11,IFNGR1
6,138006504,rs6920220,7.27e-08,LOC100130476
6,138440838,rs1931867,5.47e-19,PERP
6,138841157,rs6570242,5.36e-10,NHSL1
6,139233260,rs973170,1.71e-55,ECT2L
6,139247076,rs3763188,2.83e-05,ECT2L
6,139437827,rs17068343,1.96e-06,HECA
6,139501104,rs9689738,8.9e-21,HECA
6,139602317,rs9495410,1.12e-15,TXLNB
6,139691315,rs4428519,1.02e-31,CITED2
6,139829917,rs17513809,2.04e-37,LOC645434
6,139871202,rs4896470,4.11e-12,LOC645434
6,140053704,rs2154032,3.97e-105,LOC100132735
6,140167314,rs12203040,0.0102182,LOC100132735
6,140265162,rs12525047,6.91e-80,LOC100132735
6,140300384,rs6933684,5.21e-119,LOC100132735
6,140354820,rs9403137,3.8e-13,MIR3668
6,141288687,rs9376553,2.54e-133,MIR4465
6,141835864,rs4410752,1.83e-40,NMBR
6,142359772,rs12212141,2.34e-203,NMBR
6,142523865,rs1989181,0.0988254,VTA1
6,142600563,rs1319584,1.11e-157,GPR126
6,142648235,rs1891308,0,GPR126
6,142688969,rs17280293,2.75e-07,GPR126
6,143060909,rs197493,1.47e-28,HIVEP2
6,143091263,rs109836,7.45e-14,HIVEP2
6,143185683,rs765875,1.96e-33,HIVEP2
6,143220180,rs9496475,4.77e-22,HIVEP2
6,143256237,rs12212322,1.78e-40,HIVEP2
6,143677306,rs2216917,1.44e-49,AIG1
6,144030847,rs7760144,1.1e-31,PHACTR2
6,144065262,rs9403528,5.44e-38,PHACTR2
6,144285159,rs2268450,5.97e-19,PLAGL1
6,144291150,rs13218225,4.27e-08,PLAGL1
6,144543186,rs4895636,1.69e-06,STX11
6,145765932,rs6930798,0.00198444,EPM2A
6,146347402,rs863820,1.2e-100,GRM1
6,147006845,rs12195808,6.31e-08,ADGB
6,147940786,rs12197416,1.32e-15,SAMD5
6,148203768,rs631036,3.73e-09,SAMD5
6,148633283,rs6920755,1.81e-20,SASH1
6,148679737,rs2495956,9.32e-16,SASH1
6,148825030,rs1618036,1.91e-05,SASH1
6,148837691,rs17715583,8.75e-36,SASH1
6,148859528,rs9498062,6.75e-06,SASH1
6,149083115,rs7760963,1.22e-23,UST
6,149112117,rs10499260,8.41e-17,UST
6,149123628,rs2333863,1.02e-35,UST
6,149234031,rs9404000,2.73e-14,LOC100128176
6,149271125,rs1156561,2.51e-18,LOC100128176
6,149275131,rs10080254,9.15e-16,LOC100128176
6,149366064,rs2153252,1.33e-54,UST
6,149493632,rs7746208,0.00743408,TAB2
6,149560966,rs7748981,0.00025897,TAB2
6,149748411,rs674919,5.35e-26,TAB2
6,150209204,rs9969044,4.42e-08,RAET1E
6,150619540,rs13195599,1.34e-23,PPP1R14C
6,150741436,rs652800,2.11e-09,IYD
6,151381877,rs6913898,6.36e-07,MTHFD1L
6,151575944,rs17080959,1.84e-11,AKAP12
6,151663289,rs756009,2.23e-65,AKAP12
6,151721749,rs7771156,7.15e-93,RMND1
6,151772395,rs6906678,0.05674,RMND1
6,151971240,rs17081542,0.311447,CCDC170
6,152010254,rs3020333,2.49e-31,ESR1
6,152058010,rs2982554,1.42e-05,ESR1
6,152090045,rs6939257,3.35e-20,ESR1
6,152116655,rs17081685,3.84e-21,ESR1
6,152130918,rs532010,0,ESR1
6,152140209,rs9371557,2.35e-35,ESR1
6,152146580,rs9479126,2.24e-92,ESR1
6,152149435,rs11155813,0,ESR1
6,152153697,rs6909023,1.34e-30,ESR1
6,152200129,rs9322335,2.5e-183,ESR1
6,152224736,rs9322341,0.0481776,ESR1
6,152234593,rs6557171,1.13e-45,ESR1
6,152286625,rs985694,1.17e-13,ESR1
6,152305047,rs926777,2.77e-35,ESR1
6,152330201,rs9340955,1.09e-134,ESR1
6,152343763,rs3020411,0,ESR1
6,152381998,rs9341016,0.0923772,ESR1
6,152421854,rs3798758,5.84e-46,ESR1
6,152443761,rs2295192,4.08e-07,SYNE1
6,152473181,rs910415,1.37e-73,SYNE1
6,152495406,rs2813501,1.78e-44,SYNE1
6,152521244,rs2813538,8.51e-58,SYNE1
6,152585499,rs4870091,1.49e-38,SYNE1
6,152611876,rs2788381,0.484674,SYNE1
6,152942821,rs1744380,0.014731,SYNE1
6,153290888,rs874302,0.0206503,FBXO5
6,153413460,rs655370,9.06e-40,RGS17
6,153422508,rs1281969,0.813314,RGS17
6,153484699,rs1281985,2.26e-10,RGS17
6,153777546,rs1843691,1.91e-10,RGS17
6,154383658,rs3778150,2.67e-19,OPRM1
6,154717442,rs9383705,5.24e-12,CNKSR3
6,154733748,rs11155972,3.55e-22,CNKSR3
6,154818897,rs6557361,1.74e-13,CNKSR3
6,155389334,rs17085911,1.17e-14,TIAM2
6,155408970,rs17736997,5.04e-08,TIAM2
6,155561796,rs11751128,1.12e-134,TFB1M
6,155579400,rs3822964,5.08e-86,TIAM2
6,156000576,rs1391656,1.32e-07,NOX3
6,156088458,rs6906823,1.04e-09,NOX3
6,156194319,rs9384386,1.29e-10,NOX3
6,156233006,rs6932698,6.81e-26,NOX3
6,156555674,rs2820398,1.36e-44,ARID1B
6,156572211,rs12205158,1.03e-75,ARID1B
6,156586753,rs9478696,8.17e-36,ARID1B
6,156713154,rs4870448,8.9e-13,ARID1B
6,156955041,rs2817460,1.08e-14,ARID1B
6,157131665,rs6907209,3.41e-35,MIR4466
6,157196974,rs10485205,5.88e-27,MIR4466
6,157202131,rs287872,2e-12,MIR4466
6,157432660,rs4869907,1.15e-07,ARID1B
6,158517308,rs2502601,0.00530789,SYNJ2
6,158711855,rs705930,6.47e-231,TULP4
6,158910698,rs12206717,1.88e-230,TULP4
6,158927651,rs3828712,6.21e-08,TULP4
6,159222447,rs3123125,5.57e-29,EZR-AS1
6,159338019,rs7738389,2.83e-07,C6orf99
6,159670100,rs7763726,1.33e-10,FNDC1
6,160043247,rs4487612,4.26e-14,SOD2
6,160443390,rs9456496,0.00050052,AIRN
6,160461334,rs8191772,2.61e-27,AIRN
6,160496432,rs9365128,2.42e-23,LOC729603
6,160555754,rs594709,3.74e-20,SLC22A1
6,160564476,rs662138,6.64e-36,SLC22A1
6,160687866,rs316030,5.58e-30,SLC22A2
6,160713927,rs2484238,7.15e-10,SLC22A2
6,160772842,rs539958,1.6e-197,SLC22A3
6,161371621,rs1247343,3.37e-14,MAP3K4
6,161503924,rs6902760,2.07e-16,MAP3K4
6,161511074,rs9458118,9.21e-10,MAP3K4
6,162129536,rs7742310,3.97e-09,PARK2
6,162542479,rs9355981,8.76e-11,PACRG
6,162605266,rs9355987,9.61e-09,PACRG
6,163036511,rs1893119,9.47e-10,PACRG
6,163751551,rs9356107,4.06e-26,PACRG-AS1
6,163801031,rs4709714,2.04e-37,DKFZp451B082
6,163831687,rs3904720,2.99e-29,CAHM
6,163938331,rs9458846,1.11e-08,QKI
6,164092291,rs4709741,1.11e-137,QKI
6,164112815,rs12197528,0.00479279,QKI
6,164133150,rs9295227,6.53e-67,QKI
6,164146566,rs10945915,4.3e-05,QKI
6,164173328,rs4709755,7.37e-81,QKI
6,164347973,rs1555227,1.18e-32,QKI
6,164364975,rs4709797,2.35e-18,QKI
6,164492383,rs1010549,7.23e-14,QKI
6,165153614,rs10806805,3.29e-19,C6orf118
6,165553730,rs12528341,7.79e-05,C6orf118
6,165768220,rs537436,3.85e-29,PDE10A
6,165850480,rs220817,3.12e-09,PDE10A
6,165905549,rs221730,6.09e-57,PDE10A
6,165918005,rs7741165,3.03e-53,PDE10A
6,165924970,rs611909,0.0145263,PDE10A
6,166031989,rs12211245,1.08e-19,PDE10A
6,166066982,rs3008052,2.15e-05,PDE10A
6,166162335,rs2934849,3.8e-34,PDE10A
6,166263488,rs9348050,4.49e-64,LINC00473
6,166307353,rs6456027,7.43e-123,LINC00473
6,166333799,rs9459531,1.05e-160,LINC00473
6,166447606,rs2323044,0.00115545,LINC00602
6,166480503,rs10946116,2.54e-59,LINC00602
6,166579270,rs2305089,8.69e-100,T
6,166636119,rs12663423,1.43e-08,T
6,166792405,rs2343591,7.82e-22,MPC1
6,167085008,rs1040446,1.4e-09,MIR1913
6,167229617,rs4710113,6.15e-09,RPS6KA2
6,168329404,rs3823455,5e-45,MLLT4
6,168432093,rs9364386,9.32e-49,KIF25
6,168700846,rs12202943,3.44e-08,DACT2
6,168788974,rs3887828,3.29e-33,SMOC2
6,168809174,rs7754863,8.1e-13,SMOC2
6,168847175,rs2609334,0,SMOC2
6,168862574,rs2763223,7.17e-30,SMOC2
6,168877883,rs4119499,3.77e-23,SMOC2
6,168908013,rs6901357,1.11e-07,SMOC2
6,168920458,rs2609297,1.12e-07,SMOC2
6,168952691,rs2144749,5.03e-79,SMOC2
6,169004019,rs12530037,0.023088,SMOC2
6,169033082,rs2342646,6.61e-44,SMOC2
6,169145000,rs196512,8.58e-17,SMOC2
6,169367750,rs17181376,5.59e-120,THBS2
6,169417441,rs9346605,1.37e-08,THBS2
6,169463997,rs12526105,2.37e-26,THBS2
6,169508247,rs9294955,2.19e-11,THBS2
6,169609256,rs12665286,7.41e-88,THBS2
6,169629783,rs6422747,2.48e-27,THBS2
6,169643685,rs9379341,2.37e-28,THBS2
6,169726479,rs9379343,3.14e-09,THBS2
6,170162537,rs11966349,5.03e-15,ERMARD
6,170590475,rs1028488,7.53e-11,DLL1
6,170738701,rs11755081,1.01e-27,FAM120B
6,170853519,rs6918826,9.47e-14,PSMB1
6,170902109,rs4428484,2.66e-32,PDCD2
7,223067,rs28644307,5.24e-08,FAM20C
7,930689,rs13171,3.67e-14,GET4
7,1006573,rs7792825,9.02e-16,COX19
7,1195264,rs7781581,2.47e-08,ZFAND2A
7,1258248,rs9791389,3.38e-36,UNCX
7,1381277,rs940419,4.69e-34,MICALL2
7,1580921,rs3735656,3.77e-69,TMEM184A
7,1923385,rs7783715,1.33e-30,MIR4655
7,2294123,rs12534131,4.01e-07,SNX8
7,2528599,rs2906142,5.4e-43,GRIFIN
7,2568770,rs2895,3.52e-17,LFNG
7,2643352,rs4721867,2.19e-10,IQCE
7,2703464,rs13188,0.00015519,TTYH3
7,2759795,rs798554,0,AMZ1
7,2797254,rs11772125,2.1e-63,GNA12
7,2799686,rs208346,0,GNA12
7,2808098,rs17193852,9.91e-75,GNA12
7,3613667,rs2178628,3.15e-06,SDK1
7,4213975,rs671694,1.51e-20,SDK1
7,4784652,rs7784748,6.02e-09,FOXK1
7,4814613,rs17135102,6.43e-19,AP5Z1
7,4908369,rs2344726,2.85e-08,PAPOLB
7,5344318,rs6953289,7.95e-32,SLC29A4
7,5359680,rs6943227,1.38e-06,TNRC18
7,5384003,rs10268547,6.68e-17,TNRC18
7,5388627,rs4265101,7.89e-12,TNRC18
7,5402606,rs4357206,2.2e-19,TNRC18
7,5510647,rs4724694,2.85e-13,FBXL18
7,5813933,rs6967635,3.64e-11,RNF216
7,6212911,rs17136058,3.29e-10,CYTH3
7,6437801,rs6463554,3.4e-27,RAC1
7,6505347,rs4720675,2.47e-33,KDELR2
7,6516437,rs17198191,4.94e-34,KDELR2
7,6680674,rs2254249,1.16e-08,ZNF316
7,7227427,rs4263662,9.32e-07,C1GALT1
7,7344571,rs7784265,3.69e-13,LOC101927354
7,7655243,rs7804360,8.61e-11,MIOS
7,7755797,rs2160138,2.36e-07,RPA3
7,7902687,rs7808919,1.95e-33,RPA3OS
7,7990432,rs6976735,6.88e-17,LOC100505921
7,8110475,rs10253861,5.62e-255,GLCCI1
7,8129728,rs6967565,3.69e-21,GLCCI1
7,8145013,rs9655062,7.27e-63,ICA1
7,8240957,rs3823830,4.04e-32,ICA1
7,8644134,rs7802159,3.13e-08,NXPH1
7,9262857,rs1285410,2.18e-12,PER4
7,9965912,rs1557978,6.87e-14,PER4
7,10528666,rs1404112,2.93e-12,NDUFA4
7,11091200,rs17163925,1.32e-17,PHF14
7,11677840,rs2526099,3.31e-07,THSD7A
7,11712490,rs12537100,2.06e-08,THSD7A
7,12033933,rs2192735,0.0407711,THSD7A
7,12252540,rs6460895,1.26e-79,TMEM106B
7,12615698,rs1990224,3.92e-53,SCIN
7,12636384,rs4555989,2.11e-33,SCIN
7,12747443,rs10950409,0.00029701,ARL4A
7,13071287,rs12537712,1.13e-17,ARL4A
7,13230998,rs194036,1.1e-20,ARL4A
7,13757168,rs2848852,3.18e-15,ETV1
7,13948719,rs2072167,5.85e-18,ETV1
7,14027991,rs6977237,8.82e-46,ETV1
7,14040129,rs1990077,2.9e-40,ETV1
7,14305196,rs38275,1.85e-18,DGKB
7,14509308,rs10235540,4.15e-11,DGKB
7,14738170,rs1568847,2.95e-12,DGKB
7,14997876,rs36901,0.00031792,DGKB
7,15099534,rs6973452,1.57e-20,AGMO
7,15397449,rs6957765,4.17e-10,AGMO
7,15440108,rs4721433,3.89e-14,AGMO
7,15486094,rs10215514,8.76e-27,AGMO
7,15721178,rs3801427,7.43e-114,MEOX2
7,16062958,rs1528146,8.75e-40,ISPD
7,16570929,rs10244202,1.31e-06,LRRC72
7,16693122,rs818586,4.22e-07,BZW2
7,16802589,rs3807490,2.29e-38,TSPAN13
7,16831233,rs28945083,1.32e-06,AGR2
7,17318312,rs13236243,1.12e-31,AHR
7,17663961,rs2215684,1.53e-20,LOC101927630
7,17738118,rs13238802,2.29e-34,SNX13
7,17920613,rs10242866,1.73e-73,SNX13
7,18277585,rs2731551,8.4e-25,HDAC9
7,18391871,rs615545,0.116789,HDAC9
7,18706703,rs17348528,7.91e-72,HDAC9
7,18718573,rs4484585,1.74e-70,HDAC9
7,18740554,rs6968715,8.71e-10,HDAC9
7,18786967,rs1178162,1.64e-177,HDAC9
7,18860347,rs2588635,0.00094795,HDAC9
7,18886177,rs17140133,3.61e-32,HDAC9
7,18891259,rs13245206,1.73e-117,HDAC9
7,18964076,rs12700014,0.00114163,HDAC9
7,19014843,rs2526640,2.18e-178,HDAC9
7,19036738,rs7812296,3.48e-88,HDAC9
7,19095905,rs2717364,6.22e-31,HDAC9
7,19103551,rs10249251,6.88e-15,TWIST1
7,19133072,rs10225279,1.08e-22,TWIST1
7,19186465,rs10257807,4.31e-18,FERD3L
7,19199720,rs17436283,7.6e-65,FERD3L
7,19240384,rs724811,2.12e-37,FERD3L
7,19252156,rs4141213,4.29e-26,FERD3L
7,19303352,rs10275718,5.17e-24,FERD3L
7,19342398,rs2159743,1.07e-28,FERD3L
7,19433802,rs12700045,1.82e-20,FERD3L
7,19530893,rs12700054,0.304094,TWISTNB
7,19532215,rs10216141,0.0212196,TWISTNB
7,19566286,rs6461441,0.00081305,TWISTNB
7,19573784,rs17141563,0,TWISTNB
7,19589814,rs4721788,0.0123759,TWISTNB
7,19621765,rs1121733,2.62e-262,TWISTNB
7,19660132,rs13231224,0.0353906,TWISTNB
7,19706571,rs6946719,2.08e-13,TWISTNB
7,19768468,rs10262988,1.88e-47,TMEM196
7,20127561,rs4721879,6.65e-43,MACC1
7,20373023,rs10256769,0,LOC101927811
7,20397974,rs10265149,0,LOC101927811
7,20425446,rs2158250,6.21e-21,ITGB8
7,20441065,rs13242474,0,ITGB8
7,20552821,rs10273717,9.44e-63,ITGB8
7,20560601,rs7782915,5.28e-28,ABCB5
7,20666812,rs12154301,9.76e-69,ABCB5
7,20820577,rs34661314,8.07e-20,SP8
7,21113590,rs17143815,1.35e-08,RPL23P8
7,21327064,rs2700281,1.63e-11,SP4
7,21810234,rs6977017,2.29e-09,CDCA7L
7,21941669,rs1128226,3.21e-27,DNAH11
7,22154454,rs13227860,1.75e-30,RAPGEF5
7,22339821,rs2528645,2.07e-16,RAPGEF5
7,22759469,rs1880241,1.43e-31,IL6
7,22772260,rs2069852,1.65e-16,IL6
7,22878104,rs12535331,1.92e-36,TOMM7
7,23117748,rs6956514,1.04e-08,KLHL7-AS1
7,23284961,rs13240597,0.0216281,GPNMB
7,23355241,rs17740440,2.09e-47,IGF2BP3
7,23389751,rs3807459,3.2e-06,IGF2BP3
7,23444141,rs13229367,0.159133,IGF2BP3
7,23474325,rs7808836,0,IGF2BP3
7,23487252,rs12533936,0,IGF2BP3
7,23564625,rs1060974,4.76e-43,TRA2A
7,23607537,rs13230456,0,CLK2P
7,23861625,rs35145944,1.6e-05,STK31
7,24091130,rs272693,5.49e-09,STK31
7,24321568,rs3905497,1.34e-29,NPY
7,24432753,rs916775,3.9e-06,NPY
7,24616474,rs985062,5.61e-42,MPP6
7,25056531,rs1016916,3.35e-08,OSBPL3
7,25271524,rs1076219,1.32e-21,NPVF
7,25295346,rs916893,1.44e-57,NPVF
7,25303466,rs2717907,3.74e-68,NPVF
7,25344021,rs11762772,4.21e-18,NPVF
7,25618842,rs1540332,2.42e-14,RNU6-16P
7,25638436,rs1995438,1.4e-76,RNU6-16P
7,25700286,rs86,1.73e-40,RNU6-16P
7,25789787,rs17368788,1.06e-85,RNU6-16P
7,25796325,rs17152591,1.91e-08,RNU6-16P
7,25801774,rs10216251,4.41e-12,RNU6-16P
7,25819209,rs7350035,4.07e-17,RNU6-16P
7,25857409,rs1159802,4.34e-12,RNU6-16P
7,25870440,rs41469349,5.75e-272,RNU6-16P
7,26007582,rs7786527,1.31e-14,MIR148A
7,26038458,rs2893236,3.98e-06,MIR148A
7,26070505,rs6948960,0.00012101,MIR148A
7,26167109,rs876421,1.18e-19,NFE2L3
7,26249062,rs7793849,7.62e-32,CBX3
7,26270890,rs7798786,0.0386345,CBX3
7,26401513,rs7782538,7.83e-31,SNX10
7,26507784,rs6962718,4.05e-13,LOC441204
7,26525891,rs11976076,0.944202,LOC441204
7,26887112,rs591895,1.64e-22,SKAP2
7,26904953,rs17323962,7.79e-15,SKAP2
7,27182142,rs3757639,3.25e-17,HOXA5
7,27217359,rs6970537,1.33e-40,HOXA10
7,27237453,rs2189239,8.3e-30,HOXA13
7,27268848,rs12700794,1.05e-60,EVX1
7,27284490,rs17428185,4.92e-23,EVX1
7,27303632,rs6943291,5.49e-22,EVX1
7,27770863,rs9639564,1.02e-11,TAX1BP1
7,27935254,rs215,6.73e-104,JAZF1
7,27968193,rs2040666,1.83e-09,JAZF1
7,28030486,rs38517,0.288066,JAZF1
7,28092366,rs17156259,1.65e-40,JAZF1-AS1
7,28145031,rs1109483,1.12e-287,JAZF1-AS1
7,28175290,rs849137,0,JAZF1-AS1
7,28259131,rs1513276,1.12e-16,JAZF1-AS1
7,28319851,rs4722780,3.81e-09,CREB5
7,28356889,rs17156577,0.0194236,CREB5
7,28392168,rs7779602,1.95e-14,CREB5
7,28434403,rs1029897,0.973983,CREB5
7,28462344,rs42733,8.45e-13,CREB5
7,28558565,rs148735,2.27e-28,CREB5
7,28568804,rs177594,3.4e-37,CREB5
7,28626376,rs767834,1.13e-32,CREB5
7,28661040,rs10435018,8.16e-19,CREB5
7,28703163,rs10258405,3.9e-33,CREB5
7,28725536,rs757980,9.3e-09,CREB5
7,28755447,rs6950574,1.82e-97,CREB5
7,28851986,rs1964240,8.52e-99,CREB5
7,29415370,rs10269854,8.97e-14,CHN2
7,30062202,rs2302626,2.98e-44,FKBP14
7,30239078,rs4722974,4.38e-09,MTURN
7,30389406,rs7786134,3.98e-10,ZNRF2
7,30754949,rs255142,6.05e-10,CRHR2
7,30956858,rs1004317,1.92e-41,AQP1
7,30967466,rs10271008,7.2e-10,AQP1
7,30976064,rs881499,1.51e-33,AQP1
7,31003423,rs2302019,0.0908301,GHRHR
7,31009960,rs10278927,1.07e-22,GHRHR
7,31605028,rs1476826,1.38e-10,CCDC129
7,31730800,rs2284227,9.8e-11,PPP1R17
7,32103904,rs11770184,1.32e-15,PDE1C
7,32248311,rs12534148,1.34e-18,PDE1C
7,32625099,rs3801332,7.94e-09,AVL9
7,32917191,rs17161546,5e-89,KBTBD2
7,32939774,rs6962267,1.12e-80,KBTBD2
7,33117114,rs10256097,1.54e-07,NT5C3A
7,33173159,rs1420149,1.27e-48,BBS9
7,33507852,rs1894810,5.8e-45,BBS9
7,33600939,rs1451018,4.91e-18,BBS9
7,33763583,rs3757502,2.73e-41,BBS9
7,33839114,rs4723334,1.85e-48,BMPER
7,33916144,rs315853,1.92e-22,BMPER
7,34144916,rs2192874,4.21e-21,BMPER
7,34194102,rs2058681,6.27e-12,BMPER
7,34986597,rs1649220,1.43e-74,DPY19L1
7,35040774,rs17204148,5.07e-34,DPY19L1
7,35273116,rs4723399,5.5e-64,TBX20
7,35394378,rs340373,2.89e-14,LOC401324
7,35522863,rs10276278,5.01e-25,LOC401324
7,35817572,rs17699657,4.42e-11,2007-09-01 00:00:00
7,36134843,rs12534731,2.13e-11,LOC101928618
7,36749782,rs7782947,1.24e-11,AOAH
7,37389804,rs2700986,5.37e-26,ELMO1
7,37472798,rs11767227,8.43e-09,ELMO1
7,37888627,rs4720262,8.4e-14,NME8
7,37947818,rs10264106,3.19e-75,SFRP4
7,37964903,rs1349394,2.13e-63,EPDR1
7,37980452,rs2598098,3.83e-10,EPDR1
7,38012197,rs1668347,1.7e-66,EPDR1
7,38060785,rs1721400,3.53e-152,EPDR1
7,38144898,rs6963134,1.5e-277,STARD3NL
7,38261921,rs2240823,1.22e-29,STARD3NL
7,38323690,rs1546833,6.5e-17,TARP
7,38489731,rs17499670,0.00055011,AMPH
7,39263744,rs6966337,2.39e-09,POU6F2-AS1
7,40421488,rs17171704,2.75e-09,SUGCT
7,41125447,rs2214877,1.27e-20,LOC101928773
7,41323079,rs432191,3.79e-14,LOC101928773
7,41412994,rs10280469,3.36e-31,LOC101928773
7,41470093,rs1079866,1.09e-79,INHBA
7,41630607,rs6463026,1.06e-08,INHBA
7,41737946,rs2282921,4.42e-07,INHBA-AS1
7,41825744,rs7805201,6.09e-09,INHBA-AS1
7,41915225,rs12701942,7.81e-23,GLI3
7,42011464,rs10263647,6.19e-06,GLI3
7,42092392,rs846263,1.18e-57,GLI3
7,42149311,rs1125413,6.17e-46,GLI3
7,42192247,rs3779159,1.71e-46,GLI3
7,42244373,rs3823734,2.3e-52,GLI3
7,42245761,rs11983409,8.8e-27,GLI3
7,42308951,rs17172030,1.6e-24,GLI3
7,42423481,rs6969107,3.54e-06,GLI3
7,42529628,rs10229523,3.22e-19,LOC101928795
7,42604257,rs10239387,7.01e-12,LOC101928795
7,42835506,rs9691053,5.06e-13,LOC101928795
7,43364781,rs4724197,3.09e-17,MIR3943
7,43910682,rs2730610,1.15e-09,MRPS24
7,44100373,rs17546439,7.15e-11,DBNL
7,44112873,rs3218660,1.3e-21,MIR6838
7,44178743,rs882020,2.04e-24,MYL7
7,44216137,rs2908290,1.98e-41,GCK
7,44222802,rs1990458,7.36e-23,GCK
7,44377907,rs7797038,2.86e-20,CAMK2B
7,44615186,rs217369,0.919063,DDX56
7,44800176,rs3735478,2.87e-09,ZMIZ2
7,44845032,rs17134462,1.44e-46,PPIA
7,45032666,rs10235175,1.23e-40,SNHG15
7,45146391,rs7781395,2.03e-31,SNORA5B
7,45269903,rs1294847,7.77e-26,RAMP3
7,45757847,rs10225980,4.81e-09,ADCY1
7,45890920,rs10247534,0.00059781,IGFBP1
7,45940903,rs1496496,2.31e-30,IGFBP1
7,45955875,rs6953668,1.18e-49,IGFBP3
7,45963114,rs924140,9.11e-47,IGFBP3
7,45971110,rs13232606,9.1e-11,IGFBP3
7,46019645,rs940891,3.24e-07,IGFBP3
7,46021115,rs788751,1.29e-28,IGFBP3
7,46049342,rs879965,2.32e-150,IGFBP3
7,46072544,rs1722146,4.2e-50,IGFBP3
7,46076121,rs7800989,1.51e-72,IGFBP3
7,46112226,rs1917773,2.29e-11,IGFBP3
7,46191785,rs1486173,7.25e-14,IGFBP3
7,46201355,rs1007358,5.84e-281,IGFBP3
7,46210835,rs11768394,9.11e-08,IGFBP3
7,46216799,rs17151092,6.33e-37,IGFBP3
7,46234083,rs11978068,5.22e-45,IGFBP3
7,46311210,rs13228308,2.1e-115,IGFBP3
7,46414883,rs13239088,3.05e-207,IGFBP3
7,46532584,rs10243723,1.02e-32,IGFBP3
7,46577056,rs723149,2.09e-170,IGFBP3
7,46591607,rs12668165,0.115501,IGFBP3
7,46637249,rs12673771,9.43e-18,IGFBP3
7,46669087,rs10488566,3.91e-25,TNS3
7,46734307,rs856589,2.37e-31,TNS3
7,46789320,rs11760902,0.366373,TNS3
7,46845255,rs4720550,1.14e-22,TNS3
7,46856454,rs1525233,1.22e-78,TNS3
7,47013097,rs6972208,1.02e-65,TNS3
7,47022767,rs6955374,5.09e-09,TNS3
7,47023761,rs6942503,1.89e-17,TNS3
7,47057182,rs9785008,1.01e-37,TNS3
7,47063785,rs17541950,1.85e-05,TNS3
7,47139479,rs7801951,6.65e-05,TNS3
7,47166274,rs876922,2.52e-12,TNS3
7,47230313,rs2578389,1.98e-30,TNS3
7,47548893,rs12668436,1.01e-42,TNS3
7,47975082,rs2686821,7.48e-09,PKD1L1
7,48941163,rs6583477,2.68e-15,CDC14C
7,49559855,rs1014222,2.3e-16,VWC2
7,49948920,rs1483074,6.73e-09,VWC2
7,50473751,rs6944602,1.56e-24,IKZF1
7,50569341,rs1376523,3.14e-08,LOC100129427
7,50592671,rs7777600,2.12e-116,LOC100129427
7,50608698,rs17133877,0.102086,LOC100129427
7,50612774,rs11575281,1.91e-28,LOC100129427
7,50661972,rs9656664,1.24e-11,GRB10
7,50691194,rs11769934,1.6e-16,GRB10
7,50749425,rs2715133,3.83e-105,GRB10
7,50764404,rs2299156,5.81e-10,GRB10
7,50769330,rs2529402,3.58e-15,GRB10
7,50785448,rs1978208,0.611111,GRB10
7,51052815,rs10231420,1.16e-09,COBL
7,51098970,rs2240091,8.83e-12,COBL
7,51201878,rs6593335,1.75e-36,COBL
7,53258694,rs1525575,2.69e-08,POM121L12
7,53606938,rs10224028,1.42e-09,FLJ45974
7,54882180,rs6976755,1.16e-16,LOC100996654
7,55552985,rs9656707,4.15e-15,VOPP1
7,55855180,rs11982736,9.88e-100,2014-09-01 00:00:00
7,55977150,rs6971250,0.489384,ZNF713
7,56047215,rs4543497,2.39e-62,GBAS
7,64032648,rs2862792,3e-12,LOC100128885
7,65515276,rs7811214,1.33e-103,ASL
7,66434723,rs12673366,0.446556,TMEM248
7,67685519,rs6964267,2.36e-35,LOC101929736
7,67759613,rs3113149,5.27e-14,LOC101929736
7,68696421,rs17751099,6.32e-10,LOC100507468
7,68865799,rs6957450,0.0132267,LOC100507468
7,69523434,rs917717,3.74e-49,AUTS2
7,69928337,rs10486881,0.642862,AUTS2
7,70010479,rs886661,3.94e-18,AUTS2
7,70096901,rs4718972,1.14e-30,AUTS2
7,70203673,rs7803932,2.42e-71,AUTS2
7,70244289,rs2049635,2.96e-17,AUTS2
7,70250125,rs2293503,1.69e-41,AUTS2
7,70500643,rs13227328,0.0002977,WBSCR17
7,70764328,rs1317290,1.95e-24,MIR3914-1
7,70764516,rs10272997,2.9e-19,MIR3914-1
7,71250711,rs12699086,2.45e-16,CALN1
7,71659538,rs11981190,7.14e-31,CALN1
7,72750345,rs1178970,4.59e-64,FKBP6
7,72929608,rs17145717,1.98e-16,BAZ1B
7,73007943,rs1051921,2.87e-27,MLXIPL
7,73096993,rs8891,3.76e-45,DNAJC30
7,73114481,rs1569061,3.39e-07,STX1A
7,73244761,rs4304220,1.61e-14,CLDN4
7,73304636,rs12669267,6.55e-273,WBSCR28
7,73428022,rs7806993,8.55e-11,ELN
7,73470782,rs2856728,1.25e-16,ELN
7,73473494,rs2528795,1.57e-22,ELN
7,73492990,rs34325097,1.05e-05,LIMK1
7,73582574,rs223007,7.1e-07,EIF4H
7,73599917,rs150875,0.0026769,MIR590
7,73880955,rs2267838,7.43e-09,GTF2IRD1
7,73939393,rs9647718,1.73e-13,GTF2IRD1
7,74099138,rs2527367,9.8e-13,LOC101926943
7,75163169,rs1167827,6.74e-22,HIP1
7,75255491,rs1179625,9.02e-20,HIP1
7,75327352,rs10954317,2.06e-07,HIP1
7,75546892,rs3898649,2.74e-19,MIR4651
7,75616105,rs17685,5.63e-09,TMEM120A
7,76054195,rs13232187,2.02e-09,SRCRB4D
7,76557212,rs3912067,1.8e-12,DTX2P1-UPK3BP1-PMS2P11
7,77562294,rs2428939,2.47e-104,PHTF2
7,77642996,rs6953446,1.64e-12,MAGI2
7,78362917,rs10248125,3.72e-21,MAGI2-AS2
7,78742376,rs2886053,1.98e-06,MAGI2-AS2
7,79086317,rs6964700,1.66e-20,MAGI2
7,79814927,rs6956455,6.57e-09,GNAI1
7,80262830,rs10216184,4.96e-27,CD36
7,80509256,rs11979430,1.67e-10,SEMA3C
7,80866153,rs2158376,1.02e-15,SEMA3C
7,81564122,rs1229492,2.73e-15,CACNA2D1
7,81821589,rs13235513,1.78e-09,LOC101927356
7,82060611,rs6467897,9.95e-14,CACNA2D1
7,82389249,rs6959361,7.2e-08,PCLO
7,83009942,rs10273103,1.47e-13,SEMA3E
7,83575334,rs701317,5.79e-18,SEMA3A
7,83828000,rs12673519,3.68e-09,SEMA3A
7,84598901,rs12707695,4.07e-92,SEMA3D
7,84846819,rs2732742,1.91e-45,SEMA3D
7,86506594,rs7781782,6.93e-14,KIAA1324L
7,86995922,rs2051950,7.99e-40,CROT
7,87092538,rs17149674,1.89e-09,ABCB4
7,87103263,rs4148809,8.5e-73,ABCB4
7,87141814,rs6949448,1.56e-36,ABCB1
7,87179443,rs2032588,1.06e-51,ABCB1
7,88368257,rs2718401,4.71e-11,ZNF804B
7,88598670,rs1978158,4.57e-14,C7orf62
7,89746971,rs7790334,6.88e-34,DPY19L2P4
7,90336270,rs6465282,5.48e-62,CDK14
7,90516033,rs12537076,0.0490261,CDK14
7,90870373,rs10277895,7.15e-05,FZD1
7,91632306,rs1989779,4.39e-72,AKAP9
7,92244193,rs3731389,1.66e-15,CDK6
7,92244422,rs42039,0,CDK6
7,92276726,rs2282981,0.00476682,CDK6
7,92300863,rs2301557,1.07e-79,CDK6
7,92332375,rs2079147,0,CDK6
7,92342868,rs10488521,1.96e-16,CDK6
7,92359411,rs11974170,2.91e-31,LOC101927497
7,92466305,rs929244,4.8e-181,CDK6
7,92485039,rs7793983,4.72e-219,CDK6
7,92571059,rs6970613,0.00053393,LOC101927497
7,92576833,rs13240305,4.48e-236,LOC101927497
7,92603152,rs424,2.63e-22,LOC101927497
7,92636769,rs6949790,1.36e-05,LOC101927497
7,92650587,rs10248502,5.26e-06,SAMD9
7,92659160,rs2188177,1.21e-90,SAMD9
7,93131162,rs2023772,4.56e-70,MIR489
7,93468212,rs17241640,0.0145104,TFPI2
7,94049356,rs42528,7.63e-79,COL1A2
7,94106403,rs12704720,5.23e-63,CASD1
7,94702805,rs6465454,0.00244282,PPP1R9A
7,94898811,rs854524,5.01e-15,PPP1R9A
7,95183883,rs7806705,9.47e-32,ASB4
7,95238104,rs4379388,1.87e-38,PDK4
7,95315537,rs6979207,2.42e-27,DYNC1I1
7,95436905,rs940424,1.99e-09,DYNC1I1
7,95551919,rs1873036,1.48e-07,DYNC1I1
7,95627771,rs1488514,5.36e-06,DYNC1I1
7,95716383,rs2299293,2.88e-20,DYNC1I1
7,96046387,rs7795569,1.28e-78,C7orf76
7,96133531,rs7781370,8.29e-21,C7orf76
7,96228434,rs1404508,1.08e-13,LOC100506136
7,96378040,rs12673393,5.95e-08,SHFM1
7,96608069,rs2214644,3.75e-08,DLX6-AS1
7,96609059,rs5012357,1.85e-06,DLX6-AS1
7,96649356,rs1207731,2.59e-39,DLX5
7,96651406,rs1207733,9.83e-39,DLX5
7,96679981,rs1207726,7.87e-51,DLX5
7,98010277,rs3779194,5.54e-17,BAIAP2L1
7,98335383,rs4729477,5.72e-07,NPTX2
7,98774738,rs6958790,1e-91,KPNA7
7,99171449,rs952319,1.37e-68,ZNF655
7,99489571,rs17277546,3.52e-85,TRIM4
7,99519916,rs2571992,1.93e-11,GJC3
7,99612405,rs7788746,3.38e-48,ZKSCAN1
7,100197871,rs2272575,0.00494426,FBXO24
7,100283261,rs221795,0.0121236,GIGYF1
7,100292830,rs221784,3.17e-55,GIGYF1
7,100386900,rs191137,1.09e-05,ZAN
7,100457356,rs314376,4.06e-73,SLC12A9
7,100482720,rs3757868,2.75e-78,SRRT
7,100488407,rs17228602,9.68e-05,ACHE
7,100787402,rs757716,7.21e-59,SERPINE1
7,100800131,rs4727481,4e-32,AP1S1
7,100882090,rs7808669,1.9e-36,CLDN15
7,101005735,rs10228118,1.41e-11,COL26A1
7,101279885,rs740201,7.38e-08,MYL10
7,101349936,rs11772618,2.98e-21,MYL10
7,101458144,rs10257345,4.61e-07,CUX1
7,101577038,rs2906649,1.13e-50,CUX1
7,101748273,rs16869536,8.79e-55,CUX1
7,101901652,rs1734729,0.212138,CUX1
7,101929278,rs2023482,2.59e-30,SH2B2
7,102024248,rs10953363,1.45e-23,LOC100289561
7,102480757,rs17474893,6.13e-14,FBXL13
7,102959379,rs6971734,3.73e-20,PMPCB
7,104010118,rs6465983,5.8e-13,LHFPL3
7,104435213,rs2470961,3.46e-09,LHFPL3-AS1
7,104825819,rs2299308,3e-60,SRPK2
7,104937699,rs10429247,2.35e-12,SRPK2
7,105143730,rs17343349,3.25e-31,PUS7
7,105251106,rs2272172,3.96e-33,ATXN7L1
7,105272609,rs1790051,4.08e-17,ATXN7L1
7,105320893,rs564926,5.2e-13,ATXN7L1
7,105658451,rs6967330,1.85e-19,CDHR3
7,105826561,rs10265412,5.51e-16,NAMPT
7,106111000,rs6965193,1.56e-07,NAMPT
7,106208986,rs11764947,1.11e-16,CCDC71L
7,106669858,rs17424561,1.08e-07,PRKAR2B
7,107016421,rs10249326,1.08e-20,GPR22
7,108026243,rs12333431,6.71e-10,NRCAM
7,110571912,rs259012,2.58e-14,LRRN3
7,111318464,rs1419751,0.00098253,DOCK4
7,111763479,rs970890,8.02e-10,DOCK4
7,112102355,rs2253962,2.12e-25,IFRD1
7,112373996,rs1614000,5.48e-29,LOC101928012
7,113392228,rs2968844,9.04e-34,PPP1R3A
7,113751991,rs1868757,1e-34,FOXP2
7,114071035,rs1476535,2.84e-44,MIR3666
7,114175727,rs7788341,8.87e-18,MIR3666
7,114796203,rs17137655,4.85e-16,MDFIC
7,115025708,rs12537384,8.14e-31,MDFIC
7,115327840,rs10267413,2.74e-21,TFEC
7,115761923,rs17138327,2.97e-30,TES
7,115941666,rs1918917,1.53e-54,TES
7,116137526,rs17138765,1.6e-15,CAV2
7,116150869,rs6466578,2.18e-35,CAV2
7,116287471,rs10238076,4.78e-27,MET
7,116319926,rs38841,2.32e-07,MET
7,116437606,rs1621,2.04e-31,MET
7,116562288,rs12706121,0.75954,CAPZA2
7,117451124,rs6973399,1.36e-15,CTTNBP2
7,117532967,rs2160556,1.66e-13,CTTNBP2
7,117578862,rs2158050,4.97e-15,CTTNBP2
7,120550667,rs2040762,9.71e-06,ING3
7,120790287,rs6950680,2.01e-156,CPED1
7,120919228,rs1541509,2.27e-29,CPED1
7,121007249,rs2254595,4.02e-12,FAM3C
7,121059871,rs2707500,8.25e-17,FAM3C
7,121156688,rs11977460,6.18e-22,FAM3C
7,121381543,rs6961819,3.22e-21,PTPRZ1
7,121964349,rs1899689,3.01e-146,CADPS2
7,122011039,rs17463319,4.62e-55,CADPS2
7,122079897,rs3757536,1.51e-12,CADPS2
7,122161958,rs7804719,5.39e-52,RNF133
7,122286841,rs2471195,0.918119,RNF133
7,122336415,rs17144731,0.930078,RNF133
7,122648709,rs11983656,2.88e-24,TAS2R16
7,123266094,rs6945841,4.54e-14,LOC102724555
7,123712081,rs10487809,3.7e-58,TMEM229A
7,126620555,rs1154325,4.79e-16,MIR592
7,126841046,rs6975409,0.00490447,LOC101928333
7,126896796,rs17862334,2.17e-19,GRM8
7,127375129,rs10954163,1.07e-25,SND1
7,127862802,rs791595,1.82e-08,MIR129-1
7,128020371,rs13245629,1.61e-07,IMPDH1
7,128088973,rs11765126,0.00078385,HILPDA
7,128389867,rs6954433,1.15e-58,CALU
7,128455916,rs2270590,1.78e-10,CCDC136
7,128686338,rs11767238,5.5e-40,TNPO3
7,128722514,rs17340646,0.0685866,TPI1P2
7,128787139,rs11767848,4.5e-35,TSPAN33
7,128802936,rs919551,1.18e-39,TSPAN33
7,128808488,rs2648,0.00022709,TSPAN33
7,128951000,rs2718096,4.93e-08,AHCYL2
7,129511036,rs6467267,1.88e-16,UBE2H
7,129556013,rs1464972,5.15e-22,UBE2H
7,129663496,rs11556924,1.3e-59,ZC3HC1
7,129686608,rs9641864,0.0030328,ZC3HC1
7,129847093,rs1994467,0.00053898,SSMEM1
7,129967614,rs6467297,5.7e-12,CPA4
7,130151694,rs10128,7.9e-20,MEST
7,130337128,rs11762817,2.69e-18,TSGA13
7,130372808,rs1155219,0.356948,TSGA13
7,130416394,rs290794,2.84e-10,KLF14
7,130417814,rs3909553,2.47e-39,KLF14
7,130453382,rs1596972,3.44e-16,KLF14
7,130472445,rs4731707,0.102789,KLF14
7,130576446,rs9649546,2.81e-18,LINC-PINT
7,130622564,rs17165295,4.59e-102,LINC-PINT_dup_1
7,130623257,rs205724,9.85e-06,LINC-PINT_dup_1
7,130668586,rs17688449,3.42e-05,LINC-PINT_dup_1
7,130835547,rs12112721,2.63e-36,MKLN1
7,130903178,rs1979567,3.36e-33,MKLN1
7,130969771,rs10954312,1.13e-56,MKLN1
7,131239744,rs12667410,0.00134117,PODXL
7,131263081,rs13308940,1.18e-15,PODXL
7,131815118,rs10954359,1.27e-13,PLXNA4
7,131866083,rs3734987,2.39e-10,PLXNA4
7,132019836,rs1424589,5.2e-13,PLXNA4
7,132056155,rs10231676,2.57e-10,PLXNA4
7,132186896,rs17224513,6.92e-12,PLXNA4
7,132533663,rs12667678,3.06e-68,CHCHD3
7,132767566,rs6947682,8.1e-66,CHCHD3
7,132797280,rs7780579,6.6e-14,CHCHD3
7,133870806,rs560663,2.44e-06,LRGUK
7,134028580,rs759856,2.31e-15,SLC35B4
7,134086423,rs6967329,0.0228212,AKR1B1
7,134118483,rs10263438,5.54e-21,AKR1B1
7,134334391,rs2347685,3.57e-24,BPGM
7,134426682,rs11771203,2.62e-81,CALD1
7,134505711,rs6467561,1.01e-35,CALD1
7,134941141,rs7806817,1.35e-32,STRA8
7,134998517,rs10954494,8.44e-48,CNOT4
7,135045786,rs6962887,5.14e-181,CNOT4
7,135123060,rs17480616,5.2e-64,CNOT4
7,135313837,rs10224307,5.52e-104,NUP205
7,135335373,rs4291211,2.01e-09,NUP205
7,135466041,rs10279370,4.36e-66,FAM180A
7,136680801,rs6948054,7.43e-22,CHRM2
7,136913223,rs10256915,7.4e-19,PTN
7,137121951,rs10268638,2.46e-18,DGKI
7,137151096,rs1528098,5.35e-12,DGKI
7,137535454,rs6943538,5.15e-25,DGKI
7,137547800,rs7795163,4.29e-108,CREB3L2
7,137566421,rs6980335,1.33e-14,CREB3L2
7,137587964,rs6467723,3.19e-27,CREB3L2
7,137600690,rs273957,2.24e-167,LOC100130880
7,137619275,rs273981,2.05e-114,LOC100130880
7,137801413,rs1872929,2.78e-08,AKR1D1
7,138145153,rs7799818,8.48e-25,TRIM24
7,138723867,rs10276304,4.48e-06,ZC3HAV1L
7,138794618,rs7811342,2.49e-14,ZC3HAV1
7,139061069,rs10954646,1.21e-22,C7orf55
7,139417093,rs7458885,1.19e-45,HIPK2
7,139436551,rs11770283,6.09e-59,HIPK2
7,139654710,rs917147,3.89e-07,TBXAS1
7,139702550,rs3779131,7.32e-18,TBXAS1
7,139719184,rs2072190,9.94e-77,TBXAS1
7,139719666,rs8192866,0.00210128,TBXAS1
7,139727135,rs2286196,8.85e-137,PARP12
7,139858520,rs6943811,8.72e-121,KDM7A
7,139979422,rs2471290,3.94e-21,SLC37A3
7,140012638,rs3924239,1.06e-13,SLC37A3
7,140033135,rs11765807,5.13e-05,SLC37A3
7,140135035,rs6464772,3.93e-18,RAB19
7,140239503,rs10952729,6.22e-94,DENND2A
7,140435077,rs2364399,1.9e-74,BRAF
7,140499107,rs10487888,2.83e-101,BRAF
7,141118375,rs11764939,0.00013921,TMEM178B
7,142534935,rs9986701,1.49e-09,EPHB6
7,143092269,rs34372369,3.57e-26,ZYX
7,143599247,rs3735383,4.73e-09,FAM115A
7,144159358,rs4371917,6.37e-06,TPK1
7,144684050,rs1525459,3.5e-08,TPK1
7,146275420,rs12535047,3.48e-15,MIR548AQ
7,146570622,rs17170284,4.69e-10,MIR548AQ
7,146966876,rs7790788,2.04e-09,MIR548I4
7,148368016,rs6961761,1.92e-50,CUL1
7,148480990,rs10271133,0.815761,CUL1
7,148629759,rs822531,0,EZH2
7,148650818,rs822553,0,PDIA4
7,148656280,rs1676904,1.23e-06,PDIA4
7,148720906,rs6464930,9.23e-74,PDIA4
7,148851213,rs917124,1.01e-24,ZNF398
7,148922666,rs11976830,4.08e-08,ZNF282
7,148949202,rs11981885,6.54e-70,ZNF212
7,149014262,rs6959353,0.557913,LOC155060
7,149093007,rs1076283,4.16e-15,ZNF777
7,149246680,rs3735320,9.76e-12,ZNF767P
7,149567233,rs13243007,1.75e-19,ATP6V0E2-AS1
7,150039555,rs3735167,1.22e-13,RARRES2
7,150456598,rs4725360,1.32e-49,GIMAP1-GIMAP5
7,150491084,rs3173833,2.42e-47,TMEM176B
7,150499787,rs714885,9.56e-28,TMEM176B
7,150529449,rs17173637,8.54e-121,AOC1
7,150542515,rs6977081,0,AOC1
7,150662330,rs2968857,2.05e-24,KCNH2
7,150680506,rs4496877,6.52e-211,KCNH2
7,150801238,rs4725991,2.02e-19,AGAP3
7,150827207,rs6943608,6.41e-10,AGAP3
7,150941238,rs758249,1.54e-122,SMARCD3
7,150991926,rs219252,1e-07,SMARCD3
7,151043700,rs438559,5.15e-34,NUB1
7,151192662,rs2299965,4.77e-44,RHEB
7,151430709,rs4726088,3.5e-23,PRKAG2-AS1
7,151756038,rs6959600,5.85e-24,GALNT11
7,152231124,rs12532839,2.64e-09,LINC01003
7,152346995,rs3218534,4.21e-11,XRCC2
7,155049348,rs6597484,2.16e-18,INSIG1
7,155605744,rs872723,2.74e-24,SHH
7,155620394,rs12113009,1.59e-13,SHH
7,155753928,rs11767234,3.46e-18,LOC389602
7,156165232,rs12535876,5.38e-24,LOC285889
7,156283909,rs9769038,1.88e-30,LINC01006
7,156308552,rs12697975,3.45e-30,LINC00244
7,156456737,rs6965850,3.16e-08,RNF32
7,156711661,rs2969124,1.21e-18,LMBR1
7,157028880,rs6949802,1.62e-19,UBE3C
7,157465014,rs17731604,6.15e-18,MIR153-2
7,157981865,rs10244830,6.61e-10,LOC100506585
7,158715219,rs2730238,7.87e-22,WDR60
7,158986079,rs396061,4.46e-13,VIPR2
8,438821,rs10098619,7.04e-08,TDRP
8,826667,rs1604631,9.53e-10,ERICH1-AS1
8,1021266,rs2600488,4.64e-36,ERICH1-AS1
8,1444292,rs7015086,6.48e-09,DLGAP2
8,2927589,rs11779935,3.33e-09,CSMD1
8,3287104,rs1393846,1.74e-08,CSMD1
8,3542961,rs6988965,3.38e-09,CSMD1
8,3672470,rs2929496,7.27e-14,CSMD1
8,3767210,rs2688325,1.47e-20,CSMD1
8,3919130,rs2980785,7.84e-09,CSMD1
8,4081569,rs1394481,1.64e-11,CSMD1
8,4206322,rs7834964,9.48e-12,CSMD1
8,4546776,rs1038063,1.41e-41,CSMD1
8,4560081,rs7828501,6.29e-39,CSMD1
8,4770129,rs10086880,8.53e-44,CSMD1
8,4797806,rs4427198,1.24e-71,CSMD1
8,4829536,rs17071968,4.14e-33,CSMD1
8,4839914,rs3911307,0.00202365,CSMD1
8,5544991,rs7817815,5.29e-16,CSMD1
8,5555380,rs2897843,1.39e-13,CSMD1
8,6325442,rs12550299,1.33e-37,ANGPT2
8,6389714,rs1984857,1.6e-30,ANGPT2
8,6427055,rs2515514,1.42e-23,ANGPT2
8,6661587,rs12381471,7.87e-09,XKR5
8,8241316,rs10097659,4.2e-27,SGK223
8,8256312,rs2945878,1.03e-17,SGK223
8,8550255,rs11249878,1.19e-34,CLDN23
8,8637957,rs565169,1.37e-37,MFHAS1
8,8747894,rs429433,7.75e-49,MFHAS1
8,8864834,rs2956243,7.29e-08,ERI1
8,9009906,rs19334,1.28e-45,PPP1R3B
8,9079282,rs17706711,2.55e-22,PPP1R3B
8,9082973,rs2929312,0.038342,PPP1R3B
8,9123940,rs329992,3.19e-21,LOC157273
8,9150273,rs402794,8.36e-17,LOC157273
8,10050974,rs11990555,1.35e-10,MSRA
8,10576464,rs7834573,6.08e-07,SOX7
8,11287371,rs10099909,0.00013165,FAM167A
8,11616338,rs867858,6.54e-08,GATA4
8,11722046,rs2645415,2.96e-31,CTSB
8,12610776,rs6530970,5.01e-07,LONRF1
8,12667357,rs10503428,3.96e-17,LOC340357
8,12681715,rs10503429,3.83e-50,LINC00681
8,12868122,rs13278029,1.07e-10,KIAA1456
8,12957475,rs532841,6.28e-13,DLC1
8,13089165,rs2013653,3.68e-10,DLC1
8,13107650,rs11776451,3.58e-54,DLC1
8,13199151,rs2278945,3.62e-109,DLC1
8,13225812,rs7834479,0.617094,DLC1
8,13261721,rs289587,1.61e-10,DLC1
8,13265913,rs289605,4.33e-112,DLC1
8,13278836,rs2046193,6.83e-125,DLC1
8,13356819,rs11203495,1.34e-91,DLC1
8,13369061,rs17222010,1.36e-81,DLC1
8,13397699,rs12547480,1.53e-11,DLC1
8,13402465,rs7822459,1.84e-07,C8orf48
8,13404037,rs17094611,0.0564564,C8orf48
8,13521103,rs2062045,7.95e-09,C8orf48
8,14991599,rs17471747,2.04e-11,SGCZ
8,17241090,rs7009094,1.86e-09,MTMR7
8,17322899,rs17632120,3.11e-09,SLC7A2
8,17386854,rs2588222,3.77e-08,SLC7A2
8,17397822,rs2705017,2.41e-12,SLC7A2
8,17438490,rs9792165,6.97e-06,PDGFRL
8,17694353,rs17125630,2.1e-29,FGL1
8,17774258,rs208752,1.98e-08,PCM1
8,18689909,rs6992325,5.04e-24,PSD3
8,19247922,rs7814466,6.59e-45,SH2D4A
8,19342285,rs7003470,4.1e-78,CSGALNACT1
8,19370830,rs9644631,1.12e-07,CSGALNACT1
8,19600329,rs6983139,2.63e-08,CSGALNACT1
8,19624794,rs2220712,4.53e-13,INTS10
8,19625038,rs17091371,7.48e-20,INTS10
8,19707169,rs7812549,1.47e-10,INTS10
8,19855272,rs17411126,1.94e-36,LPL
8,21842751,rs4872207,7.15e-88,XPO7
8,21903316,rs3176292,6.61e-05,FGF17
8,21964802,rs1552286,0.0383016,NUDT18
8,21989848,rs4391429,7.8e-18,HR
8,22033435,rs11777932,5.54e-28,BMP1
8,22133744,rs13259097,0.696085,PIWIL2
8,22282732,rs3943520,2.41e-45,SLC39A14
8,22443220,rs11994391,2.37e-30,PDLIM2
8,22560191,rs13278111,2.44e-09,EGR3
8,22562754,rs2313167,1.38e-51,PEBP4
8,22600953,rs2048651,1.37e-21,PEBP4
8,22711807,rs4284045,2.5e-21,PEBP4
8,22789422,rs7005993,1.38e-09,PEBP4
8,23154982,rs1051157,8.97e-100,LOXL2
8,23160187,rs11135722,0.0150388,LOXL2
8,23167353,rs1063582,4.43e-302,LOXL2
8,23173207,rs11135725,0.00176339,LOXL2
8,23174177,rs11987443,2.16e-10,LOC100507156
8,23179226,rs12386863,7.49e-113,LOC100507156
8,23182268,rs11775841,1.89e-16,LOC100507156
8,23193309,rs17089124,0.936637,LOC100507156
8,23219657,rs4872112,8.23e-84,LOC100507156
8,23269902,rs4546673,6.63e-64,LOXL2
8,23349637,rs17089296,4.26e-16,ENTPD4
8,23360842,rs12547551,7e-38,SLC25A37
8,23389319,rs2002508,6.42e-244,SLC25A37
8,23414369,rs10098490,6.61e-134,SLC25A37
8,23435916,rs41460846,1.76e-70,SLC25A37
8,23496416,rs925490,3.21e-27,NKX3-1
8,23593988,rs6998928,2.27e-11,NKX2-6
8,23652909,rs6988827,7.71e-23,STC1
8,23689182,rs10503732,8.92e-14,STC1
8,23714122,rs1369836,1.26e-06,STC1
8,23787739,rs4872206,1.9e-31,STC1
8,23874877,rs7815377,3.4e-06,STC1
8,23927713,rs4872211,3.62e-115,STC1
8,23948204,rs980812,4.07e-42,ADAM28
8,24015343,rs10094812,1.78e-14,ADAM28
8,24051671,rs4871910,0.806293,ADAM28
8,24092500,rs2013265,0,ADAM28
8,24108980,rs17051757,6.17e-242,ADAM28
8,24207438,rs7829965,2.56e-05,ADAM28
8,24349417,rs3736281,0.0010056,ADAM7
8,24709967,rs11775313,1.4e-18,NEFM
8,25188065,rs12542851,0.0262432,MIR6876
8,25296466,rs3750198,5.45e-19,KCTD9
8,25316789,rs3812421,6.82e-254,CDCA2
8,25601529,rs2467680,8.83e-34,EBF2
8,25863992,rs10111167,7.73e-25,EBF2
8,25895899,rs1352026,0.00021094,EBF2
8,25896410,rs17054793,8.47e-25,EBF2
8,26000869,rs2951984,8.27e-17,EBF2
8,26037229,rs7016426,8.62e-07,PPP2R2A
8,26094590,rs7010472,2.52e-73,PPP2R2A
8,26220600,rs17309613,1.36e-38,PPP2R2A
8,26250906,rs3779916,2.4e-54,BNIP3L
8,26269032,rs17310286,1.86e-10,BNIP3L
8,26369707,rs9886448,1.67e-91,PNMA2
8,26461110,rs7835006,2.27e-42,DPYSL2
8,26462161,rs327229,6.59e-07,DPYSL2
8,27385450,rs4149248,2.45e-07,EPHX2
8,27426077,rs1565735,0.909127,EPHX2
8,27505010,rs526693,4.75e-145,SCARA3
8,27528446,rs17057523,0.00371178,SCARA3
8,27560651,rs17384485,1.18e-111,MIR3622B
8,27630131,rs17478478,1.02e-24,CCDC25
8,27668515,rs2272691,1.39e-09,PBK
8,27669564,rs6997451,8.38e-47,PBK
8,27729863,rs898463,7.86e-19,SCARA5
8,27797374,rs2726955,0.00280525,SCARA5
8,28064546,rs13271596,3.19e-06,ELP3
8,28118130,rs2100814,3.93e-09,PNOC
8,28609769,rs9183,7.47e-54,EXTL3
8,28892090,rs12546597,8.84e-14,HMBOX1
8,28986357,rs11786952,2.85e-08,KIF13B
8,29114901,rs694220,3.51e-07,KIF13B
8,29355491,rs10095540,1.46e-24,DUSP4
8,29536211,rs4732990,1.15e-27,LINC00589
8,29691214,rs11989810,1.06e-08,LINC00589
8,30259921,rs2915621,7.74e-88,RBPMS-AS1
8,30316162,rs13248936,1.82e-162,RBPMS-AS1
8,30469817,rs2978277,3.4e-37,SMIM18
8,30809614,rs11990181,5.22e-23,PURG
8,32008766,rs4733298,1.16e-19,NRG1-IT1
8,32304951,rs12707703,7.53e-26,NRG1-IT3
8,32398122,rs17646307,8.05e-21,NRG1-IT3
8,33229878,rs2292748,6.13e-32,FUT10
8,33245799,rs16880846,7.35e-13,FUT10
8,34176474,rs2168963,4.09e-16,DUSP26
8,35013810,rs2405530,1.17e-12,UNC5D
8,36446409,rs17303597,6.67e-08,KCNU1
8,36846109,rs7816345,1.44e-29,KCNU1
8,36948617,rs3015689,1.87e-21,KCNU1
8,37337091,rs10504007,3.81e-17,ZNF703
8,38281658,rs3925,1.61e-67,FGFR1
8,38332318,rs881301,4.34e-20,FGFR1
8,38419350,rs12541906,4.76e-10,C8orf86
8,38484612,rs12335077,1.96e-26,RNF5P1_dup_1
8,38528787,rs895619,2.64e-30,TACC1
8,38559326,rs11997244,0.0210627,TACC1
8,38715287,rs16887815,9.63e-33,TACC1
8,38837534,rs7840746,3.76e-53,HTRA4
8,39938945,rs13275833,8.36e-11,IDO2
8,40727444,rs10504036,3.09e-09,ZMAT4
8,40954705,rs7832777,1.75e-21,SFRP1
8,41135769,rs7843510,4.61e-13,SFRP1
8,41174462,rs2121605,1.34e-54,SFRP1
8,41234450,rs4736806,6.56e-24,SFRP1
8,41797694,rs6474373,1.2e-29,KAT6A
8,42037924,rs2020922,1.18e-26,PLAT
8,42120976,rs7015100,1.53e-12,IKBKB
8,42201087,rs2976239,0.00369678,POLB
8,42979990,rs6651369,1.77e-09,POMK
8,48483958,rs6473187,4.98e-17,SPIDR
8,48630207,rs11778548,7.37e-41,SPIDR
8,49386030,rs7014106,6.36e-235,LOC101929268
8,49525128,rs10957169,2.57e-51,LOC101929217
8,49656604,rs11785222,1.22e-15,EFCAB1
8,49779947,rs16938992,6.47e-25,SNAI2
8,49808062,rs6987879,1.6e-62,SNAI2
8,50757613,rs17674783,0.0222111,SNTG1
8,52786791,rs10504132,1.4e-27,PCMTD1
8,52801391,rs1013621,3e-37,PCMTD1
8,53118591,rs16917470,2.11e-15,ST18
8,53229227,rs16917664,4.12e-26,ST18
8,53752918,rs11995628,2.41e-09,NPBWR1
8,54018213,rs975045,3.1e-26,OPRK1
8,54103055,rs2553912,1.78e-08,OPRK1
8,54157539,rs7836120,1.37e-16,OPRK1
8,55049255,rs2271567,4.43e-06,MRPL15
8,55091561,rs2666874,2.66e-08,MRPL15
8,55330814,rs13258851,1.57e-12,SOX17
8,55437524,rs9298506,3.62e-29,SOX17
8,55910777,rs4307317,5.13e-09,XKR4
8,56231059,rs4738073,0.0286408,SBF1P1
8,56413316,rs12549015,1.08e-06,XKR4
8,56491679,rs11774480,0.0219864,XKR4
8,56507267,rs11777009,9.96e-22,XKR4
8,56800997,rs333616,0.582362,LYN
8,56917166,rs3106348,1.21e-81,LYN
8,56946546,rs17813588,0,LYN
8,57095808,rs10958476,0,PLAG1
8,57100149,rs7833986,0,PLAG1
8,57112046,rs34571768,0,PLAG1
8,57138676,rs36112366,0,CHCHD7
8,57150127,rs7833244,0.275167,CHCHD7
8,57194617,rs4075155,0,SDR16C5
8,57232787,rs7357509,3.64e-33,SDR16C5
8,57299697,rs6998873,1.35e-92,SDR16C6P
8,57361121,rs2609996,9.79e-142,PENK
8,57433697,rs7018454,1.94e-29,LINC00968
8,57494386,rs11990963,0.593622,LINC00968
8,57496477,rs2609982,2.21e-11,LINC00968
8,57568699,rs6474076,2.72e-34,LINC00968
8,57632308,rs16920935,1.92e-94,LINC00968
8,57642943,rs22570,4.71e-104,LINC00968
8,57666538,rs17785796,1.66e-51,LINC00968
8,57692649,rs353721,2.89e-55,IMPAD1
8,57756824,rs954264,0.509288,IMPAD1
8,57833958,rs10112077,5.76e-18,IMPAD1
8,57944932,rs16920046,0.530051,IMPAD1
8,58117205,rs6997668,2.16e-48,LOC100507651
8,58145010,rs16921937,7.1e-41,LOC100507651
8,58664164,rs12542320,5.87e-11,FAM110B
8,59227670,rs1551547,5.61e-06,LOC101929528
8,59308732,rs7835920,2.18e-17,UBXN2B
8,59703143,rs2726588,1.18e-37,TOX
8,59781086,rs7838499,8.18e-83,TOX
8,59823491,rs4737527,6.57e-67,TOX
8,59939663,rs394372,2.86e-05,TOX
8,60171226,rs4636195,1.63e-10,TOX
8,60388601,rs17250119,3.75e-19,TOX
8,60539305,rs7003175,1.08e-124,TOX
8,61045361,rs11992804,3.79e-13,CA8
8,61539278,rs615031,7.9e-11,RAB2A
8,61615461,rs6981399,0.0245364,CHD7
8,61656805,rs9298040,2.67e-55,CHD7
8,61770964,rs6984890,4.11e-08,CHD7
8,61853035,rs11785004,4.24e-08,LOC100130298
8,61874498,rs10086776,6.61e-17,LOC100130298
8,62554412,rs7812327,1.18e-08,ASPH
8,62698611,rs7012553,4.3e-12,MIR4470
8,63862181,rs6472062,1.28e-07,UG0898H09
8,64438379,rs16930513,2.88e-09,LINC01289
8,64758222,rs6982653,1.43e-15,LINC01289
8,65206537,rs10090207,8.82e-28,MIR124-2HG
8,65364445,rs2612589,1.55e-40,MIR124-2HG
8,65614741,rs2884074,2.18e-14,CYP7B1
8,65914790,rs4288415,2.22e-15,LINC00251
8,66188263,rs1877829,9.16e-15,LINC00251
8,66944706,rs2357662,1.26e-22,DNAJC5B
8,66955437,rs2357667,1.8e-16,DNAJC5B
8,67089870,rs28364018,8.61e-16,CRH
8,67326892,rs17405528,1.06e-14,RRS1-AS1
8,67543262,rs3824258,2.32e-43,VCPIP1
8,68853470,rs4515534,1.77e-21,PREX2
8,69551547,rs984878,2.78e-19,C8orf34
8,69580675,rs763845,2.62e-48,C8orf34
8,69678500,rs11987041,3.14e-13,C8orf34
8,69736047,rs4737917,2.81e-64,C8orf34
8,70076233,rs683567,1.78e-08,LOC100505718
8,70092837,rs10504440,3.28e-48,LOC100505718
8,70362479,rs7011706,6.17e-25,LOC100505739
8,70409280,rs756005,1.3e-15,SULF1
8,70455237,rs12543741,3.31e-10,SULF1
8,70531474,rs6472471,1e-29,SULF1
8,71239363,rs16936922,9.61e-27,NCOA2
8,71350743,rs16937018,1.27e-31,LOC101926892
8,71380505,rs10108298,0.00053544,LOC101926892
8,71962261,rs34669484,1.85e-15,EYA1
8,72085317,rs16937472,1.04e-54,EYA1
8,72107531,rs730695,4.03e-24,EYA1
8,72226102,rs10095184,1.25e-14,EYA1
8,72253074,rs4737316,2.37e-14,EYA1
8,72264982,rs6988283,2.62e-10,EYA1
8,72316836,rs11782216,5.83e-09,EYA1
8,72443097,rs724066,1.31e-26,EYA1
8,72479144,rs10464911,7.95e-25,EYA1
8,72669805,rs13274769,3.9e-14,MSC
8,72707802,rs6472618,9.08e-20,MSC
8,73449940,rs7845090,2.41e-32,KCNB2
8,73692104,rs2251899,7.07e-06,LOC101926908
8,73786480,rs16938458,1.92e-21,KCNB2
8,74063433,rs6472750,9.62e-07,SBSPON
8,74228827,rs9886504,5.37e-18,RDH10
8,74263630,rs12334531,1.71e-06,RDH10
8,74332796,rs16938648,1.21e-11,STAU2
8,74538698,rs10086512,1.22e-11,STAU2
8,75173375,rs2977044,1.75e-37,JPH1
8,75630494,rs11985065,0.00040366,MIR2052
8,75691027,rs1036266,0.0260344,FLJ39080
8,75822851,rs1074553,1.02e-101,PI15
8,75883054,rs2956605,7.02e-273,CRISPLD1
8,75976170,rs10104443,3.61e-201,CRISPLD1
8,76013922,rs16939031,1.27e-124,CRISPLD1
8,76028692,rs1378616,0.0294555,CRISPLD1
8,76040583,rs16939034,2.46e-73,CRISPLD1
8,76044206,rs4487733,0.163476,CASC9
8,76178563,rs1912709,6.25e-67,CASC9
8,76182788,rs7823944,5.36e-18,CASC9
8,76330151,rs4606034,1.78e-16,CASC9
8,76584886,rs1449546,2.65e-34,HNF4G
8,76856375,rs16939202,1.22e-14,HNF4G
8,77133097,rs41373546,0.0004411,LINC01111
8,77311461,rs10087790,1.5e-14,LINC01111
8,77344816,rs12548378,3.14e-28,LINC01111
8,77680866,rs17364641,1.76e-18,ZFHX4-AS1
8,77727516,rs2733727,1.61e-16,ZFHX4
8,77786007,rs2170788,9.64e-85,ZFHX4
8,77912230,rs12718,0.913162,PEX2
8,78026317,rs1545507,7.35e-88,PEX2
8,78097805,rs4735765,0,PEX2
8,78124524,rs10504651,3.3e-20,PEX2
8,78202856,rs11991220,1.56e-20,PEX2
8,78298314,rs10091931,2.29e-09,PEX2
8,78550000,rs1912391,6.62e-43,PEX2
8,79164782,rs9298310,4.27e-23,PKIA
8,80259726,rs11994245,5.16e-07,STMN2
8,80358313,rs7460206,4.01e-12,STMN2
8,80922988,rs10113767,1.3e-10,MRPS28
8,81214320,rs5019763,1.6e-15,MIR5708
8,81324136,rs7830105,9.43e-07,ZBTB10
8,81407796,rs562210,7.32e-27,ZBTB10
8,81545195,rs1045667,8.16e-17,ZNF704
8,81751542,rs16908070,7.94e-25,ZNF704
8,82773042,rs1451998,1.09e-16,SNX16
8,83151456,rs1037550,1.89e-07,SNX16
8,84405792,rs28688389,3.22e-08,RALYL
8,86383268,rs6988475,2.55e-10,CA2
8,87519542,rs7006629,2.66e-46,RMDN1
8,87567031,rs2304790,2.08e-73,CPNE3
8,87567193,rs2304789,1.05e-47,CPNE3
8,88724394,rs13439312,6.02e-10,DCAF4L2
8,89056569,rs10097366,1.16e-19,MMP16
8,89344622,rs4961087,3.65e-19,MMP16
8,90946118,rs13312986,2.83e-06,NBN
8,91098934,rs12171665,7.98e-15,CALB1
8,91238566,rs12682044,4.08e-14,LINC00534
8,92222283,rs4339600,1.17e-55,SLC26A7
8,92454114,rs4734614,3.57e-30,SLC26A7
8,92689456,rs4443623,4.49e-13,RUNX1T1
8,92970153,rs4500123,2.55e-09,RUNX1T1
8,94746049,rs16916188,1.4e-27,RBM12B
8,94992567,rs4397372,1.7e-20,PDP1
8,95117552,rs10112776,1.5e-14,CDH17
8,95345128,rs2515131,3.82e-08,RAD54B
8,95541223,rs957447,9.71e-06,KIAA1429
8,95687335,rs2033074,3.46e-19,ESRP1
8,95893590,rs28399587,6.05e-28,INTS8
8,95896106,rs2467670,1.15e-12,INTS8
8,96048108,rs17722836,7.26e-24,NDUFAF6
8,96147295,rs7842334,3.21e-12,PLEKHF2
8,96417185,rs7825742,3.15e-74,C8orf37
8,96444628,rs3133755,1.08e-41,C8orf37
8,96498811,rs16917764,1.67e-29,C8orf37
8,96572162,rs3104993,6.65e-11,C8orf37-AS1
8,96599566,rs3104961,2.91e-13,C8orf37-AS1
8,96727561,rs3134488,2.04e-23,C8orf37-AS1
8,96801202,rs990530,4.36e-27,C8orf37-AS1
8,97293789,rs9969608,1.07e-07,PTDSS1
8,97447424,rs7837605,4.95e-23,SDC2
8,97516984,rs2582814,3.34e-16,SDC2
8,97610893,rs2582801,3.04e-18,SDC2
8,97772970,rs2319924,8.73e-07,CPQ
8,98081414,rs2513349,7.72e-10,CPQ
8,98284737,rs2583503,3.17e-12,TSPYL5
8,98655937,rs16896059,9.02e-06,MTDH
8,98725970,rs2331652,9.26e-09,MTDH
8,98943598,rs2290472,6.57e-40,MATN2
8,99224534,rs1542289,1.98e-05,NIPAL2
8,99865301,rs2922078,1.22e-38,STK3
8,100743556,rs4735639,6.91e-48,VPS13B
8,101268343,rs1692007,1.19e-22,RNF19A
8,101340192,rs1548047,8.16e-13,RNF19A
8,101372374,rs7003064,6.2e-14,MIR4471
8,101804021,rs3104327,6.9e-51,PABPC1
8,102163100,rs17381988,2.93e-09,ZNF706
8,102902865,rs512202,1.22e-43,NCALD
8,102972720,rs16868803,4.35e-10,NCALD
8,103026224,rs16868879,6.52e-07,NCALD
8,103085612,rs610125,4.37e-07,NCALD
8,103490914,rs7010489,1.1e-07,UBR5
8,103524176,rs4734058,7.98e-29,ODF1
8,103542538,rs4734636,1.35e-17,ODF1
8,103699888,rs13260228,3.92e-13,KLF10
8,103839003,rs13123,2.77e-13,AZIN1
8,104154965,rs2454014,8.2e-34,BAALCOS
8,104279038,rs1138873,3.72e-30,FZD6
8,105145334,rs1344068,4.55e-11,RIMS2
8,105670508,rs1438355,1.51e-47,LRP12
8,105698914,rs6985113,1.6e-19,LRP12
8,106118264,rs9297355,2.1e-16,ZFPM2
8,106573578,rs3735953,3.45e-16,ZFPM2
8,107730711,rs11988518,2.23e-08,OXR1
8,108299501,rs4595097,1.31e-33,ANGPT1
8,108386442,rs1347183,6.93e-14,ANGPT1
8,108416308,rs1283688,2.45e-25,ANGPT1
8,108448015,rs1529747,0.0743263,ANGPT1
8,108912166,rs555008,3.84e-29,RSPO2
8,109093578,rs423940,3.91e-58,RSPO2
8,110105146,rs3134113,8.83e-05,TRHR
8,110214517,rs4291240,2.82e-17,NUDCD1
8,110425552,rs10100944,1.15e-19,PKHD1L1
8,112758125,rs7826225,2.03e-10,CSMD3
8,116429663,rs800907,1.21e-23,TRPS1
8,116631278,rs2737218,6.11e-97,TRPS1
8,116636281,rs2721940,2.55e-178,TRPS1
8,116914968,rs7814835,2.51e-39,LINC00536
8,117059756,rs6991315,9.48e-12,LINC00536
8,117167843,rs1005502,5.08e-55,LINC00536
8,117509887,rs4876357,2.62e-104,EIF3H
8,117563532,rs1550162,5.08e-209,EIF3H
8,117727804,rs10505286,4.25e-26,EIF3H
8,118154981,rs7817754,1.02e-09,SLC30A8
8,118246482,rs1622108,1.19e-14,SLC30A8
8,118835137,rs4366105,5.2e-18,EXT1
8,119124901,rs7835605,0.00195656,EXT1
8,119240025,rs12680308,7e-66,SAMD12
8,119391866,rs12171673,3.93e-36,SAMD12
8,119502269,rs2515045,2.84e-49,SAMD12-AS1
8,119663714,rs10453061,9e-12,SAMD12
8,119772548,rs1493939,8.26e-11,SAMD12-AS1
8,119886889,rs16891617,1.63e-17,TNFRSF11B
8,119946560,rs11573901,3.7e-11,TNFRSF11B
8,119979249,rs7837123,2.19e-06,TNFRSF11B
8,120414548,rs13261466,5.44e-34,NOV
8,120467209,rs4871222,6.96e-07,NOV
8,120475358,rs1599473,2.13e-233,NOV
8,120598351,rs7341607,3.86e-09,ENPP2
8,120605652,rs2249015,5.09e-168,ENPP2
8,120632987,rs7842699,1.51e-09,ENPP2
8,120693552,rs2326308,5.54e-12,ENPP2
8,120749166,rs10092747,3.26e-104,TAF2
8,120873916,rs6981251,1.1e-54,DSCC1
8,120924739,rs16893285,3.21e-10,DEPTOR
8,121018888,rs1543201,1.57e-85,DEPTOR
8,121276075,rs17833457,2.46e-92,COL14A1
8,121329119,rs7819160,1.31e-66,COL14A1
8,122422130,rs2891902,1.26e-16,HAS2
8,122660248,rs10089677,7.55e-21,HAS2-AS1
8,123278754,rs10216683,9.47e-20,ZHX2
8,123971081,rs7841763,0.985741,ZHX2
8,123985708,rs3802266,5.92e-140,ZHX2
8,124197303,rs17377108,2.89e-30,FAM83A
8,124352410,rs7838103,2.03e-16,ATAD2
8,124411678,rs34573020,9.05e-40,ATAD2
8,124421397,rs4307325,8.3e-41,WDYHV1
8,124552303,rs7835298,4.89e-30,FBXO32
8,124670101,rs4871406,5.79e-29,KLHL38
8,125263818,rs17360508,1.65e-08,TMEM65
8,125456928,rs4602869,2.47e-12,TRMT12
8,125621048,rs9771920,6.01e-22,MTSS1
8,125664204,rs13248930,2.25e-07,MTSS1
8,125697673,rs2116081,8.25e-07,MTSS1
8,126484463,rs2954025,0.716672,TRIB1
8,126500350,rs8180991,1.86e-270,TRIB1
8,126533824,rs12676771,1.16e-30,TRIB1
8,126614369,rs10956253,1.54e-28,TRIB1
8,127841932,rs10956329,1.44e-11,PCAT1
8,127903766,rs6470479,6.65e-29,PCAT1
8,128001639,rs1027041,9.3e-40,PCAT1
8,128050513,rs12334903,0.00030477,PCAT1
8,128307082,rs283718,9.18e-10,CASC8
8,128599672,rs4551307,3.07e-53,CASC8
8,128601933,rs13253038,9.4e-13,CASC8
8,128748498,rs4645948,2.37e-11,MYC
8,128750540,rs4645959,8.36e-15,MYC
8,128768191,rs7820850,4.41e-11,MYC
8,128834403,rs4733789,5.03e-62,MIR1204
8,128935423,rs10808561,0.00171767,TMEM75
8,128989292,rs4733809,3.45e-65,MIR1205
8,129031617,rs1909457,2.82e-12,MIR1206
8,129107045,rs2648902,6.19e-53,PVT1
8,129178530,rs2648844,8.32e-191,MIR1208
8,129194850,rs1902778,3.57e-203,MIR1208
8,129456625,rs9987116,3.9e-24,MIR1208
8,129844671,rs4733653,0.0117617,LINC00977
8,129982756,rs882083,2.57e-33,LINC00977
8,130222310,rs12679073,1.03e-25,LINC00977
8,130417624,rs2568409,3.11e-08,LINC00977
8,130547142,rs10101476,4.39e-152,GSDMC
8,130547253,rs10505542,1.14e-93,GSDMC
8,130627555,rs7814618,9.67e-54,GSDMC
8,130639540,rs4636162,1.87e-05,GSDMC
8,130720876,rs16904148,1.74e-43,GSDMC
8,130723728,rs4733724,0,GSDMC
8,130726025,rs7461495,4.74e-05,GSDMC
8,130732295,rs4733729,0,GSDMC
8,131207979,rs11781752,2.12e-31,ASAP1-IT1
8,132706148,rs10105308,1.62e-06,EFR3A
8,132842020,rs12541773,1.01e-08,EFR3A
8,133434644,rs1962131,3.31e-12,KCNQ3
8,133466893,rs3857927,6.88e-09,KCNQ3
8,133476806,rs2673555,1.27e-28,KCNQ3
8,133505209,rs3847171,0.00309132,KCNQ3
8,133815726,rs235428,6.27e-61,PHF20L1
8,134003128,rs7844761,3.64e-08,SLA
8,134125029,rs2979040,1.95e-05,SLA
8,134273868,rs4736442,2.13e-07,NDRG1
8,134470631,rs2142306,1.62e-10,ST3GAL1
8,134553603,rs4736693,1.1e-05,ST3GAL1
8,134571842,rs7820431,5.04e-35,ST3GAL1
8,134610807,rs1518892,7.38e-28,ST3GAL1
8,134615729,rs4736702,1.23e-103,ST3GAL1
8,135249414,rs9650120,0.00010481,ZFAT
8,135500832,rs7812708,1.92e-33,ZFAT
8,135536234,rs6992913,0.0220828,ZFAT
8,135589854,rs2315835,8.66e-196,ZFAT-AS1
8,135599220,rs11778878,3.28e-79,ZFAT-AS1
8,135606600,rs16905192,4.74e-17,ZFAT-AS1
8,135610915,rs7004326,7.15e-133,ZFAT-AS1
8,135635174,rs11990335,6.57e-101,ZFAT-AS1
8,135649848,rs12541381,0,ZFAT-AS1
8,135669810,rs17778003,6.07e-92,ZFAT
8,135697951,rs7829427,0,ZFAT
8,135698379,rs17700442,3.38e-94,ZFAT
8,135700001,rs17700513,3.35e-43,ZFAT
8,135736517,rs16905222,1.09e-37,ZFAT
8,135770324,rs7827871,2.17e-124,MIR30B
8,135812416,rs7460121,1.4e-39,MIR30B
8,137057014,rs10089575,3.97e-15,KHDRBS3
8,137894507,rs17045,7.75e-08,KHDRBS3
8,138298185,rs6998179,1.13e-10,FAM135B
8,138605801,rs10107429,3.75e-11,FAM135B
8,139519569,rs1519380,7.23e-09,FAM135B
8,139701209,rs4909444,1.13e-14,COL22A1
8,140274757,rs7817002,2.69e-13,KCNK9
8,140598325,rs961383,3.74e-23,KCNK9
8,140652483,rs11988314,1.11e-46,KCNK9
8,141541888,rs1060832,1.35e-62,AGO2
8,141559125,rs3824191,4.35e-06,AGO2
8,141902493,rs4961237,1.54e-21,PTK2
8,142222445,rs3739238,5.34e-32,SLC45A4
8,142269339,rs6578155,4.85e-36,SLC45A4
8,142300315,rs7827290,9.06e-41,SLC45A4
8,142370341,rs3934583,1.88e-06,GPR20
8,142373525,rs10101616,2.73e-20,GPR20
8,142630782,rs903959,7.58e-10,MROH5
8,143130579,rs4917229,2.92e-13,MIR4472-1
8,143764613,rs2976397,2.03e-59,PSCA
8,143957405,rs6471570,2.16e-118,CYP11B1
8,144081376,rs12682437,8.61e-10,CDC42P3
8,144312990,rs7011172,5.48e-157,GPIHBP1
8,144401846,rs724037,1.11e-58,TOP1MT
8,144624128,rs6998917,2.45e-06,ZC3H3
8,144876769,rs11993154,4.88e-31,SCRIB
8,145022657,rs7832643,5.97e-215,MIR661
8,145033734,rs6558408,1.42e-135,MIR661
8,145042001,rs11786739,2.26e-81,PLEC
8,145235278,rs6981035,3.21e-06,MROH1
8,145247168,rs6988451,3.31e-87,MROH1
8,145617641,rs7813146,2.31e-13,CPSF1
8,145661675,rs7830832,9.14e-17,MIR6893
8,146045454,rs1735189,9.24e-06,ZNF7
9,649006,rs10156623,1.82e-20,KANK1
9,712599,rs11789987,1.02e-15,KANK1
9,1683781,rs652703,4.65e-39,SMARCA2
9,1979764,rs1416621,4.7e-12,SMARCA2
9,2184258,rs7042986,7.31e-25,SMARCA2
9,2210993,rs7863990,3.68e-06,SMARCA2
9,3500471,rs12340274,3.55e-11,RFX3
9,3758657,rs13296612,3.75e-09,GLIS3
9,3773822,rs12347763,7.82e-08,GLIS3
9,3838633,rs10973733,1.42e-42,GLIS3
9,3902075,rs1373849,5.49e-14,GLIS3-AS1
9,3943449,rs1445339,1.21e-18,GLIS3-AS1
9,4036449,rs515380,2.43e-09,GLIS3-AS1
9,4096380,rs1770393,2.13e-08,GLIS3-AS1
9,4114245,rs617732,1.86e-41,GLIS3
9,4160746,rs1885238,2.85e-32,GLIS3
9,4290085,rs4237150,1.07e-30,GLIS3
9,4294674,rs4474077,3.57e-15,GLIS3
9,4310558,rs12336107,6.29e-15,GLIS3
9,4684397,rs10815056,2.9e-05,CDC37L1
9,4722318,rs2274820,0.00768988,AK3
9,4725823,rs2039300,1.79e-23,AK3
9,4736508,rs412899,1.76e-06,AK3
9,4743626,rs396861,2.66e-43,AK3
9,4830849,rs531122,1.81e-28,MIR101-2
9,4911930,rs10815111,2.32e-14,RCL1
9,4976751,rs12555131,2.11e-05,JAK2
9,5140115,rs1410780,3.86e-12,JAK2
9,5632130,rs4742108,2.22e-15,KIAA1432
9,6046694,rs7035152,7.19e-07,RANBP6
9,6440419,rs7033940,9.4e-53,UHRF2
9,6539087,rs4742213,4.31e-28,GLDC
9,6676953,rs1658943,1.47e-12,GLDC
9,6722102,rs2996060,0.00980466,KDM4C
9,6790972,rs10975830,1.65e-16,KDM4C
9,6956850,rs12352785,4.76e-24,KDM4C
9,7057782,rs16925247,1.9e-39,KDM4C
9,7122872,rs10976050,4.34e-44,KDM4C
9,7174673,rs913588,1.23e-32,KDM4C
9,7510496,rs17613887,2.44e-16,TMEM261
9,7539001,rs2890755,1.76e-15,TMEM261
9,7949546,rs1322468,2.24e-13,TMEM261
9,8267854,rs1027582,4.27e-14,PTPRD
9,8338431,rs10976971,3.45e-10,PTPRD
9,8390467,rs1500327,1.96e-21,PTPRD
9,8475677,rs10977146,0.00033131,PTPRD
9,8534385,rs7046918,2.22e-10,PTPRD
9,8826278,rs1434254,2.06e-11,PTPRD
9,9943289,rs6477426,1.42e-09,PTPRD
9,10066100,rs832241,2.51e-10,PTPRD
9,10315723,rs635580,2.61e-18,PTPRD
9,11235661,rs10809396,4.11e-30,PTPRD-AS2
9,11325637,rs1360827,4.7e-35,PTPRD-AS2
9,12177944,rs1339266,3.65e-13,TYRP1
9,12439164,rs1576657,2.18e-16,TYRP1
9,12920964,rs7847454,1.42e-14,LURAP1L
9,13226945,rs12340775,7.74e-17,MPDZ
9,13502124,rs10961093,1.79e-08,FLJ41200
9,13557491,rs1324183,5.32e-05,FLJ41200
9,13736965,rs717605,1.03e-05,LINC00583
9,13783765,rs4237131,1.24e-20,LINC00583
9,13810811,rs41509045,1.72e-29,LINC00583
9,13921788,rs7850903,4.81e-52,LINC00583
9,13992283,rs10810073,4.86e-49,LINC00583
9,14056419,rs9792571,2.29e-18,NFIB
9,14223115,rs10961429,1.41e-09,NFIB
9,14346060,rs10119216,8.4e-23,NFIB
9,14356795,rs7864996,1.04e-14,NFIB
9,14405681,rs7043297,0.0105347,NFIB
9,14444316,rs1323339,3.44e-49,NFIB
9,15272308,rs3853431,0.0006218,TTC39B
9,15304782,rs686030,1.19e-27,TTC39B
9,16040663,rs3008705,3.43e-15,CCDC171
9,16070372,rs17784173,1.84e-08,CCDC171
9,16105961,rs11795150,5.07e-22,C9orf92
9,16108051,rs10962284,1.78e-16,C9orf92
9,16121617,rs7019725,2.05e-20,C9orf92
9,16212179,rs10119177,5e-17,C9orf92
9,16247629,rs6415726,1.33e-16,C9orf92
9,16457271,rs1927639,1.81e-80,BNC2
9,16529554,rs10962474,1.28e-09,BNC2
9,16568780,rs1952346,9.35e-18,BNC2
9,16685539,rs7046068,2.2e-16,BNC2
9,16693969,rs10511625,8.08e-58,BNC2
9,16714629,rs1330304,5.48e-110,BNC2
9,16721120,rs4961738,1.97e-122,BNC2
9,16795286,rs10962599,2.01e-19,BNC2
9,16877758,rs10810656,5.72e-24,BNC2
9,16942000,rs1538586,2.83e-21,BNC2
9,16969642,rs10511627,0.0368329,BNC2
9,17006147,rs10962813,1.08e-99,CNTLN
9,17117875,rs2029247,3.59e-61,CNTLN
9,17219242,rs10962912,0.0323711,CNTLN
9,17497544,rs16935719,1.94e-05,CNTLN
9,17554647,rs2754330,1.98e-13,SH3GL2
9,18017562,rs7027669,2.47e-13,SH3GL2
9,18270885,rs13289416,0.00438986,ADAMTSL1
9,18475203,rs1341063,2.8e-40,ADAMTSL1
9,18486870,rs17801409,8.16e-35,ADAMTSL1
9,18623771,rs1412673,5.88e-63,MIR3152
9,18636050,rs13287455,2.53e-33,MIR3152
9,18653324,rs702203,6.79e-48,MIR3152
9,18831022,rs7858256,1.97e-14,ADAMTSL1
9,18989893,rs7857590,5.73e-64,FAM154A
9,19057551,rs4977492,6.2e-34,HAUS6
9,19448473,rs2383096,1.42e-10,ACER2
9,19980632,rs1857434,5.65e-24,SLC24A2
9,20289349,rs882124,1.2e-21,MLLT3
9,20537343,rs6475457,7.21e-11,MIR4474
9,21042299,rs12006112,9.17e-06,PTPLAD2
9,21235442,rs10964927,0.202781,IFNA14
9,21242161,rs6475526,1.12e-25,IFNA14
9,22011477,rs575427,2.42e-19,CDKN2B
9,22062134,rs1011970,3.35e-22,CDKN2B
9,22153360,rs7853123,1.49e-37,CDKN2B-AS1
9,22155709,rs944802,1.12e-57,CDKN2B-AS1
9,22303833,rs10811687,4.73e-14,DMRTA1
9,23198470,rs7849833,8.27e-43,LINC01239
9,23378488,rs1360380,3.84e-42,ELAVL2
9,23587811,rs273389,2.24e-13,ELAVL2
9,23699886,rs1854442,4.85e-06,ELAVL2
9,23810888,rs2771046,2.82e-12,ELAVL2
9,25129606,rs3126962,6.81e-14,TUSC1
9,27433423,rs17768864,4.44e-22,IFNK
9,27445104,rs10812596,5.41e-06,IFNK
9,27661834,rs10812636,2.76e-09,C9orf72
9,28080775,rs12551724,6.75e-12,LINGO2
9,32304303,rs10758127,0.569962,ACO1
9,32317378,rs10511901,6.02e-18,ACO1
9,32559114,rs10813835,1.07e-30,NDUFB6
9,32978806,rs10971259,3.95e-05,APTX
9,33025503,rs2297216,2.05e-11,DNAJA1
9,33113322,rs7019909,1.66e-69,B4GALT1
9,33283582,rs12336160,1.05e-10,CHMP5
9,33290532,rs830576,6.02e-28,NFX1
9,33929030,rs13287325,2.08e-08,SNORD121B
9,34107505,rs11557154,1.64e-25,DCAF12
9,34120720,rs10971938,2.34e-54,DCAF12
9,34231547,rs13302285,1.23e-11,KIF24
9,34333855,rs11788425,1.05e-35,NUDT2
9,34414084,rs876222,2.32e-34,FAM219A
9,35112102,rs4127857,1.58e-12,FAM214B
9,35639629,rs12376747,0.0112288,SIT1
9,35707054,rs741917,1.12e-52,MIR6852
9,35809328,rs2281645,5.94e-181,NPR2
9,35815356,rs4879929,0.00021715,HINT2
9,35856434,rs10758328,0.00016175,TMEM8B
9,35891996,rs12003547,6.27e-51,HRCT1
9,35910945,rs10814297,1.32e-19,LINC00961
9,35920856,rs2025174,3.07e-101,LINC00961
9,36015653,rs1111711,3.34e-19,RECK
9,36109947,rs10972726,0.00191266,RECK
9,36155054,rs4260967,0.009081,GLIPR2
9,36503255,rs10814393,7.52e-11,MELK
9,37547256,rs10125441,4.36e-06,FBXO10
9,37664624,rs6476657,2.12e-13,FRMPD1
9,37796342,rs927631,2.05e-33,DCAF10
9,72127572,rs11788742,1.77e-12,APBA1
9,72885267,rs1180109,1.84e-08,SMC5
9,73065727,rs915490,1.38e-12,KLF9
9,73183281,rs10746850,6.99e-10,TRPM3
9,73598465,rs1558926,1.12e-09,TRPM3
9,73798371,rs1329767,3.92e-06,TRPM3
9,74067610,rs12002628,1.78e-27,TMEM2
9,74313429,rs17057129,5.32e-15,TMEM2
9,74737927,rs12552331,1.71e-11,GDA
9,75563557,rs1424482,2.67e-18,ALDH1A1
9,75882991,rs9314803,5.26e-36,ANXA1
9,76050327,rs950058,3.05e-19,ANXA1
9,76375693,rs2007888,2.48e-27,MIR6130
9,76638798,rs959149,3.13e-24,MIR6130
9,76897503,rs7859799,5.69e-05,RORB
9,77160815,rs7037043,9.13e-28,MIR6130
9,77255110,rs1327827,3.03e-48,RORB
9,77760543,rs4376557,4.39e-10,OSTF1
9,77855652,rs7350256,1.57e-15,OSTF1
9,78195415,rs4320615,5.18e-14,MIR548H3_dup_1
9,78250722,rs17645740,9.41e-24,MIR548H3_dup_1
9,78287773,rs7865473,8.62e-18,MIR548H3_dup_1
9,78301334,rs11144577,3.43e-08,MIR548H3_dup_1
9,78369986,rs1753321,0.00059362,MIR548H3_dup_1
9,78473260,rs7030848,2.67e-57,PCSK5
9,78504729,rs3814115,2.46e-199,PCSK5
9,78510036,rs7027130,3.76e-33,PCSK5
9,78511363,rs7031971,1.15e-11,PCSK5
9,78511814,rs11998749,1.26e-08,PCSK5
9,78515717,rs11144672,0.0359829,PCSK5
9,78540045,rs4271035,4.02e-202,PCSK5
9,78557137,rs4584211,3.05e-61,PCSK5
9,78570116,rs17061821,8.57e-21,PCSK5
9,78579094,rs10781320,3.51e-46,PCSK5
9,78613185,rs1416556,1.23e-14,PCSK5
9,78688079,rs10512053,4.56e-61,PCSK5
9,78723307,rs914365,3.3e-09,PCSK5
9,78751632,rs4745507,1.21e-07,PCSK5
9,78751683,rs1416552,6.27e-39,PCSK5
9,78759705,rs958225,7e-84,PCSK5
9,78785890,rs10869719,2.38e-23,PCSK5
9,78810344,rs966097,7.76e-125,PCSK5
9,78831415,rs952503,2.17e-67,PCSK5
9,78843977,rs10869740,2.47e-36,PCSK5
9,79112200,rs631887,2.53e-32,GCNT1
9,79234712,rs700802,3.88e-18,PRUNE2
9,79330946,rs10869800,3.63e-25,PCA3
9,79949856,rs11145388,1.03e-09,VPS13A
9,80330718,rs4745664,5.35e-11,GNAQ
9,80485033,rs12352936,2e-13,GNAQ
9,81142687,rs1394935,9.86e-09,PSAT1
9,81253945,rs7875186,1.91e-11,PSAT1
9,81837587,rs17791393,2.08e-08,LOC101927450
9,81911067,rs1688964,3.49e-25,LOC101927450
9,81972841,rs7026908,1.05e-14,LOC101927450
9,82139685,rs12553843,3.82e-21,TLE4
9,82157404,rs6559483,9.35e-23,TLE4
9,82229981,rs11138311,1.03e-10,TLE4
9,82598756,rs13297228,5.83e-18,TLE4
9,83255314,rs2183004,3.31e-39,TLE4
9,83256056,rs17351637,1.05e-41,TLE4
9,83351750,rs11793647,1.39e-42,TLE1
9,83390030,rs2039367,3.04e-87,TLE1
9,83460025,rs17301221,7.15e-16,TLE1
9,84009497,rs10867749,9.4e-09,TLE1
9,84067197,rs7874752,0.0253472,TLE1
9,84227158,rs870713,5.34e-38,TLE1
9,84725074,rs12344716,0.01195,SPATA31D1
9,85057658,rs13295637,3.52e-105,SPATA31D1
9,85298763,rs7033356,9.37e-10,RASEF
9,85939667,rs10780590,2.91e-18,FRMD3
9,85970564,rs3915916,4.1e-16,FRMD3
9,86617265,rs1982151,2.66e-282,RMI1
9,86696749,rs10868094,4.91e-71,LOC101927575
9,86751792,rs10512144,1.06e-27,LOC101927575
9,86807666,rs1246326,2.81e-33,SLC28A3
9,86850104,rs7026159,1.81e-38,SLC28A3
9,87247448,rs726432,2.99e-12,NTRK2
9,88934982,rs700763,1.42e-108,ZCCHC6
9,89039383,rs353796,1.13e-66,ZCCHC6
9,89083107,rs466390,0,ZCCHC6
9,89210029,rs6559938,4.73e-10,ZCCHC6
9,89230779,rs9696070,1.98e-12,ZCCHC6
9,89289559,rs2026343,1.81e-11,GAS1
9,89586340,rs12554360,2.81e-06,LOC100506834
9,89700720,rs13290575,3.11e-54,LOC494127
9,89775151,rs277751,2.32e-180,C9orf170
9,89833267,rs278709,7.05e-64,C9orf170
9,89874166,rs7852951,3.17e-22,C9orf170
9,89910813,rs10746796,1.95e-44,C9orf170
9,89922889,rs7858308,6.19e-80,C9orf170
9,89996566,rs1958938,3.72e-25,DAPK1
9,90079813,rs12335425,1.47e-06,DAPK1
9,90603115,rs473082,5.88e-63,CDK20
9,90838549,rs4877421,1.93e-131,SPATA31C2
9,90841066,rs10780905,9.33e-283,SPATA31C2
9,90865387,rs17054025,1.06e-74,SPATA31C2
9,91152492,rs12685193,3.28e-48,NXNL2
9,91198992,rs17054242,6.78e-09,NXNL2
9,91570938,rs3934638,1.3e-21,C9orf47
9,91629643,rs1360424,4.3e-12,SHC3
9,91929573,rs3211679,6e-11,CKS2
9,91982278,rs4876959,3e-15,SEMA4D
9,91997938,rs7469438,2.49e-14,SEMA4D
9,92144998,rs2988066,0.00262979,SEMA4D
9,92228559,rs10908903,2.38e-48,GADD45G
9,92261864,rs1411156,4.59e-46,UNQ6494
9,92510619,rs9777581,3.39e-28,UNQ6494
9,92691598,rs10991825,3.74e-07,LOC101927847
9,93212584,rs7037348,2.63e-10,LOC340515
9,93762055,rs16907076,2.55e-10,LOC100129316
9,93970127,rs10991829,0.00011306,AUH
9,94089620,rs2457715,5.79e-07,AUH
9,94178987,rs2440589,1.8e-21,NFIL3
9,94217301,rs1981030,6.33e-65,NFIL3
9,94298524,rs16907585,3.78e-121,MIR3910-1
9,94486321,rs10761129,2.6e-169,ROR2
9,94600207,rs17587223,1.21e-30,ROR2
9,95077827,rs17678735,5.12e-63,CENPP
9,95132690,rs1746787,4.74e-07,OGN
9,95270781,rs4743873,1.52e-220,ECM2
9,95514833,rs10992448,1.11e-49,BICD2
9,95568110,rs2011075,6.32e-12,ANKRD19P
9,95607083,rs10821027,0.00050462,ZNF484
9,95887320,rs2275848,3.42e-51,NINJ1
9,95898531,rs7025554,1.82e-15,NINJ1
9,96216746,rs16909150,2.9e-72,FAM120AOS
9,96349019,rs7040568,9e-46,PHF2
9,96401805,rs10115715,1.17e-24,PHF2
9,96617700,rs10992927,4.76e-24,MIR4291
9,96932414,rs4744321,5.02e-32,MIRLET7A1
9,96943059,rs10821311,3.46e-192,MIRLET7D
9,96948863,rs2768641,0,MIRLET7D
9,96963304,rs1421134,0.0963515,MIRLET7DHG
9,97068939,rs10993161,1.48e-27,ZNF169
9,97212196,rs9409547,1.87e-58,HIATL1
9,97314815,rs11998973,3.5e-107,FBP2
9,97324198,rs965474,1.53e-10,FBP2
9,97479822,rs7037510,9.57e-13,C9orf3
9,97520168,rs12337992,7.69e-139,C9orf3
9,97522829,rs16911681,2.8e-25,C9orf3
9,97714914,rs10512252,8.62e-06,MIR6081
9,97729136,rs10993413,1.83e-24,MIR6081
9,97741066,rs1004813,0.0057619,MIR6081
9,97741336,rs3802457,4.88e-13,MIR6081
9,97775979,rs6479589,3.06e-13,MIR6081
9,97886456,rs4647519,6.82e-55,FANCC
9,98181517,rs16912143,0.00107297,PTCH1
9,98189458,rs357522,8.1e-71,PTCH1
9,98204792,rs16909859,2.7e-108,PTCH1
9,98217581,rs28701981,0,LOC100507346
9,98238403,rs2066830,6.28e-26,LOC100507346
9,98256235,rs473902,0,PTCH1
9,98283093,rs28536742,0,PTCH1
9,98286544,rs16909933,4.51e-09,PTCH1
9,98296403,rs10512247,1.24e-182,PTCH1
9,98319969,rs17370391,1.84e-232,PTCH1
9,98368761,rs1984119,0,PTCH1
9,98383097,rs7860540,1.7e-216,PTCH1
9,98398777,rs12343296,0,PTCH1
9,98407644,rs10990134,1.49e-74,PTCH1
9,98434188,rs817171,2.87e-15,LINC00476
9,98441630,rs700995,1.87e-190,LINC00476
9,98534372,rs4743306,1.04e-26,LINC00476
9,98596468,rs17394582,1.32e-09,LINC00476
9,98691137,rs2274654,1.66e-27,LINC00476
9,98817523,rs4487915,1.21e-25,LOC158435
9,98828510,rs4743506,0.0519651,LOC158435
9,98885767,rs4743559,4.59e-20,LOC158434
9,98928974,rs12353207,5.4e-19,LOC158434
9,98977432,rs10989731,0.00736456,HSD17B3
9,99021661,rs2476923,0.0231017,HSD17B3
9,99084471,rs16910750,0,SLC35D2
9,99130207,rs13283885,1.05e-67,SLC35D2
9,99165576,rs12002084,1.4e-165,ZNF367
9,99260980,rs10991378,0,CDC14B
9,99268690,rs7035310,3.39e-280,CDC14B
9,99278547,rs16911041,1.33e-24,CDC14B
9,99291174,rs11506818,9.34e-07,CDC14B
9,100334586,rs2149986,2.28e-32,TSTD2
9,100535267,rs7030280,1.23e-71,XPA
9,100745902,rs3739672,1.84e-107,ANP32B
9,100925279,rs6478582,1.72e-07,CORO2A
9,101137842,rs553139,1.17e-06,GABBR2
9,101306446,rs2808522,1.58e-06,GABBR2
9,101420788,rs1571928,1.12e-23,GABBR2
9,101505746,rs7035107,0.00968947,ANKS6
9,101651948,rs1028653,1.57e-14,GALNT12
9,101729239,rs4743300,1.16e-45,COL15A1
9,101748356,rs2075663,2.07e-135,COL15A1
9,101844549,rs2416666,9e-114,COL15A1
9,101911656,rs868,1.13e-65,TGFBR1
9,101931740,rs7035064,4.3e-11,TGFBR1
9,102148318,rs10988788,0.00010259,NAMA
9,102159610,rs2416771,5.72e-07,NAMA
9,102623328,rs7023690,1.14e-35,NR4A3
9,103064530,rs7472,6.76e-31,TEX10
9,103885584,rs4998243,1.52e-94,LPPR1
9,103929779,rs4278208,5.84e-77,LPPR1
9,104394585,rs4742820,4.68e-18,PPP3R2
9,104679786,rs2795381,2.22e-11,GRIN3A
9,105342266,rs10760899,8.59e-36,LINC00587
9,106730859,rs1348455,3.79e-21,LOC101928523
9,106885243,rs6479215,4.75e-24,SMC2
9,107562804,rs2230808,1.67e-06,ABCA1
9,107591478,rs2066717,1.71e-10,ABCA1
9,107684253,rs2472508,1.17e-11,ABCA1
9,107985174,rs7031663,0.00024139,SLC44A1
9,108912911,rs1516882,6.45e-287,TMEM38B
9,108916895,rs7038938,1.21e-30,TMEM38B
9,109108901,rs12686081,5.17e-188,MIR8081
9,109181911,rs902143,1.17e-212,MIR8081
9,109196180,rs13294274,1.07e-11,MIR8081
9,109244902,rs11792623,0.346691,MIR8081
9,109325757,rs10115173,7.33e-09,MIR8081
9,109382361,rs9942977,0.00065948,LOC100996590
9,109437581,rs12115522,1.35e-28,LOC100996590
9,109460116,rs16925728,0.00392488,LOC100996590
9,109461655,rs7042246,6.04e-51,LOC100996590
9,109497528,rs7863929,3.3e-72,LOC100996590
9,109518208,rs2451948,1.65e-77,LOC100996590
9,109522849,rs17194561,4.4e-78,LOC100996590
9,109599046,rs7027110,2.16e-272,ZNF462
9,109639062,rs7874161,0,ZNF462
9,109695139,rs2134063,9.21e-19,MIR548Q
9,109765215,rs3764523,2.13e-27,ZNF462
9,109778033,rs7040608,1.07e-30,ZNF462
9,109910721,rs1714473,1.31e-31,MIR548Q
9,110101710,rs817845,4.01e-15,RAD23B
9,110291122,rs1962035,0.00079638,KLF4
9,110309790,rs7040552,9.69e-11,KLF4
9,110341137,rs10759244,2.51e-20,KLF4
9,110474940,rs7874022,2.3e-22,KLF4
9,110670409,rs1999349,2.24e-12,KLF4
9,110766963,rs1416836,1.24e-07,KLF4
9,110945296,rs607019,4.18e-26,ACTL7B
9,110953051,rs10512362,2.07e-05,ACTL7B
9,111182146,rs506707,7.61e-38,ACTL7B
9,111280201,rs7026342,1.45e-06,ACTL7B
9,111369668,rs4978717,2.84e-24,ACTL7B
9,111661150,rs4978760,4.97e-110,IKBKAP
9,111663793,rs10979605,3.98e-70,IKBKAP
9,111765737,rs12555920,9.59e-57,CTNNAL1
9,111954115,rs10979739,1.8e-69,EPB41L4B
9,112028082,rs7875542,1.23e-23,EPB41L4B
9,112099082,rs12551044,3.11e-07,EPB41L4B
9,112220503,rs7033652,0.00111438,PTPN3
9,112265229,rs17793891,6.02e-09,PTPN3
9,112312516,rs1929129,2.03e-27,PTPN3
9,112488155,rs9409094,1.52e-26,PALM2-AKAP2
9,112570896,rs10980055,3.17e-12,PALM2-AKAP2
9,112678121,rs7855586,6.14e-19,PALM2
9,112900199,rs914358,1.08e-07,AKAP2
9,112920099,rs7023507,2.59e-102,AKAP2
9,113018755,rs1049927,8.66e-114,TXN
9,113149008,rs16914982,0.00108324,SVEP1
9,113384063,rs4317650,1.23e-32,SVEP1
9,113468897,rs4401940,0.00039813,MUSK
9,113550168,rs2766999,2.76e-60,MUSK
9,113574115,rs524408,4.15e-12,MUSK
9,113640598,rs7042724,0.00100909,LPAR1
9,113705204,rs12552348,2.25e-38,LPAR1
9,113709586,rs10980653,7.3e-85,LPAR1
9,113778572,rs16915663,1.18e-08,LPAR1
9,113791974,rs10817133,3.98e-224,LPAR1
9,113794500,rs1000115,3.98e-11,LPAR1
9,113802433,rs4978978,3.13e-60,LPAR1
9,113811445,rs4978434,1.7e-10,LPAR1
9,113831319,rs4978979,0.00223775,LPAR1
9,113834438,rs1978304,2.19e-97,LPAR1
9,113957169,rs10980820,1.77e-38,MIR7702
9,114185794,rs1041576,5.48e-118,KIAA0368
9,114263388,rs10980916,4.56e-12,KIAA0368
9,114279497,rs12003641,6.79e-167,ZNF483
9,114293634,rs10980926,4.42e-187,ZNF483
9,114658469,rs1413219,1.39e-23,UGCG
9,114701630,rs7041171,2.25e-08,UGCG
9,114835829,rs7875641,2.3e-46,SUSD1
9,114975791,rs7046160,8e-59,PTBP3
9,115156389,rs7852741,7.78e-59,HSDL2
9,115281577,rs7049243,1.22e-34,KIAA1958
9,115593729,rs1539339,8.81e-12,SNX30
9,115926317,rs2571,1.52e-32,SLC31A2
9,115971429,rs10081701,1.02e-09,FKBP15
9,116048874,rs4979232,3.07e-39,PRPF4
9,116138013,rs3747816,3.38e-13,HDHD3
9,116241707,rs7021491,5.59e-77,RGS3
9,116334777,rs4979257,9.87e-64,RGS3
9,116436086,rs784933,2.25e-10,RGS3
9,116780559,rs13297916,0.941697,ZNF618
9,116810890,rs3827675,5.08e-34,ZNF618
9,116826842,rs10817563,1.76e-17,AMBP
9,116913717,rs919641,9.23e-13,COL27A1
9,116931099,rs2241671,1.85e-26,COL27A1
9,116938154,rs4978569,2.26e-35,COL27A1
9,116957958,rs4979352,3.62e-22,MIR455
9,116965542,rs2567716,0.118224,MIR455
9,117000801,rs1982850,7.14e-54,MIR455
9,117033022,rs4143245,1.92e-64,COL27A1
9,117049891,rs946053,4.57e-89,COL27A1
9,117074360,rs1976192,2.17e-22,COL27A1
9,117151781,rs2636893,2.5e-17,AKNA
9,117803882,rs1411456,3.14e-09,TNC
9,117812777,rs1556220,2.55e-11,TNC
9,117869930,rs1250023,1.96e-176,TNC
9,117892193,rs10982551,0.072769,LOC101928748
9,117975864,rs10982611,1.11e-19,2001-12-01 00:00:00
9,118064892,rs10982662,1.03e-07,2001-12-01 00:00:00
9,118148690,rs7859920,1.43e-27,2001-12-01 00:00:00
9,118202716,rs9409154,1.54e-16,2001-12-01 00:00:00
9,118377417,rs6478196,6.71e-170,LOC101928775
9,118397913,rs7850229,2.3e-50,LOC101928775
9,118419382,rs10759812,2.84e-28,LOC101928775
9,118500860,rs12005413,2.01e-195,LOC101928775
9,118716013,rs4979598,0.00018563,LINC00474
9,118716486,rs2106063,1.07e-05,LINC00474
9,118837670,rs10983051,3.67e-26,PAPPA
9,118838314,rs916561,1.6e-96,PAPPA
9,118887949,rs204505,1.77e-05,PAPPA
9,118966153,rs452312,2.4699999999999998e-86,PAPPA
9,119041018,rs7874262,2.62e-94,PAPPA-AS1
9,119107531,rs16933445,0.00036075,PAPPA-AS1
9,119117464,rs7865534,0,PAPPA-AS1
9,119129257,rs7033487,0,PAPPA-AS1
9,119139796,rs2273978,1.13e-43,PAPPA-AS1
9,119172844,rs7851723,7.11e-12,PAPPA
9,119235784,rs7044346,0.011597,LOC100128505
9,119248059,rs17220352,3.12e-40,LOC100128505
9,119331477,rs4836765,3.94e-46,LOC100128505
9,119343932,rs7867678,9.52e-09,LOC100128505
9,119370679,rs2416564,4.57e-171,LOC100128505
9,119461243,rs3747835,0.0002115,TRIM32
9,119523145,rs10120611,0.0978987,TRIM32
9,119582138,rs1409635,1.42e-11,TRIM32
9,119836145,rs7022073,2.14e-10,SNORA70C
9,120032451,rs7019790,2.01e-06,SNORA70C
9,120368736,rs10983712,3.01e-12,LOC101928797
9,120706836,rs516489,9.27e-11,TLR4
9,120819948,rs2244872,1.96e-10,TLR4
9,121835247,rs17220604,2.48e-13,BRINP1
9,122427858,rs11793029,1.14e-08,BRINP1
9,122595787,rs10818390,1.57e-13,MIR147A
9,122652870,rs11794984,3.12e-117,MIR147A
9,122800364,rs2900168,1.27e-05,MIR147A
9,123166160,rs2297453,1.74e-28,CDK5RAP2
9,123480696,rs4617229,1.1e-130,MEGF9
9,123603469,rs12343516,4.88e-86,PSMD5
9,123641168,rs1930777,4.86e-64,PHF19
9,123684157,rs7021206,0.00019531,TRAF1
9,124323308,rs2777302,1.6e-37,DAB2IP
9,124346099,rs878708,9.81e-08,DAB2IP
9,124415022,rs10818580,7.04e-86,DAB2IP
9,124790623,rs10125937,1.16e-11,TTLL11
9,124967910,rs10985564,2.54e-12,LHX6
9,125554766,rs2535739,0.0207357,OR5C1
9,125606617,rs10985794,3.01e-14,RC3H2
9,125709323,rs10818768,6.8e-87,RABGAP1
9,125814893,rs2241083,3.69e-118,GPR21
9,125986335,rs10985908,7.59e-16,STRBP
9,126113594,rs10985976,7.3e-10,CRB2
9,126558843,rs1752166,1.12e-22,DENND1A
9,126770250,rs10818907,4.62e-08,LHX2
9,127068140,rs4838157,2.59e-23,NEK6
9,127287329,rs7868877,1.65e-11,NR6A1
9,127314701,rs3780195,4.55e-19,NR6A1
9,127377780,rs7874367,5.77e-56,MIR181A2HG
9,127834277,rs656322,2.34e-05,SCAI
9,128199873,rs1129,2.08e-49,MAPKAP1
9,129147907,rs7021581,2.83e-14,NRON
9,129334540,rs7864732,2.07e-17,LMX1B
9,129462501,rs10987417,8.16e-22,LMX1B
9,129833029,rs2789514,5.56e-118,ANGPTL2
9,129862996,rs13298677,1.58e-15,ANGPTL2
9,129979758,rs3780318,1.09e-14,RALGPS1
9,130251615,rs10987668,1.28e-10,LRSAM1
9,130403622,rs12554453,7.54e-13,STXBP1
9,130536717,rs10760500,3.71e-21,SH2D3C
9,130551997,rs3217750,0.00016004,CDK9
9,130668957,rs10819317,2.42e-08,ST6GALNAC4
9,130731511,rs7862194,2.92e-15,FAM102A
9,130844744,rs7036499,2.05e-19,SLC25A25
9,130994179,rs3003578,8.77e-29,MIR199B
9,131055525,rs10114273,1.04e-14,SWI5
9,131199576,rs6918,0.0985869,CERCAM
9,131595407,rs10988134,5.3e-20,CCBL1
9,131660887,rs941959,1.54e-05,LRRC8A
9,132022766,rs1556144,7.44e-17,C9orf106
9,132237944,rs1147372,1.45e-54,LINC00963
9,132416836,rs7020887,1.51e-09,PRRX2
9,132580901,rs1801968,2.5e-12,TOR1A
9,132634869,rs10760642,1.16e-09,MIR6855
9,132836688,rs4836688,7.52e-18,GPR107
9,133347080,rs486889,1.44e-13,ASS1
9,133404666,rs11790031,0.541743,ASS1
9,133474146,rs7863546,1.61e-120,FUBP3
9,133484209,rs12346705,0.00025009,MIR6856
9,133504909,rs11791149,4.6e-219,MIR6856
9,133757785,rs3808814,1.33e-15,ABL1
9,133970178,rs818051,2.13e-07,AIF1L
9,134598883,rs12683159,1.33e-33,RAPGEF1
9,134621809,rs1123551,0.00250164,RAPGEF1
9,135410052,rs11243822,1.82e-13,C9orf171
9,135775427,rs6597584,2.3e-13,TSC1
9,136023053,rs7022583,3.56e-16,RALGDS
9,136139754,rs8176681,4.23e-25,ABO
9,136154867,rs495828,2.92e-46,ABO
9,136363862,rs4598320,8.29e-38,TMEM8C
9,136371224,rs9330459,2.78e-34,TMEM8C
9,136397058,rs17150640,7.72e-08,ADAMTSL2
9,136398612,rs13288485,4.49e-09,ADAMTSL2
9,136409854,rs9330463,8.74e-39,ADAMTSL2
9,136410525,rs10119879,1.26e-32,ADAMTSL2
9,136458311,rs9409872,5.11e-44,FAM163B
9,136910097,rs465724,3.72e-107,LINC00094
9,136921015,rs17566226,1.48e-11,BRD3
9,136928644,rs10993907,1.16e-62,BRD3
9,137013862,rs28673958,8.9e-18,WDR5
9,137037831,rs28513414,1.68e-44,RNU6ATAC
9,137185046,rs7032984,7.65e-14,RXRA
9,137229327,rs12339187,6.15e-21,RXRA
9,137348592,rs3118545,1.64e-18,RXRA
9,139083019,rs11103372,6.36e-228,LHX3
9,139098175,rs3780188,0.0831529,QSOX2
9,139099073,rs3780190,0.00193865,QSOX2
9,139100413,rs7024579,0,QSOX2
9,139134981,rs7038554,0,QSOX2
9,139270975,rs3812562,6.91e-21,SNAPC4
9,139357939,rs13300554,2.9e-28,C9orf163
9,139368953,rs3812594,3.18e-240,C9orf163
9,139414839,rs3124607,0.0282067,MIR4673
9,139427066,rs11145770,4.81e-31,MIR4673
9,139617836,rs6874,2.72e-47,SNHG7
9,139774381,rs10747037,5.9e-07,TRAF2
9,139860631,9:139860631_C_T,0.00212958,LCN12
9,140084376,9:140084376_G_A,3.69e-57,SSNA1
9,140144215,9:140144215_A_G,1.82e-14,LOC100129722
9,141003946,9:141003946_G_T,4.06e-08,CACNA1B
9,141017352,9:141017352_C_T,3.34e-21,CACNA1B
10,224255,rs17221197,3.28e-16,ZMYND11
10,540682,rs12573636,9.04e-06,MIR5699
10,834626,rs4881529,3.99e-33,LARP4B
10,1254141,rs4880788,6.7e-16,ADARB2
10,1729026,rs7896371,5.67e-86,ADARB2
10,2258513,rs11592542,7.57e-10,LINC00701
10,3161131,rs3829914,1.58e-17,PFKP
10,3166221,rs9423477,9.63e-22,PFKP
10,3190265,rs4881111,2.38e-73,PITRM1-AS1
10,3507739,rs4881177,1.41e-19,PITRM1
10,3531982,rs10904050,3.85e-10,KLF6
10,3689257,rs10904063,1.33e-15,KLF6
10,3792844,rs2129440,2.01e-40,KLF6
10,3821561,rs17731,9.7e-66,KLF6
10,4501924,rs1615752,2.35e-10,LINC00703
10,4963327,rs12774134,0,AKR1C6P
10,5035246,rs10904387,5.47e-33,AKR1C2
10,5246085,rs17134531,5.68e-61,AKR1C4
10,5415954,rs10904481,7.98e-14,UCN3
10,5464706,rs11253170,3.41e-43,NET1
10,5571549,rs10904523,8.36e-10,CALML3
10,5637755,rs2380196,6.04e-16,ASB13
10,5651763,rs1539445,7.16e-62,ASB13
10,5750078,rs11254266,2.5e-67,FAM208B
10,6113782,rs1887027,3.46e-06,IL2RA
10,6174601,rs10905876,1.76e-10,PFKFB3
10,6217706,rs11257080,1.8e-28,MIR3155A
10,6286839,rs7916923,2.71e-09,PFKFB3
10,6390107,rs7917676,2.07e-09,LOC399715
10,6829518,rs11254641,1.58e-19,LINC00707
10,6904180,rs7098268,4.03e-58,LINC00707
10,7013216,rs2486866,7.18e-09,LINC00707
10,7252099,rs2762595,9.08e-09,SFMBT2
10,7267476,rs11255049,1.57e-11,SFMBT2
10,7439725,rs11255111,3.38e-09,SFMBT2
10,7451241,rs2249445,2.3e-57,SFMBT2
10,7475082,rs12770965,7.58e-33,SFMBT2
10,7805481,rs2026612,3.2e-12,KIN
10,8095340,rs2275806,3.38e-11,GATA3-AS1
10,10251910,rs1885740,3.52e-10,SFTA1P
10,10540164,rs4747860,9.95e-09,SFTA1P
10,10923851,rs2224693,1.76e-31,LINC00710
10,10997313,rs201074,2.21e-10,LINC00710
10,11909896,rs12261792,6.16e-100,PROSER2
10,11962266,rs17471939,7.04e-50,UPF2
10,12020196,rs10752250,3.13e-86,UPF2
10,12165247,rs12570214,2.91e-73,DHTKD1
10,12215180,rs2399786,3.13e-99,SEC61A2
10,12448088,rs12254030,1.43e-11,CAMK1D
10,12547384,rs41355846,9.19e-09,MIR4480
10,12826033,rs3802560,4.74e-85,CAMK1D
10,12836839,rs1929383,0.00894507,CAMK1D
10,12864394,rs1757052,0.0904375,CAMK1D
10,12943973,rs12779328,0,CCDC3
10,12967801,rs17508369,1.89e-13,CCDC3
10,12968854,rs7072083,2.33e-06,CCDC3
10,12976288,rs1251007,4.5e-124,CCDC3
10,13169066,rs17512962,3.17e-07,OPTN
10,13383011,rs7919509,8e-08,SEPHS1
10,13557945,rs2399972,1.76e-08,BEND7
10,13755544,rs1541010,2.59e-16,FRMD4A
10,13974452,rs2797891,2.19e-09,FRMD4A
10,14117154,rs1870746,5.39e-28,FRMD4A
10,14609487,rs876654,1.31e-11,FAM107B
10,14725691,rs4750551,1.07e-06,FAM107B
10,15176157,rs12250830,1.67e-37,PPIAP30
10,15203275,rs10906841,2.81e-42,PPIAP30
10,15252397,rs10906861,6.18e-05,FAM171A1
10,15563450,rs4750665,2.21e-08,ITGA8
10,16692015,rs7920932,7.08e-09,RSU1
10,16860256,rs2603795,7.92e-10,RSU1
10,17050963,rs7921244,3.48e-11,CUBN
10,17156151,rs1801222,3.32e-16,CUBN
10,17605011,rs17448763,1.1e-12,PTPLA
10,17750968,rs17464580,3.54e-09,STAM
10,18423380,rs2357790,1.7e-31,CACNB2
10,18549016,rs7099380,9.16e-06,CACNB2
10,18807057,rs7910506,2.26e-26,CACNB2
10,18873290,rs12766314,5.93e-09,NSUN6
10,20365706,rs7093403,4.17e-08,PLXDC2
10,20768098,rs11012077,3.69e-07,MIR4675
10,21721758,rs959652,2.53e-40,CASC10
10,21833156,rs16921849,7.24e-14,MLLT10
10,22421254,rs34737777,9.93e-47,EBLN1
10,22838389,rs10828316,1.51e-77,PIP4K2A
10,22895740,rs7099314,2.96e-08,PIP4K2A
10,23529458,rs10508658,1.37e-17,C10orf115
10,23723421,rs3934842,2.71e-08,OTUD1
10,23801555,rs10828469,1.01e-70,OTUD1
10,24681150,rs7070056,8.41e-34,MIR603
10,24752328,rs16924788,0.0015953,KIAA1217
10,24843786,rs16924889,4.54e-21,KIAA1217
10,24957906,rs7909388,1.03e-12,ARHGAP21
10,25078878,rs1537900,2.56e-60,PRTFDC1
10,25178864,rs11014285,9.6e-131,PRTFDC1
10,25242922,rs3808907,2.1e-07,PRTFDC1
10,25247473,rs274302,2.37e-49,PRTFDC1
10,25363128,rs11014382,7.7e-63,ENKUR
10,25449748,rs7920241,1.11e-30,GPR158-AS1
10,25701341,rs2480345,2.11e-15,GPR158
10,26718561,rs3006819,2.33e-06,APBB1IP
10,27063824,rs10829061,4.99e-08,PDSS1
10,27549961,rs651134,2.66e-18,LRRC37A6P
10,27694764,rs2484191,1.77e-52,PTCHD3
10,27862968,rs2254027,0.654373,RAB18
10,27874889,rs1979720,7.99e-99,RAB18
10,27910248,rs903282,6.86e-78,MKX
10,27962714,rs2253055,3.74e-10,MKX
10,28113533,rs4749261,5.51e-51,ARMC4
10,28187781,rs11006764,9.73e-93,ARMC4
10,28435915,rs12241932,6.43e-12,MPP7
10,28461040,rs7074621,1.48e-19,MPP7
10,28621507,rs703018,3.14e-13,MIR8086
10,28917221,rs332189,1.1e-115,WAC
10,28941227,rs12411515,8.21e-106,BAMBI
10,29010588,rs10826503,1.3e-15,BAMBI
10,29097070,rs1761987,4.08e-20,LINC00837
10,29233160,rs1832845,2.18e-19,C10orf126
10,29441360,rs534371,6.89e-60,LYZL1
10,29508589,rs555438,9.08e-52,LYZL1
10,29516516,rs501298,5.04e-45,LYZL1
10,29561930,rs11814979,1.12e-10,LYZL1
10,29562460,rs10826586,0.0001285,LYZL1
10,29687480,rs7070414,0.00016577,LOC102724316
10,29769647,rs10763720,1.19e-21,LOC102724316
10,30052552,rs1013610,7.04e-07,SVIL
10,30145976,rs1929238,1.05e-16,SVIL
10,30300420,rs17294968,0.00052994,KIAA1462
10,30355193,rs2255515,5.63e-21,KIAA1462
10,30472064,rs2795857,2.28e-123,KIAA1462
10,30481446,rs2488005,8.84e-64,MTPAP
10,30896831,rs448247,5.57e-05,LYZL2
10,30986700,rs4749589,0.00117613,SVILP1
10,31042494,rs11008222,3.6e-27,SVILP1
10,31102564,rs7093320,2.75e-13,ZNF438
10,31108819,rs10763839,0.00018567,ZNF438
10,31118096,rs2000099,2.56e-121,ZNF438
10,31146615,rs16932010,9.12e-50,ZNF438
10,31364621,rs793088,1.12e-45,ZNF438
10,31446369,rs1771637,1.91e-58,ZNF438
10,31916689,rs4313476,1.4e-27,ZEB1
10,32068124,rs2808054,1.15e-09,ARHGAP12
10,32128611,rs2808096,6.99e-43,ARHGAP12
10,32160519,rs7077016,3.15e-68,ARHGAP12
10,32398895,rs211424,1.55e-22,KIF5B
10,32619572,rs11592754,1.98e-65,LOC102031319
10,33466566,rs1044268,6.21e-06,NRP1
10,33584131,rs6481844,2.94e-05,NRP1
10,34424509,rs10827330,0.0991063,PARD3
10,34456509,rs1660622,1.39e-20,PARD3
10,34570702,rs16935275,5.14e-42,PARD3
10,34756716,rs12785126,1.8e-05,PARD3
10,35174755,rs4244992,8.68e-13,PARD3-AS1
10,35936753,rs596642,7.93e-13,FZD8
10,36017381,rs644556,9.49e-05,PCAT5
10,36217953,rs772069,2.35e-35,PCAT5
10,36453909,rs315647,2.15e-08,PCAT5
10,36810210,rs2503087,7.97e-22,ANKRD30A
10,36978385,rs1412701,1.03e-10,ANKRD30A
10,38425765,rs2505258,9.09e-28,ZNF37A
10,43089965,rs210280,0.00181502,ZNF33B
10,43616751,rs715106,0.063706,RET
10,43678796,rs2435381,3.5e-74,CSGALNACT2
10,44014299,rs2393949,1.18e-21,ZNF487
10,44064013,rs7086537,1.15e-28,ZNF239
10,44109759,rs10899838,4.22e-06,ZNF485
10,46083500,rs7896175,5.25e-13,2008-03-01 00:00:00
10,48429578,rs2236724,1.27e-14,GDF10
10,48517085,rs4584515,1.5e-54,GDF10
10,48533189,rs11204260,4.5e-48,GDF10
10,48548987,rs11204264,3.21e-25,GDF10
10,48579915,rs11204276,3.78e-45,GDF10
10,48601573,rs786772,0.00024109,PTPN20B_dup_1
10,49613797,rs11101314,2.17e-18,MAPK8
10,49793306,rs2889659,1.74e-17,ARHGAP22
10,50105407,rs3750864,3.16e-07,LRRC18
10,50340749,rs6537499,1.14e-21,FAM170B
10,50496662,rs6537521,1.08e-05,C10orf71-AS1
10,50510522,rs2377965,5.5e-36,C10orf71
10,50872246,rs10857528,1.91e-08,CHAT
10,50968795,rs717721,1.43e-07,OGDHL
10,52002308,rs10825481,1.13e-24,ASAH2
10,52162253,rs17721658,1.11e-49,SGMS1
10,52336656,rs7921226,4.35e-06,SGMS1
10,52550014,rs10821825,0.407255,A1CF
10,52643179,rs12244405,1.68e-28,A1CF
10,52731919,rs7096841,3.27e-44,PRKG1
10,52747623,rs6479835,1.42e-75,PRKG1
10,52789355,rs6479874,0.0531954,PRKG1
10,52813733,rs16913257,1.83e-47,PRKG1
10,52849729,rs2879548,0.0877786,PRKG1
10,52915936,rs1904692,8.59e-23,MIR605
10,53009470,rs10996323,8.44e-07,MIR605
10,53035292,rs4086289,3.27e-09,MIR605
10,53126466,rs1189316,1.87e-11,MIR605
10,53189077,rs10997502,5.85e-30,MIR605
10,53289428,rs9988728,1.08e-96,CSTF2T
10,53320713,rs10998122,0.390087,CSTF2T
10,53771085,rs726195,1.58e-31,PRKG1-AS1
10,53821238,rs4411238,7.88e-32,PRKG1-AS1
10,53826682,rs10824010,1.45e-11,PRKG1-AS1
10,53959455,rs2174257,4.67e-15,PRKG1-AS1
10,54037209,rs1919461,7.28e-13,PRKG1-AS1
10,54417411,rs6480933,8.55e-29,MBL2
10,54467459,rs11814440,2.94e-39,MBL2
10,55884408,rs11004085,5.72e-11,PCDH15
10,57774135,rs10763296,1.09e-11,ZWINT
10,59095288,rs12249388,6.24e-10,MIR3924
10,59841493,rs11006042,0.208801,IPMK
10,59985671,rs2790232,0.00367428,IPMK
10,60071446,rs2393421,1.38e-23,CISD1
10,60265404,rs7084402,6.8e-24,BICC1
10,60460821,rs11006230,1.59e-16,FAM133CP
10,61335076,rs4341489,2.54e-45,SLC16A9
10,61468518,rs3802694,0.00045374,SLC16A9
10,61469090,rs1171615,2.95e-223,SLC16A9
10,61566323,rs7099368,2e-33,CCDC6
10,61656893,rs1125168,3.31e-47,CCDC6
10,61668339,rs3763745,1.71e-19,CCDC6
10,61702152,rs6479673,6.36e-25,C10orf40
10,61842498,rs2393595,1.11e-13,ANK3
10,61882414,rs10994212,5.1e-07,ANK3
10,62140840,rs10821746,5.5e-60,ANK3
10,62207943,rs7070102,2.49e-44,ANK3
10,62565144,rs7093851,2.09e-08,CDK1
10,62612714,rs7091284,1.35e-08,RHOBTB1
10,63211137,rs10821892,1.65e-28,TMEM26
10,63523266,rs2675612,5.54e-17,C10orf107
10,63596968,rs17284864,1.54e-27,ARID5B
10,63727187,rs4506592,1.67e-140,MIR548AV
10,63785089,rs10821944,8.46e-38,MIR548AV
10,63926380,rs7919015,2.04e-24,RTKN2
10,64174332,rs4309048,6.75e-12,LOC283045
10,64541404,rs224092,1.33e-108,ADO
10,64693119,rs10740099,3.08e-44,EGR2
10,65318766,rs10761785,3.14e-105,REEP3
10,65351534,rs7900131,0.00341486,REEP3
10,65434053,rs16918768,0.0273238,REEP3
10,65525834,rs1842189,2.37e-08,REEP3
10,68424721,rs10509273,6.86e-07,LOC101928961
10,68603568,rs12355064,5.45e-09,LOC101928961
10,69793644,rs3740055,3.92e-17,HERC4
10,69933921,rs10997975,7.13e-223,MYPN
10,70220535,rs2031098,1.35e-145,DNA2
10,70332862,rs12221107,8.67e-232,TET1
10,70338978,rs10823231,5.24e-216,TET1
10,70352140,rs2795870,7.58e-74,TET1
10,70405237,rs12241767,8.65e-39,TET1
10,70463568,rs9664270,8.67e-103,TET1
10,70716061,rs17556220,4.9e-20,DDX21
10,70796858,rs10998531,1.1e-14,KIAA1279
10,70858062,rs2805913,6.44e-05,SRGN
10,70975239,rs5030933,5.84e-18,HKDC1
10,71043781,rs10998696,2.54e-15,HK1
10,71245617,rs1227937,1.35e-39,TSPAN15
10,71275363,rs10998840,5.52e-46,TSPAN15
10,71313136,rs192710,9.06e-13,NEUROG3
10,71389673,rs10998884,0.00101981,C10orf35
10,71393025,rs1132075,2.17e-15,C10orf35
10,71394060,rs899021,1.64e-05,C10orf35
10,71709869,rs11816683,6.72e-13,COL13A1
10,72015573,rs3812694,2.55e-51,NPFFR1
10,72025954,rs3812696,3.17e-28,NPFFR1
10,72121809,rs7101097,1.49e-22,LRRC20
10,72796318,rs7094645,6.54e-17,PCBD1
10,72994947,rs4447093,6.27e-15,UNC5B-AS1
10,73536189,rs9415997,5.48e-25,C10orf54
10,73776875,rs16929561,1.22e-11,CHST3
10,74002564,rs12266147,1.25e-31,ANAPC16
10,74053313,rs7088870,1.62e-17,DDIT4
10,74109459,rs10400019,3.46e-09,DNAJB12
10,74530338,rs6480641,1.56e-05,MIR4676
10,74715971,rs7074080,4.59e-15,PLA2G12B
10,74906304,rs7907180,8.38e-53,ECD
10,75197051,rs12644,0.0004837,PPP3CB
10,75652447,rs2633306,1.43e-22,C10orf55
10,75793175,rs12413620,3.76e-33,VCL
10,75934509,rs10824094,3.69e-14,ADK
10,76633664,rs16931793,1.5e-13,KAT6B
10,76820310,rs10824259,8.02e-84,DUPD1
10,76873427,rs11001296,2.35e-32,SAMD8
10,77216955,rs7090265,7.54e-57,LOC101929234
10,77548286,rs12411465,2.7e-32,C10orf11
10,77819030,rs2117792,1.22e-17,C10orf11
10,78055054,rs17376389,1.48e-07,C10orf11
10,78068228,rs2579784,1.01e-14,C10orf11
10,78108661,rs12413026,4.78e-10,C10orf11
10,78313096,rs2579745,1.61e-09,C10orf11
10,78444456,rs241,2.04e-28,C10orf11
10,78989024,rs480177,2.62e-29,KCNMA1
10,79053957,rs592676,6.54e-26,KCNMA1
10,79316781,rs1248571,5.97e-17,KCNMA1
10,79625407,rs1659390,3.95e-51,DLG5
10,79660125,rs10430531,6.17e-142,DLG5
10,79709725,rs11002344,1.34e-120,DLG5-AS1
10,79915397,rs11595302,1.33e-21,LINC00856
10,80107955,rs1513394,4.98e-07,LINC00595
10,80234372,rs2254238,2.71e-14,LINC00595
10,80251721,rs7918954,2.42e-17,LINC00595
10,80342675,rs6480895,7.47e-09,LINC00595
10,80468900,rs12256977,3.69e-08,ZMIZ1-AS1
10,80522530,rs574984,2.05e-24,ZMIZ1-AS1
10,80529202,rs946517,4.25e-24,ZMIZ1-AS1
10,80834685,rs4980022,8.35e-15,ZMIZ1
10,80838651,rs7920460,1.69e-10,ZMIZ1
10,80867175,rs6480919,0.227077,ZMIZ1
10,80896251,rs12572275,0.724225,ZMIZ1
10,80907147,rs780159,1.1e-278,ZMIZ1
10,80920370,rs4980038,1.08e-30,ZMIZ1
10,80927651,rs703992,5.46e-195,ZMIZ1
10,80940357,rs4980041,0.0104397,ZMIZ1
10,81010850,rs1250600,1.53e-10,ZMIZ1
10,81088116,rs12218866,2.01e-20,ZMIZ1
10,81089162,rs11002928,0,ZMIZ1
10,81130036,rs1483733,0,ZCCHC24
10,81130738,rs4085577,7.59e-26,ZCCHC24
10,81160150,rs4980073,0.378392,ZCCHC24
10,81169345,rs10824752,2.31e-57,ZCCHC24
10,81182802,rs12360384,4.21e-30,ZCCHC24
10,81194236,rs4980080,5.06e-30,ZCCHC24
10,81228378,rs7910211,2.2e-41,ZCCHC24
10,81789301,rs12265591,3.65e-17,TMEM254-AS1
10,81900893,rs2819878,2.12e-20,PLAC9
10,81968903,rs11202112,1.43e-19,LINC00857
10,82174556,rs17617406,8.34e-35,FAM213A
10,83175662,rs975853,5.1e-22,NRG3
10,84149256,rs1317007,1.35e-12,NRG3
10,84735445,rs1923580,1.36e-11,NRG3
10,86279253,rs10887315,4.41e-22,CCSER2
10,86548952,rs9421478,6.25e-35,CCSER2
10,87022887,rs11201527,5.01e-09,GRID1-AS1
10,87469048,rs7914829,7.98e-13,GRID1-AS1
10,87909035,rs12772661,2.23e-05,MIR346
10,88024443,rs2607863,6.39e-39,MIR346
10,88069416,rs2217224,3.23e-22,MIR346
10,88408892,rs2250515,1.7e-29,OPN4
10,88446254,rs1986382,3.81e-35,LDB3
10,88611122,rs2883420,7.11e-43,BMPR1A
10,88852942,rs2296063,2.27e-16,GLUD1
10,89372233,rs10887732,2.62e-36,PAPSS2
10,89445015,rs11202505,3.48e-35,PAPSS2
10,89555714,rs11816798,2.87e-19,ATAD1
10,89630424,rs35161364,0.0574498,KLLN
10,89774578,rs2785070,1.44e-120,PTEN
10,89810979,rs534182,7.65e-08,PTEN
10,89820170,rs4405216,7.15e-69,PTEN
10,89860534,rs10788582,0.00188621,PTEN
10,90072352,rs10509543,7.08e-81,RNLS
10,90160598,rs1426620,1.98e-35,RNLS
10,90220678,rs1418481,1.26e-23,RNLS
10,90609718,rs4934425,0.00024371,ANKRD22
10,91161355,rs303212,1.53e-28,IFIT1
10,91234155,rs17122257,3.75e-14,SLC16A12
10,91461153,rs11593892,1.18e-07,KIF20B
10,91581305,rs17127699,1.7e-09,LINC00865
10,92047571,rs10509598,5.07e-07,LOC101926942
10,92501650,rs1418213,3.2e-09,HTR7
10,92716619,rs4411211,2.23e-15,ANKRD1
10,92836486,rs7094504,1.47e-12,LINC00502
10,92926700,rs11186478,1.16e-83,PCGF5
10,92938899,rs7069106,8.13e-58,PCGF5
10,92982908,rs11186505,8.57e-180,PCGF5
10,93015079,rs2648725,3.28e-277,PCGF5
10,93041869,rs7074612,1.49e-19,PCGF5
10,93359794,rs7903829,1.94e-20,LOC100188947
10,93360302,rs11591635,1.99e-81,LOC100188947
10,93624672,rs2258946,1.57e-38,TNKS2
10,94052164,rs12411618,1.32e-13,2005-03-01 00:00:00
10,94626221,rs10786055,1.07e-09,EXOC6
10,94717451,rs17108019,1.04e-06,EXOC6
10,94899803,rs4918430,1.57e-15,CYP26A1
10,94906803,rs11596645,4.11e-119,CYP26A1
10,94985501,rs11187334,1.84e-108,MYOF
10,95006977,rs11187345,3.29e-37,MYOF
10,95063106,rs11597398,9.02e-60,MYOF
10,95320440,rs1889931,8.92e-37,FFAR4
10,95348182,rs10882272,3.01e-14,FFAR4
10,95409019,rs2901714,6.42e-39,PDE6C
10,95579110,rs4919543,0.00354036,LGI1
10,95736964,rs1223577,1.33e-06,PIPSL
10,95754732,rs3814689,4.39e-29,PLCE1
10,95981663,rs1108446,0.00017635,PLCE1-AS1
10,96104086,rs17439123,4.3e-59,NOC3L
10,96387079,rs11188044,1.09e-24,HELLS
10,97056871,rs12778481,1.55e-11,PDLIM1
10,97071364,rs3814148,1.05e-16,SORBS1
10,97531724,rs35700869,0.145134,ENTPD1-AS1
10,97862580,rs11188604,1.4e-269,ENTPD1-AS1
10,97870781,rs1172943,1.52e-08,ZNF518A
10,97993942,rs10882754,0.333317,BLNK
10,98168154,rs4917737,2.24e-12,TLL2
10,98317777,rs11188826,1.53e-08,TM9SF3
10,98703217,rs7080839,1.03e-27,LCOR
10,98712188,rs7082838,7.55e-132,LCOR
10,98809229,rs12098593,9.3e-26,SLIT1
10,99004171,rs793529,3.6e-08,ARHGAP19
10,99125949,rs2275580,5.18e-14,RRP12
10,99272669,rs11189249,6.19e-15,UBTD1
10,99463684,rs6584147,3.49e-09,MARVELD1
10,100013438,rs17524355,2.2e-59,LOXL4
10,100017453,rs1983864,3.43e-145,LOXL4
10,101229527,rs2862596,3.32e-08,GOT1
10,101457953,rs11596177,4.82e-35,COX15
10,101633310,rs10509739,2.62e-06,DNMBP
10,101713254,rs11190338,1.25e-20,DNMBP-AS1
10,101805442,rs11599750,9.8e-141,CPN1
10,101917366,rs10509741,5.62e-20,ERLIN1
10,102075479,rs603424,0.551599,PKD2L1
10,102275727,rs3750629,3.44e-35,SEC31B
10,102444894,rs1419178,0.241032,PAX2
10,102496740,rs4403743,2.5e-18,PAX2
10,102571560,rs876670,3.05e-15,PAX2
10,102632622,rs7902564,1.24e-25,FAM178A
10,102660904,rs2902407,2.96e-232,FAM178A
10,102755779,rs10883567,2.14e-155,LZTS2
10,103039264,rs11190901,3.39e-23,LBX1-AS1
10,103086222,rs11591787,1.36e-22,BTRC
10,103455809,rs6584444,2.2e-57,FBXW4
10,103823135,rs2786847,1.07e-10,HPS6
10,103879052,rs2786846,3.89e-21,LDB1
10,104223628,rs7342070,0,TMEM180
10,104391034,rs11596235,7.36e-132,SUFU
10,104508202,rs12763284,8.98e-244,WBP1L
10,104573017,rs284859,1.52e-48,WBP1L
10,104990933,rs7922982,1.4e-14,RPEL1
10,105135319,rs7905968,4.04e-33,TAF5
10,105174869,rs2271750,4.58e-09,PDCD11
10,105299611,rs6584555,5.79e-13,NEURL1
10,105371052,rs7907682,9.1e-30,SH3PXD2A
10,105474652,rs10883903,1.97e-115,SH3PXD2A-AS1
10,105521705,rs10748848,2.34e-41,SH3PXD2A-AS1
10,105621859,rs11191835,2.35e-45,SH3PXD2A
10,106469961,rs11818524,1.67e-22,SORCS3-AS1
10,107568816,rs4917451,3.87e-14,SORCS3
10,109305401,rs1676783,3.21e-12,SORCS1
10,111150638,rs4083576,7.52e-09,RNU6-53P
10,111787716,rs2225363,0.073056,ADD3-AS1
10,111964276,rs11195025,1.73e-26,MXI1
10,112045142,rs1133195,8.84e-27,MXI1
10,112046200,rs1803997,1.15e-08,MXI1
10,112299671,rs4918534,2.11e-09,SMC3
10,112398015,rs7907617,2.57e-05,RBM20
10,112537734,rs17763100,8.81e-09,RBM20
10,112570243,rs11195338,0.0001036,RBM20
10,112726492,rs17128212,7.23e-25,RPL13AP6
10,113940329,rs2792751,3.08e-79,GPAM
10,114009012,rs10787433,1.99e-38,TECTB
10,114206683,rs2277205,1.13e-38,ZDHHC6
10,114292303,rs4439449,9.43e-23,VTI1A
10,114381113,rs9645551,1.6e-49,MIR4295
10,114711983,rs7094463,1.05e-87,TCF7L2
10,114724473,rs11196171,2e-13,TCF7L2
10,114768609,rs6585200,4.92e-13,TCF7L2
10,114840639,rs11196219,6.25e-15,TCF7L2
10,114887722,rs11196236,1.72e-33,TCF7L2
10,114898914,rs10787476,1.58e-42,TCF7L2
10,114942278,rs7900784,3.09e-08,TCF7L2
10,115142260,rs7089082,5.85e-21,HABP2
10,115251289,rs4918827,4.46e-20,HABP2
10,115414684,rs11196406,1.94e-14,NRAP
10,115792787,rs740746,4.93e-65,ADRB1
10,115844949,rs686239,4.52e-10,C10orf118
10,116047436,rs10885543,1.12e-08,VWA2
10,116077998,rs1860082,0.00582221,AFAP1L2
10,116132463,rs4751649,2.59e-52,AFAP1L2
10,116155718,rs11196723,2.9e-17,AFAP1L2
10,117433011,rs1981663,5.55e-19,ATRNL1
10,117933073,rs10749196,1.61e-12,GFRA1
10,117968330,rs2694767,3.64e-29,GFRA1
10,118022076,rs7920266,1.44e-05,GFRA1
10,118509599,rs10787728,9.78e-07,HSPA12A
10,118651882,rs740600,1.85e-12,KIAA1598
10,118904495,rs716183,5.65e-14,VAX1
10,119043554,rs363294,9.76e-15,PDZD8
10,119061875,rs2803810,3.71e-23,PDZD8
10,119251232,rs10886079,0.126703,EMX2OS
10,119264059,rs17630626,0.00072945,EMX2OS
10,119315825,rs4751628,1.27e-23,EMX2
10,120024591,rs9919453,1.17e-27,FAM204A
10,120213164,rs4752161,7.82e-21,LINC00867
10,120426800,rs1247123,5.54e-60,CACUL1
10,120456912,rs17097967,2.45e-13,CACUL1
10,120490390,rs11598125,2.73e-09,CACUL1
10,120850164,rs4751691,5.96e-06,EIF3A
10,120952674,rs10886416,1.46e-104,PRDX3
10,121037952,rs4752269,2.88e-34,GRK5
10,121129797,rs291979,4.35e-298,MIR4681
10,121419487,rs17099139,9.95e-109,BAG3
10,121529565,rs10510058,1.03e-13,INPP5F
10,121603574,rs17681175,1.99e-136,MCMBP
10,121685016,rs4752351,5.37e-32,SEC23IP
10,122871763,rs11199775,1.1e-12,MIR5694
10,123218381,rs12776781,7.76e-19,FGFR2
10,123354726,rs3135715,2.44e-11,FGFR2
10,123396806,rs1614303,5.64e-62,FGFR2
10,123425304,rs2935720,5.56e-61,FGFR2
10,123432652,rs12356902,1.25e-24,ATE1
10,123463359,rs17544933,3.1e-32,ATE1
10,123587732,rs4752606,6.4e-35,ATE1
10,123661722,rs2420970,2.11e-57,ATE1-AS1
10,123875972,rs4752648,4.13e-11,TACC2
10,124061501,rs10788275,0.00820185,BTBD16
10,124167512,rs2421016,8.97e-233,MIR3941
10,124217632,rs2014307,0.768418,ARMS2
10,124230612,rs12571363,6.46e-135,HTRA1
10,124755111,rs9423244,1.98e-06,IKZF5
10,124866446,rs11248393,1.4e-05,HMX3
10,124881502,rs10794595,2.6e-08,HMX3
10,124920957,rs10902883,2.52e-12,BUB3
10,125072751,rs11592827,8.88e-62,BUB3
10,125222275,rs6599698,9.39e-11,GPR26
10,125466049,rs12779404,2.83e-09,GPR26
10,125828819,rs4929820,5.74e-08,CHST15
10,126085115,rs10430741,1e-40,OAT
10,126168862,rs7917600,0.00173114,LHPP
10,126218420,rs10794146,7.04e-55,LHPP
10,126230878,rs7077436,7.42e-28,LHPP
10,126264394,rs12416284,9.03e-50,LHPP
10,126280673,rs4962665,2.23e-148,LHPP
10,126292159,rs2362508,0.956284,LHPP
10,126294965,rs11599744,4.03e-68,LHPP
10,126413773,rs6597851,3.73e-191,FAM53B
10,126543993,rs2086945,7.27e-125,FAM175B
10,126579158,rs12255933,1.67e-15,ZRANB1
10,126617169,rs4962708,2.58e-21,ZRANB1
10,126649007,rs17152408,5.31e-103,ZRANB1
10,126684134,rs3781446,8.36e-11,CTBP2
10,126702814,rs3781429,3.02e-17,MIR4296
10,126843661,rs1693655,0.3208,CTBP2
10,126846531,rs10794201,1.88e-67,CTBP2
10,127722422,rs7920091,5.84e-73,ADAM12
10,127734012,rs1531331,2.29e-06,ADAM12
10,127744299,rs17154161,6.63e-08,ADAM12
10,127830020,rs1278337,3.85e-39,ADAM12
10,127845310,rs12412988,1.7e-13,ADAM12
10,127911584,rs7097356,8.77e-22,ADAM12
10,127944593,rs11244909,4.66e-12,ADAM12
10,127990196,rs9783128,1.23e-48,ADAM12
10,128053754,rs10794080,3.48e-29,ADAM12
10,128145099,rs10901612,2.7e-12,C10orf90
10,129026189,rs11016841,1.34e-14,FAM196A
10,129597382,rs12762583,4.24e-11,FOXI2
10,129796088,rs4750928,4.21e-07,PTPRE
10,129901747,rs10764749,2.44e-27,MKI67
10,130639298,rs4751013,1.23e-10,MGMT
10,130715389,rs10829518,3.99e-12,MGMT
10,130842093,rs11598539,1.49e-16,MGMT
10,131096120,rs11016738,1.76e-15,MGMT
10,131114514,rs2622441,1.05e-22,MGMT
10,131436561,rs12247354,1.24e-110,MGMT
10,131567549,rs10829627,8.96e-10,MGMT
10,131753010,rs10829665,1.94e-41,EBF3
10,131933599,rs3763759,1.34e-12,GLRX3
10,133729749,rs9419374,5.3e-45,PPP2R2D
10,133750141,rs7085239,1.79e-43,PPP2R2D
10,134228278,rs7920199,4.49e-29,PWWP2B
10,134242197,rs7896013,8.41e-17,PWWP2B
10,134459388,rs1133400,1.47e-10,INPP5A
11,244552,rs2272566,5.01e-51,PSMD13
11,276012,rs6598048,0.115932,NLRP6
11,297970,rs3817640,2.33e-26,IFITM5
11,308180,rs10398,4.7e-24,IFITM2
11,502217,rs7944548,1.06e-30,RNH1
11,702250,rs7479861,8.24e-39,TMEM80
11,723429,rs4078520,5.94e-24,EPS8L2
11,934594,rs11605562,1.15e-36,AP2A2
11,1009307,rs11246379,1.92e-15,AP2A2
11,1533682,rs7127084,2.44e-44,MOB2
11,1545251,rs6578476,0.00034967,DUSP8
11,1665671,rs4288711,0.00039683,KRTAP5-5
11,1890990,rs592373,5.26e-54,MIR4298
11,1941946,rs909116,3.07e-17,TNNT3
11,1943214,rs2734498,6.65e-10,TNNT3
11,1964312,rs7395920,1.98e-18,MRPL23
11,2022804,rs2735469,2.19e-83,H19
11,2095799,rs6578975,3.22e-39,INS-IGF2
11,2150697,rs7873,6.14e-30,IGF2
11,2156930,rs3213223,5.19e-27,MIR483
11,2169014,rs10770125,2.73e-308,IGF2-AS
11,2169110,rs3741211,5.51e-48,IGF2-AS
11,2171601,rs4320932,0,IGF2
11,2269190,rs11021918,6.7e-07,ASCL2
11,2380134,rs800160,4.18e-13,CD81
11,2388861,rs756915,3.69e-11,CD81
11,2574708,rs10430833,1.49e-19,KCNQ1OT1
11,2677645,rs41517049,2.18e-19,KCNQ1OT1
11,2696744,rs7128926,7.46e-81,KCNQ1OT1
11,2729340,rs2283200,2.15e-56,KCNQ1OT1
11,2741585,rs231885,1.05e-17,KCNQ1OT1
11,2761382,rs231879,4.23e-06,KCNQ1OT1
11,2779970,rs6578296,2.67e-38,KCNQ1OT1
11,2785623,rs4255520,0.0070524,KCNQ1OT1
11,2787061,rs231872,1.13e-106,KCNQ1OT1
11,2788916,rs2237881,0.2671,KCNQ1OT1
11,2790163,rs11024034,2.33e-23,KCNQ1OT1
11,2810731,rs2237886,0,KCNQ1
11,2844441,rs163183,8.22e-20,KCNQ1
11,2852529,rs234857,4.27e-37,KCNQ1
11,2885728,rs10766424,0.0412689,KCNQ1DN
11,2902105,rs3864883,9.67e-18,CDKN1C
11,2908965,rs450563,9.92e-06,SLC22A18AS
11,2922493,rs4930027,1.19e-10,SLC22A18
11,2950558,rs13390,1.15e-16,PHLDA2
11,3020740,rs12805661,2.06e-58,CARS
11,3030104,rs12363575,0.00818481,CARS
11,3116632,rs10833221,3.22e-15,OSBPL5
11,3118517,rs7108415,8.63e-20,OSBPL5
11,3211112,rs9971622,1.74e-06,OSBPL5
11,3771200,rs7111312,2.23e-23,PGAP2
11,4601302,rs1000071,3.14e-65,C11orf40
11,5570771,rs424299,2.78e-07,OR52H1
11,5625847,rs3751006,2.23e-51,TRIM6-TRIM34
11,5647719,rs12787013,3.52e-16,TRIM34
11,5700340,rs3740995,2.44e-18,TRIM5
11,6666267,rs7111291,3.76e-34,DCHS1
11,6693054,rs10769706,2.57e-14,MRPL17
11,7023688,rs7932579,4.31e-09,ZNF214
11,7590220,rs10839815,1.33e-15,PPFIBP2
11,8110479,rs1881237,3.14e-08,RIC3
11,8114103,rs11041738,1.51e-14,RIC3
11,8152080,rs4758295,5.81e-32,TUB
11,8243798,rs11041816,3.31e-76,LMO1
11,8250811,rs4758317,3.43e-77,LMO1
11,8272253,rs16937302,1.57e-14,LMO1
11,8360804,rs747190,2.04e-05,STK33
11,8637926,rs10769933,4.46e-33,TRIM66
11,8735662,rs931756,1.73e-15,ST5
11,9051224,rs1960180,1.05e-24,SCUBE2
11,9313814,rs7103472,1.34e-10,TMEM41B
11,9482871,rs11042366,1.29e-77,ZNF143
11,9543916,rs10082685,0.053589,ZNF143
11,9599943,rs3910384,0.0250569,WEE1
11,10127309,rs7102016,5.83e-85,SBF2
11,10397043,rs11042761,5.11e-13,CAND1.11
11,10478228,rs2071020,1.98e-09,AMPD3
11,10554630,rs1350991,3.21e-09,RNF141
11,10691080,rs903823,4.08e-05,MRVI1
11,10881074,rs771373,6.89e-20,ZBED5-AS1
11,10921512,rs7932891,2.05e-33,ZBED5-AS1
11,11784626,rs12222268,2.4e-39,MIR8070
11,11939811,rs12225231,0.0295393,USP47
11,11986061,rs3206824,4.38e-116,DKK3
11,12003266,rs7479744,6.73e-06,DKK3
11,12022898,rs3750940,1.41e-29,DKK3
11,12116758,rs11022171,1.85e-11,MICAL2
11,12172059,rs9804570,9.13e-20,MIR6124
11,12255277,rs7930902,2.84e-24,MICAL2
11,12446924,rs10831815,4.94e-17,PARVA
11,12680733,rs10831894,7.12e-212,TEAD1
11,12716675,rs12807395,3.16e-38,TEAD1
11,12794946,rs3915398,8.55e-57,TEAD1
11,12903754,rs10831915,1.2e-53,TEAD1
11,13147295,rs6486092,1.4e-12,RASSF10
11,13276329,rs10832008,5.3e-51,ARNTL
11,13301921,rs1481892,3.42e-72,ARNTL
11,13798118,rs16913144,7.86e-06,FAR1
11,13919999,rs12286771,3.41e-05,SPON1
11,14102118,rs2697833,2.01e-20,SPON1
11,14224346,rs11023139,6.1e-78,SPON1
11,14264916,rs2303973,1.4e-103,SPON1
11,14690192,rs12283049,0.507589,PDE3B
11,14798806,rs6486202,1.13e-95,PDE3B
11,14855438,rs11023346,0.557098,PDE3B
11,15097084,rs11023426,9.8e-21,CALCB
11,15298929,rs10741668,1.71e-25,INSC
11,15772315,rs7128920,1.83e-11,SOX6
11,15892588,rs12364139,3.96e-47,SOX6
11,15930472,rs10832529,2.09e-27,SOX6
11,16003297,rs4237711,0.343691,MIR6073
11,16158420,rs9651573,3.84e-29,MIR6073
11,16235962,rs10500828,1.47e-33,MIR6073
11,16758246,rs3809095,2.21e-15,C11orf58
11,16787922,rs7128359,6.82e-18,C11orf58
11,17027329,rs10741719,1.34e-13,PLEKHA7
11,17191019,rs214936,2.99e-143,PIK3C2A
11,17351683,rs757081,1.21e-135,NUCB2
11,17438890,rs2074315,2.33e-08,ABCC8
11,17468317,rs7950189,3.14e-20,ABCC8
11,17676066,rs9633896,8.17e-30,OTOG
11,18053545,rs10488683,1.52e-45,TPH1
11,18105871,rs6486406,1.4e-56,SAAL1
11,18306399,rs11024603,5.44e-10,HPS5
11,18400973,rs7946331,1.18e-72,GTF2H1
11,18645668,rs10832956,3.92e-217,SPTY2D1
11,18690219,rs4757695,2.42e-75,TMEM86A
11,19297829,rs793263,1.96e-07,E2F8
11,19374222,rs1354268,1.58e-06,NAV2
11,19750100,rs723978,3.61e-16,LOC100126784
11,19788568,rs11025250,3.37e-12,MIR4694
11,20112373,rs2289560,1.91e-18,NAV2
11,20235409,rs11025443,1.11e-27,DBX1
11,20305479,rs10766646,3.34e-08,HTATIP2
11,20908913,rs7128766,1.85e-10,NELL1
11,22302597,rs7925081,3.11e-19,ANO5
11,22405245,rs11026543,6.82e-15,SLC17A6
11,22602443,rs10500937,1.97e-28,FANCF
11,22730905,rs400445,8.78e-09,GAS2
11,26091072,rs11029128,7.41e-14,ANO3
11,26250115,rs11602100,7.52e-12,ANO3
11,26708397,rs17309356,1.68e-15,SLC5A12
11,26804398,rs1375973,2.23e-29,SLC5A12
11,27020461,rs10835093,2.54e-10,FIBIN
11,27079310,rs7119888,1.43e-26,BBOX1
11,27310871,rs10767628,1.35e-33,CCDC34
11,27358622,rs12419259,2.79e-05,CCDC34
11,27472777,rs7945211,1.73e-14,LGR4
11,27637014,rs1488831,1.5e-06,LINC00678
11,28577867,rs7396827,7.09e-55,MIR8068
11,28648737,rs11030393,3e-31,MIR8068
11,29016502,rs7126178,1.72e-53,MIR8068
11,29231552,rs11030613,5.49e-46,MIR8068
11,30337523,rs11031047,1.29e-51,ARL14EP
11,30432176,rs553951,2.2e-149,MPPED2
11,30440708,rs474376,0.00032136,MPPED2
11,30508108,rs545610,3.51e-177,MPPED2
11,30574638,rs16920925,0.00015481,MPPED2
11,30776952,rs10767874,1.25e-69,DCDC5
11,31420580,rs17632324,3.88e-25,DNAJC24
11,31898539,rs11031505,5.55e-10,DKFZp686K1684
11,32103274,rs2474162,1.68e-36,RCN1
11,32375669,rs1884232,1.97e-12,WT1
11,32723873,rs1486582,2.65e-30,CCDC73
11,33012493,rs12224002,1.33e-07,QSER1
11,33041338,rs7105777,4.4e-15,DEPDC7
11,33339593,rs266457,1.01e-21,HIPK3
11,33779673,rs1112841,3.93e-24,FBXO3
11,34134926,rs10836156,4.48e-14,NAT10
11,34951606,rs12294047,8.78e-25,MIR1343
11,34969112,rs11539202,3.47e-06,MIR1343
11,35095324,rs2553828,1.3e-07,CD44
11,35327748,rs752949,8.81e-10,SLC1A2
11,35487642,rs10501140,2.03e-103,PAMR1
11,36033069,rs7947746,5.44e-26,MIR3973
11,36052138,rs4547071,1.05e-17,MIR3973
11,36101932,rs904549,4.28e-17,MIR3973
11,36169869,rs10768195,3e-19,LDLRAD3
11,36386901,rs7925585,4.07e-06,PRR5L
11,36419929,rs12785381,2.5e-13,PRR5L
11,40878560,rs7929217,4.61e-09,LRRC4C
11,42994448,rs17580259,1.05e-08,HNRNPKP3
11,43457322,rs7937002,1.81e-09,TTC17
11,43577853,rs11037475,2.39e-15,MIR670
11,43643624,rs10838139,6.93e-32,MIR129-2
11,43828759,rs11037654,0.0113487,HSD17B12
11,44232435,rs4755234,8.07e-35,EXT2
11,44323193,rs4755809,2.12e-10,ALX4
11,44370034,rs2863089,2.56e-43,ALX4
11,45013328,rs4755924,5.85e-11,LOC221122
11,45111746,rs7948776,1.91e-10,PRDM11
11,45239959,rs6416127,1.2e-46,PRDM11
11,45241581,rs3758726,1.48e-70,PRDM11
11,45757401,rs2666900,4.29e-13,LOC100507384
11,45957478,rs4756042,1.28e-143,PHF21A
11,45975130,rs3736508,3.23e-20,PHF21A
11,46027721,rs4301763,6.74e-19,PHF21A
11,46151490,rs10769190,4.56e-30,PHF21A
11,46332504,rs2303435,2.13e-11,CREB3L1
11,46398916,rs34406563,0.00012523,MIR4688
11,46449683,rs7119921,0.259686,MIR3160-1
11,46616029,rs28366017,3.47e-07,AMBRA1
11,46691737,rs4606447,4.53e-22,ATG13
11,46928455,rs7128102,0.00094751,LRP4
11,47237680,rs2291120,2.3e-18,DDB2
11,47249294,rs2957873,2.85e-19,DDB2
11,47540007,rs9666924,8.03e-116,CELF1
11,47600438,rs2280231,0.00207175,NDUFS3
11,47624714,rs12419692,1.27e-298,C1QTNF4
11,48028111,rs1729288,2.29e-14,PTPRJ
11,48178886,rs10838810,0.607748,PTPRJ
11,48504596,rs10501323,1.81e-26,OR4A47
11,56472149,rs513366,6.84e-17,OR9G1
11,56683750,rs1793426,0.831867,LOC101927120
11,57104492,rs7110052,7.56e-31,SSRP1
11,57297271,rs17453436,3.37e-31,TIMM10
11,57494198,rs36036499,1.92e-108,TMX2
11,57781221,rs3886951,4.66e-32,OR9Q1
11,58292976,rs10896788,8.07e-68,LPXN
11,58670553,rs17578360,7.84e-25,GLYATL1
11,58683799,rs524585,3.24e-08,GLYATL1
11,59589844,rs7117509,6.43e-18,GIF
11,59794674,rs17154433,1.66e-16,OOSP2
11,60084465,rs12225299,3.21e-37,MS4A4A
11,60829178,rs175119,1.09e-07,CD5
11,60897885,rs7116493,9.84e-09,VPS37C
11,60910591,rs10792304,6.04e-25,VPS37C
11,61085499,rs4939513,1.93e-41,DAK
11,61370853,rs1639892,1.23e-08,LOC101927495
11,61571382,rs174549,2.8e-171,FADS1
11,61597212,rs174570,1.1e-146,FADS1
11,61629322,rs174618,3.68e-14,FADS2
11,61664992,rs13966,1.67e-39,RAB3IL1
11,61684550,rs2524287,0.00814375,RAB3IL1
11,62200846,rs3017106,2.01e-10,AHNAK
11,62625512,rs12794763,2.98e-13,SLC3A2
11,63399150,rs10750999,1.01e-07,ATL3
11,63591861,rs626333,2.2e-25,C11orf84
11,63655710,rs11231630,0.0881281,MARK2
11,64156585,rs7130280,1.68e-10,RPS6KA4
11,64415767,rs3825074,5.37e-08,NRXN2
11,64854812,rs35251366,5.13e-40,TMEM262
11,64987391,rs239256,1.24e-147,SLC22A20
11,65294799,rs1783541,7.08e-30,SCYL1
11,65319986,rs4099470,0.00016695,LTBP3
11,65554502,rs11227302,9.35e-11,OVOL1
11,65636509,rs659824,4.76e-36,MUS81
11,65661291,rs10791830,1.92e-69,FOSL1
11,65686180,rs9795434,1.34e-16,C11orf68
11,65767153,rs507672,0.00099923,BANF1
11,66055685,rs11544832,4.73e-58,YIF1A
11,66255674,rs4930379,7.41e-76,DPP3
11,66608521,rs1201342,2.9e-83,RCE1
11,66759734,rs11227644,0.404881,C11orf86
11,66949629,rs10128545,2.37e-13,KDM2A
11,67024534,rs7952436,0,KDM2A
11,67268048,rs11604662,3.79e-66,PITPNM1
11,67416190,rs2514037,4.62e-32,ACY3
11,67834500,rs35046555,1.82e-13,CHKA
11,67928520,rs1540209,5.6e-05,SUV420H1
11,68022006,rs2450908,1.35e-66,C11orf24
11,68146661,rs11826287,1.13e-120,LRP5
11,68236389,rs2472429,0.0500004,PPP6R3
11,68256847,rs2186937,6.28e-230,PPP6R3
11,68299226,rs11228271,7.47e-47,PPP6R3
11,68527600,rs3019598,2.01e-87,CPT1A
11,68562328,rs2229738,6.43e-31,CPT1A
11,68762280,rs12420399,1.94e-16,MRGPRF
11,68785803,rs11600377,7.19e-38,MRGPRF
11,68829638,rs11228469,6.03e-181,TPCN2
11,68851414,rs2376558,1.8e-23,TPCN2
11,68855595,rs1060435,8.3e-205,TPCN2
11,68897275,rs11603027,1.35e-14,LOC338694
11,68918985,rs11228530,4.58e-05,LOC338694
11,68926522,rs12418948,2.12e-81,LOC338694
11,69063510,rs11539762,3e-14,MYEOV
11,69147825,rs11263642,2.51e-28,MYEOV
11,69154873,rs12803098,4.47e-107,MYEOV
11,69174170,rs4326824,6e-59,MYEOV
11,69241032,rs10796817,0.409408,MYEOV
11,69253016,rs10908183,1.03e-05,MYEOV
11,69258074,rs7928827,4.3e-23,MYEOV
11,69267720,rs7122905,1.01e-75,CCND1
11,69270349,rs11263451,0.0619582,CCND1
11,69275432,rs2002028,6.46e-175,CCND1
11,69279111,rs11607976,1.05e-20,CCND1
11,69281227,rs4980554,9.06e-46,CCND1
11,69318091,rs7940177,8.56e-13,CCND1
11,69325111,rs567577,4.91e-35,CCND1
11,69339617,rs498931,9.81e-10,CCND1
11,69397684,rs17136730,2.78e-10,CCND1
11,69420993,rs633485,1.16e-14,CCND1
11,69455451,rs3212861,7.63e-41,CCND1
11,69462856,rs3862792,6.98e-97,CCND1
11,69464793,rs649392,2.5e-31,CCND1
11,69482091,rs1789166,0.302556,ORAOV1
11,69522775,rs12226381,3.42e-21,FGF19
11,69623606,rs948133,5.08e-05,FGF3
11,69624482,rs734102,8.94e-25,FGF3
11,69661334,rs11263613,3.35e-10,FGF3
11,69867808,rs4980580,1.31e-81,ANO1-AS2
11,69929677,rs744205,2.42e-111,ANO1
11,69934085,rs10898112,0.00048424,ANO1
11,69975164,rs2515270,1.97e-48,ANO1
11,70002689,rs3781660,8.99e-48,ANO1
11,70007770,rs2186797,2.46e-33,ANO1
11,70071719,rs10898876,7.59e-28,FADD
11,70515963,rs2186567,1.43e-06,SHANK2-AS1
11,71813747,rs4943821,8.5e-12,LAMTOR1
11,71832239,rs4073394,2.56e-21,ANAPC15
11,71942104,rs17162091,1.29e-24,INPPL1
11,72074803,rs3741163,1.5e-10,CLPB
11,72289291,rs1135029,7.2e-25,PDE2A
11,72335834,rs459309,1.91e-45,MIR139
11,72345345,rs1009708,2.26e-35,MIR139
11,72542687,rs7936074,4.07e-26,ATG16L2
11,72724103,rs7105776,1.25e-06,FCHSD2
11,73383382,rs7126049,1.1e-34,RAB6A
11,73752924,rs2272321,1.28e-16,C2CD3
11,74017319,rs1941820,1.74e-37,P4HA3
11,74264777,rs1655483,1.86e-60,POLD3
11,74301192,rs7944514,1.3e-128,POLD3
11,74335121,rs11604951,0.0832448,POLD3
11,74398125,rs2000924,9.1e-93,CHRDL2
11,74533452,rs503855,1.36e-88,XRRA1
11,74555056,rs3814726,4.13e-38,RNF169
11,74798928,rs11236323,0.0176496,OR2AT4
11,74891980,rs11236368,1.2e-09,SLCO2B1
11,75086670,rs477837,0.0544065,ARRB1
11,75228884,rs947844,6e-15,GDPD5
11,75268337,rs674503,0,SERPINH1
11,75269764,rs7936052,3.96e-06,SERPINH1
11,75276178,rs606452,0,SERPINH1
11,75278666,rs11236458,1.73e-19,SERPINH1
11,75359175,rs11236476,4.95e-136,MAP6
11,75455021,rs499974,4.05e-42,MOGAT2
11,76010415,rs7928836,1.35e-24,PRKRIR
11,76118350,rs10736805,2.64e-38,LOC100506127
11,76154846,rs2282611,4.63e-82,C11orf30
11,76364726,rs1892952,9.01e-07,LRRC32
11,76473138,rs1465900,4.91e-23,TSKU
11,76507403,rs11236938,0.00432727,TSKU
11,76968373,rs10899369,1.48e-10,GDPD4
11,77116308,rs2602461,2.08e-12,PAK1
11,77435831,rs567814,1.07e-58,RSF1
11,77595080,rs2051484,1.01e-29,INTS4
11,77635708,rs17825319,1.85e-13,INTS4
11,77743398,rs4945241,0.0473722,KCTD14
11,78091150,rs2373115,4.28e-68,GAB2
11,78808471,rs3812724,1.04e-15,MIR708
11,78963697,rs564001,1.01e-07,MIR708
11,79098101,rs514536,1.78e-13,MIR708
11,80317350,rs1949885,9.11e-09,TENM4
11,81864464,rs673323,2.56e-15,MIR4300
11,84298844,rs7119459,6.01e-09,DLG2
11,84730014,rs11607636,0.0270997,DLG2
11,85430397,rs678376,1.83e-68,SYTL2
11,85541034,rs4944539,2.84e-38,SYTL2
11,85858497,rs3851178,1.53e-41,PICALM
11,85929490,rs9971532,1.88e-59,EED
11,85956148,rs2291812,2.16e-10,EED
11,85956478,rs2291813,1.39e-82,EED
11,86181720,rs12804208,4.18e-20,ME3
11,86670842,rs11234891,8.97e-09,LOC100506368
11,87106806,rs11235132,6.19e-08,TMEM135
11,88979846,rs4121401,6e-12,TYR
11,89181108,rs319016,3.55e-68,NOX4
11,89206964,rs11018629,6.18e-64,NOX4
11,89214243,rs7925520,2.48e-35,NOX4
11,89217867,rs41338754,4.81e-24,NOX4
11,89296364,rs3019011,1.26e-59,NOX4
11,89339780,rs11825539,3.21e-13,NOX4
11,89466052,rs7115903,3.68e-22,TRIM77
11,89851689,rs10501709,2.9e-22,NAALAD2
11,91152876,rs587473,0.0002397,DISC1FP1
11,91819841,rs11019785,1.67e-22,FAT3
11,92291634,rs675654,1.69e-16,FAT3
11,92965637,rs1374475,1.82e-12,SLC36A4
11,94487494,rs2851573,1.69e-11,AMOTL1
11,94667964,rs10831284,2.61e-16,CWC15
11,94749970,rs11021009,3.21e-24,KDM4E
11,94865454,rs7729,5.05e-15,ENDOD1
11,94906111,rs684856,2.09e-22,SESN3
11,94964931,rs2077510,1.04e-16,SESN3
11,95052753,rs505317,1.86e-24,LOC100129203
11,95219016,rs11822727,6.86e-08,LOC100129203
11,95245554,rs10501829,3.2e-25,FAM76B
11,95279845,rs7927955,0.316018,FAM76B
11,95299637,rs1255529,3.74e-50,FAM76B
11,95327130,rs2254634,0.0016661,FAM76B
11,95354322,rs12277780,1.99e-35,FAM76B
11,95371352,rs10831389,1.64e-62,FAM76B
11,95383570,rs1150347,3.76e-13,FAM76B
11,95490754,rs17207890,6.03e-24,FAM76B
11,95992129,rs11021499,4.64e-05,MIR1260B
11,96000100,rs7115578,1.79e-12,MIR1260B
11,96066652,rs7945834,8.71e-09,MIR1260B
11,96625258,rs3019730,1.16e-08,JRKL-AS1
11,100610546,rs604723,4.11e-14,ARHGAP42
11,100750405,rs11224500,7.32e-14,ARHGAP42
11,100822315,rs7939782,4.06e-14,ARHGAP42
11,100909186,rs11224563,1.07e-21,PGR
11,101373514,rs11224805,6.94e-06,MIR3920
11,101450781,rs4754780,7.19e-23,TRPC6
11,101775663,rs1661409,4.84e-22,KIAA1377
11,102074614,rs10895272,1.13e-42,YAP1
11,102901002,rs581359,2.03e-10,DCUN1D5
11,103779025,rs11226057,3.52e-16,PDGFD
11,103871039,rs10791660,7.04e-36,DDI1
11,108288808,rs10431061,2.83e-16,C11orf65
11,109943972,rs7113219,3.29e-15,ZC3H12C
11,109995704,rs630839,0.00921914,ZC3H12C
11,110181512,rs4753885,2.93e-11,RDX
11,110227924,rs11213366,9.72e-35,RDX
11,110298547,rs4753891,1.7e-43,FDX1
11,110451885,rs10488765,1.06e-14,ARHGAP20
11,111016307,rs534858,8.76e-11,C11orf53
11,111215664,rs7117229,9.66e-13,MIR4491
11,111384426,rs28690953,3.87e-25,MIR34C
11,111410833,rs614725,1.6e-25,LAYN
11,111776066,rs12808601,1.83e-44,CRYAB
11,112435333,rs7109000,4.59e-13,LOC387810
11,112921522,rs10891498,7.1e-23,NCAM1
11,113264470,rs4938013,3.11e-05,ANKK1
11,113336172,rs11601054,1.1e-10,DRD2
11,113501655,rs2886189,2.15e-09,TMPRSS5
11,113904382,rs10891623,3.03e-07,ZBTB16
11,113945609,rs1672692,8.43e-13,ZBTB16
11,113949131,rs7113940,8.66e-18,ZBTB16
11,114023946,rs11214881,3.32e-10,ZBTB16
11,114028774,rs622200,8.56e-12,ZBTB16
11,114032484,rs665731,1.45e-20,ZBTB16
11,114037570,rs12275428,2.8e-10,ZBTB16
11,114101709,rs370634,1.06e-29,ZBTB16
11,114906630,rs7114464,9.5e-14,CADM1
11,115063641,rs7101437,5.8e-42,CADM1
11,115286117,rs220847,7.11e-12,CADM1
11,115454258,rs2085833,1.68e-18,CADM1
11,115904369,rs400068,3.54e-14,LINC00900
11,116662579,rs651821,0.140069,APOA5
11,116932561,rs11216257,1.43e-11,SIK3
11,116973929,rs12269901,2.53e-53,SIK3
11,117120473,rs509565,6.82e-12,RNF214
11,117283939,rs11822288,3.75e-05,CEP164
11,118005119,rs868344,1.57e-30,SCN4B
11,118231584,rs4938507,0.703016,UBE4A
11,118442234,rs7110984,2.33e-30,ARCN1
11,118488782,rs11216930,2.59e-46,PHLDB1
11,118632522,rs581045,3.31e-131,DDX6
11,118642999,rs10892287,0.00470978,DDX6
11,118765600,rs3922,1.08e-36,BCL9L
11,118801235,rs602716,9.9e-14,BCL9L
11,118925935,rs511134,1.13e-22,HYOU1
11,118967291,rs7759,3.24e-42,DPAGT1
11,119203359,rs2511847,1.17e-27,RNF26
11,119299408,rs12417523,1.23e-12,THY1
11,119792173,rs17123485,9.8e-10,TRIM29
11,119984535,rs519672,2.18e-38,TRIM29
11,120166358,rs744983,5.25e-09,POU2F3
11,120173354,rs2096884,3.7e-24,POU2F3
11,120326277,rs476636,3.12e-35,ARHGEF12
11,120331701,rs4938807,5.1e-150,ARHGEF12
11,120371518,rs7929360,1.22e-10,ARHGEF12
11,121115129,rs1941306,5.76e-07,SC5D
11,121308525,rs668053,1.04e-13,SORL1
11,121634334,rs1944689,1.75e-17,SORL1
11,121683781,rs528956,5.32e-43,SORL1
11,121740985,rs11218435,1.32e-07,MIR100HG
11,121766888,rs1219391,1.02e-40,MIR100HG
11,121929227,rs4367955,3.97e-07,MIR100HG
11,121938527,rs4608085,7.62e-56,MIR100HG
11,122022927,rs543412,0.00076253,MIR100
11,122050913,rs488062,0.568006,MIR100HG
11,122084828,rs12801793,9.16e-13,MIR100HG
11,122506008,rs6589938,8.31e-18,UBASH3B
11,122684332,rs7940959,3.66e-08,UBASH3B
11,122757120,rs4936758,2.34e-29,C11orf63
11,122804133,rs4293126,9.77e-179,C11orf63
11,122847880,rs7930974,3.41e-10,BSX
11,122851155,rs11218912,6.28e-107,BSX
11,122962900,rs7113273,1e-14,CLMP
11,123243942,rs11822822,1.78e-12,MIR4493
11,123420423,rs1290809,8.92e-18,GRAMD1B
11,123587947,rs625888,2.77e-14,ZNF202
11,124762165,rs12417435,1.25e-06,ROBO4
11,125025253,rs11219930,8.05e-14,PKNOX2
11,125059690,rs3016694,0.00088142,PKNOX2
11,125364841,rs2702009,0.0332162,FEZ1
11,125489621,rs540723,2.92e-17,STT3A
11,125818978,rs632791,1.31e-70,CDON
11,125853559,rs519781,5.47e-142,CDON
11,125979757,rs608251,2.08e-71,CDON
11,126004075,rs7930128,3.18e-10,RPUSD4
11,126026645,rs12421177,9.35e-72,RPUSD4
11,126167474,rs8177388,1.03e-99,TIRAP
11,126184045,rs2936613,9.89e-49,DCPS
11,126228659,rs4937122,1.79e-27,ST3GAL4
11,126232385,rs3967200,4.63e-44,ST3GAL4
11,126274197,rs6590203,1.51e-37,ST3GAL4
11,126278203,rs2298475,1.05e-51,ST3GAL4
11,126305755,rs11605349,8.2e-05,KIRREL3
11,127114435,rs2708529,1.25e-07,KIRREL3-AS3
11,127948238,rs7119096,3.09e-96,ETS1
11,127967797,rs10893818,6.73e-65,ETS1
11,128025103,rs10893822,1.62e-74,ETS1
11,128163457,rs12418638,0.0788745,ETS1
11,128236498,rs10893859,1.84e-23,ETS1
11,128317168,rs7932088,1.99e-06,ETS1
11,128381867,rs7108992,0.613041,MIR6090
11,128441497,rs7928282,3.99e-46,ETS1
11,128486751,rs7125157,1.9e-51,ETS1
11,128499000,rs7941765,1.65e-88,ETS1
11,128574173,rs500090,3.37e-116,SENCR
11,128586155,rs654723,1.56e-123,SENCR
11,128628935,rs631647,1.55e-09,FLI1
11,128641468,rs627677,1.15e-16,FLI1
11,128644782,rs688019,2.74e-12,FLI1
11,128686263,rs681296,6.27e-145,FLI1
11,128697063,rs677035,3.79e-07,KCNJ1
11,128852284,rs1784021,0.00827405,ARHGAP32
11,128898039,rs590458,1.04e-83,ARHGAP32
11,129293566,rs6590385,5.82e-07,BARX2
11,129758327,rs1650823,1.05e-15,NFRKB
11,130273230,rs11222084,2.74e-21,ADAMTS8
11,130465238,rs1921579,1.58e-11,MIR8052
11,133592219,rs12805289,2.08e-08,LOC646522
11,134038538,rs73731,5.5e-18,NCAPD3
11,134235392,rs4937877,1.14e-11,GLB1L2
12,239143,rs881194,9.82e-07,LOC574538
12,295546,rs478455,0.576463,SLC6A12
12,327421,rs495360,7.18e-54,SLC6A13
12,351467,rs11613331,1.63e-35,LOC102723544
12,396967,rs482514,5.05e-18,KDM5A
12,570947,rs7955258,1.7e-259,B4GALNT3
12,576796,rs7295693,5.45e-295,B4GALNT3
12,582757,rs6489539,1.17e-21,B4GALNT3
12,592524,rs215227,5.38e-234,B4GALNT3
12,622926,rs12818044,6.05e-26,B4GALNT3
12,672372,rs9861,6.09e-100,NINJ2
12,673854,rs1468624,1.08e-13,NINJ2
12,677203,rs11063627,0.0166247,NINJ2
12,728710,rs4980951,0.111937,NINJ2
12,737230,rs10849359,1.14e-11,NINJ2
12,741219,rs11063979,3.19e-21,NINJ2
12,889902,rs11064524,0.165403,WNK1
12,995606,rs10744727,9.69e-27,WNK1
12,1101264,rs10774482,1.46e-10,ERC1
12,1134264,rs7972526,7.85e-49,ERC1
12,1224917,rs7973282,2.67e-32,ERC1
12,1496704,rs7301869,8.11e-86,ERC1
12,1553450,rs7973613,2.88e-20,ERC1
12,1574277,rs16928470,1.22e-13,ERC1
12,1590069,rs11609462,1.53e-09,ERC1
12,1638868,rs7966350,1.78e-23,LINC00942
12,2121296,rs11062066,9.06e-11,DCP1B
12,2314319,rs12423277,5.01e-08,CACNA1C-AS4
12,2396153,rs11610448,5.69e-15,CACNA1C-IT3
12,2601679,rs2239091,5.41e-11,CACNA1C-AS2
12,2754127,rs2238099,3.88e-16,CACNA1C-AS2
12,2964684,rs11062386,8.64e-60,FOXM1
12,2973547,rs28990715,1.24e-25,LOC100507424
12,3035050,rs7303345,9.04e-54,TULP3
12,3235137,rs7314280,4.5e-15,TSPAN9
12,3310335,rs740777,8.25e-09,TSPAN9
12,3332285,rs41423644,2.5e-25,TSPAN9
12,3340321,rs11062585,1.08e-56,TSPAN9
12,3353862,rs7980313,3.05e-64,TSPAN9
12,3682483,rs7966000,7.62e-10,PRMT8
12,3912972,rs7980501,3.24e-34,PARP11
12,4036461,rs638977,7.37e-09,PARP11
12,4075718,rs7302041,1.07e-06,PARP11
12,4124166,rs17772352,9.64e-29,PARP11
12,4141091,rs2540120,0.0258835,PARP11
12,4158026,rs2532559,9.59e-34,PARP11
12,4237568,rs4766210,1.22e-14,CCND2
12,4303153,rs1861178,3.11e-13,CCND2
12,4318739,rs2540129,5.38e-11,CCND2
12,4325316,rs7307707,3.38e-27,CCND2
12,4328148,rs11063044,1.1e-10,CCND2
12,4334159,rs10849024,2.47e-12,CCND2
12,4355740,rs10744637,3.52e-11,CCND2
12,4373928,rs4477507,3.82e-60,CCND2
12,4374373,rs11063069,1.9e-66,CCND2
12,4386064,rs3217795,9.07e-40,CCND2
12,4392530,rs3217830,0.86121,CCND2
12,4395885,rs3217844,3.36e-61,CCND2
12,4399087,rs3217862,1.45e-70,CCND2
12,4399496,rs3217863,1.45e-15,CCND2
12,4406281,rs12299509,4.78e-11,CCND2
12,4408673,rs3217916,9.91e-24,CCND2
12,4411804,rs3217927,5.62e-10,CCND2
12,4430018,rs4766232,7.28e-08,C12orf5
12,4467483,rs10849045,1.8e-07,C12orf5
12,4514858,rs12580415,0.00021891,FGF23
12,4557597,rs2909379,1.89e-49,FGF6
12,4940254,rs12305352,3.22e-12,KCNA6
12,5027653,rs2240865,2.59e-11,KCNA1
12,5153147,rs3741930,4.14e-09,KCNA5
12,5212642,rs1076395,1.92e-12,KCNA5
12,5538112,rs1861835,1.64e-27,NTF3
12,5691659,rs7967289,1.46e-12,ANO2
12,5860179,rs2277402,3.06e-07,ANO2
12,5999882,rs11611587,5.51e-07,ANO2
12,6286370,rs10849414,1.96e-14,CD9
12,6308523,rs3181157,9.1e-16,CD9
12,6332838,rs4764487,2.85e-13,CD9
12,6495275,rs2364480,2.75e-13,LTBR
12,6585610,rs2532520,4.39e-25,VAMP1
12,6706982,rs11064276,1.03e-16,CHD4
12,6836852,rs7138427,1.75e-05,COPS7A
12,6856633,rs11064361,1.05e-06,MLF2
12,6871891,rs1997510,7.69e-42,PTMS
12,6939850,rs10744716,0.00198953,LEPREL2
12,7055380,rs741090,1.97e-37,C12orf57
12,7123076,rs9668071,0.00014536,LPCAT3
12,7264249,rs4013722,3.11e-05,C1RL
12,7370502,rs7969508,7.22e-17,PEX5
12,7551307,rs7487128,5.32e-24,CD163L1
12,7623724,rs11054072,3.47e-23,CD163
12,7649484,rs4883263,1.15e-40,CD163
12,7693399,rs11054376,1.58e-67,CD163
12,7785706,rs2014818,1.05e-19,APOBEC1
12,8171838,rs11609309,1.47e-12,FOXJ2
12,8832203,rs7132012,1.8e-44,MFAP5
12,8904132,rs2908452,1.07e-15,RIMKLB
12,9066613,rs3809218,7.87e-17,PHC1
12,9082581,rs4883201,2.44e-81,M6PR
12,10117683,rs12229020,5.81e-08,CLEC12A
12,10366806,rs11834419,1.08e-07,GABARAPL1
12,10876805,rs11053915,1.5e-06,YBX3
12,11757743,rs10845387,6.45e-08,LINC01252
12,11794636,rs7961344,0.821942,ETV6
12,11834049,rs2541113,2.48e-07,ETV6
12,11855290,rs2187641,0,ETV6
12,11880581,rs10845408,0,RNU6-19P
12,12049662,rs958812,5.39e-30,ETV6
12,12230938,rs1641721,1.44e-05,BCL2L14
12,12247360,rs1641728,2.45e-14,BCL2L14
12,12337874,rs7966410,0.00295866,LRP6
12,12397897,rs11054741,1.49e-42,LRP6
12,12430036,rs11054761,3.49e-07,LRP6
12,12509314,rs11054841,1.69e-07,LOH12CR2
12,12550610,rs7310012,0.0133827,LOH12CR1
12,12655145,rs11054938,4.47e-16,DUSP16
12,12659894,rs10845563,7.03e-22,DUSP16
12,12730537,rs11054983,3.55e-11,DUSP16
12,12808075,rs741540,0.00216443,GPR19
12,12860157,rs10734854,5.89e-47,CDKN1B
12,12871099,rs2066827,1.07e-169,CDKN1B
12,12886027,rs10845620,6.37e-61,APOLD1
12,12890626,rs11055034,1.55e-130,APOLD1
12,13202019,rs7294646,2.59e-90,KIAA1467
12,13204276,rs950671,1.16e-73,KIAA1467
12,13355200,rs4763327,1.3e-25,EMP1
12,14220891,rs1558905,2.33e-16,GRIN2B
12,14368740,rs10845925,0.02239,ATF7IP
12,14378836,rs4547196,2.08e-35,ATF7IP
12,14410485,rs17221259,4.09e-20,ATF7IP
12,14520241,rs10845987,3.25e-128,ATF7IP
12,14908069,rs2042841,9.77e-55,HIST4H4
12,14966165,rs7963212,2.2e-88,SMCO3
12,15065751,rs2430691,3.63e-44,ERP27
12,15209004,rs7978556,1.28e-23,LOC101928340
12,15265190,rs12815808,3.4e-23,RERG
12,15370010,rs16910692,5.98e-26,RERG
12,15574082,rs11056471,2.37e-09,PTPRO
12,16501995,rs9332884,1.05e-11,MGST1
12,16730795,rs11609535,4.48e-10,LMO3
12,17325026,rs11043347,7.34e-13,SKP1P2
12,17464409,rs2971174,8.28e-09,SKP1P2
12,17785773,rs1561216,1.27e-13,MIR3974
12,17970875,rs4764361,1.27e-13,MIR3974
12,19079199,rs1490708,2.47e-07,CAPZA3
12,19169528,rs7979074,6.76e-09,PLEKHA5
12,19240327,rs7308215,1.79e-15,PLEKHA5
12,19702468,rs7296474,6.44e-14,AEBP2
12,19818455,rs11044748,8.75e-23,AEBP2
12,19893674,rs10505854,3.27e-23,AEBP2
12,19975862,rs10770558,9.26e-18,LOC100506393
12,19997502,rs1565592,0.0171358,LOC100506393
12,20078725,rs10770575,1.22e-06,LOC100506393
12,20408976,rs274976,7.53e-10,PDE3A
12,20514030,rs11045190,3.11e-64,PDE3A
12,20522252,rs12305038,8.07e-51,PDE3A
12,20536371,rs4326884,6.45e-180,PDE3A
12,20588382,rs6487088,4.29e-171,PDE3A
12,20600312,rs7962446,4.06e-60,PDE3A
12,20666102,rs12311494,2.75e-50,PDE3A
12,20746007,rs12318442,8.03e-59,PDE3A
12,20759985,rs6487113,0.0248095,PDE3A
12,20783761,rs10841577,2.92e-169,PDE3A
12,20795192,rs7968295,1.87e-61,PDE3A
12,20834162,rs954865,3.53e-242,PDE3A
12,20865112,rs11045402,3.55e-23,SLCO1C1
12,21126851,rs11045631,1.38e-48,SLCO1B7
12,21331549,rs4149056,4.92e-25,SLCO1B1
12,21485582,rs7968331,1.23e-14,IAPP
12,21761315,rs1478290,3.71e-20,GYS2
12,22021195,rs1283798,8.08e-05,ABCC9
12,22097301,rs1517272,4.53e-24,ABCC9
12,22403114,rs2300726,8e-48,ST8SIA1
12,22460419,rs7295402,2e-48,ST8SIA1
12,22677349,rs6487309,1.62e-25,C2CD5
12,23325464,rs1902750,2.44e-12,LOC101928441
12,23769634,rs10743478,2.77e-24,SOX5
12,23963455,rs7308759,4.92e-116,SOX5
12,23980610,rs11047120,3.17e-13,SOX5
12,24093062,rs17478946,8.79e-182,MIR920
12,24103580,rs7297174,6.63e-57,MIR920
12,24192371,rs16927047,2.01e-129,MIR920
12,24288153,rs1909355,0.00065085,MIR920
12,24414936,rs17413491,3.9e-26,LOC101928471
12,24593624,rs11047441,4.85e-14,SOX5
12,24704563,rs16927698,4.09e-05,SOX5
12,25753245,rs1102916,1.07e-07,IFLTD1
12,25836119,rs7314348,1.71e-08,IFLTD1
12,26123345,rs706529,7.21e-38,RASSF8-AS1
12,26330372,rs1466467,9.73e-23,SSPN
12,26440698,rs12814794,1.03e-52,ITPR2
12,26472718,rs2129866,3.7e-48,ITPR2
12,26949262,rs4964017,6.21e-19,ITPR2
12,27010517,rs11048747,0.00130491,ITPR2
12,27426838,rs17411617,2.71e-08,STK38L
12,27914945,rs10431270,1.79e-37,MANSC4
12,27940523,rs2042587,3.43e-10,KLHL42
12,27965566,rs10842995,1.02e-11,KLHL42
12,27983235,rs11049178,0.00015125,KLHL42
12,28005841,rs7304170,1.03e-132,KLHL42
12,28014970,rs10492367,8.7e-88,KLHL42
12,28039023,rs258436,9.54e-15,PTHLH
12,28062751,rs11049219,0.35136,PTHLH
12,28088095,rs7304535,7.74e-13,PTHLH
12,28111073,rs6252,1.06e-115,PTHLH
12,28119561,rs997200,8.9e-09,PTHLH
12,28120465,rs3794275,4.51e-15,PTHLH
12,28139005,rs11049257,1.04e-31,PTHLH
12,28192989,rs7964407,1.88e-05,PTHLH
12,28209696,rs10843078,3.69e-176,PTHLH
12,28211061,rs7968378,1.5e-31,PTHLH
12,28228025,rs526490,1.59e-48,PTHLH
12,28237294,rs231210,1.14e-114,PTHLH
12,28319383,rs2035272,3.6e-49,CCDC91
12,28333506,rs12809834,2.29e-283,CCDC91
12,28430102,rs11049502,1.39e-100,CCDC91
12,28607631,rs11049620,0,CCDC91
12,28852600,rs3912125,1.6e-46,CCDC91
12,28945335,rs1480623,5.49e-14,CCDC91
12,28955258,rs11049836,0.286779,CCDC91
12,29024755,rs11049890,5.08e-81,FAR2
12,29026123,rs11838106,1.6e-15,FAR2
12,29049450,rs1387246,2.9e-86,FAR2
12,29086804,rs12821495,2.97e-62,FAR2
12,29132854,rs11049974,4.15e-12,FAR2
12,29210121,rs2196481,2.36e-57,FAR2
12,29534209,rs2278093,2.92e-168,ERGIC2
12,30770770,rs11050999,3.32e-14,IPO8
12,30815777,rs10771755,9.44e-50,IPO8
12,31675229,rs4931513,1.56e-26,DENND5B-AS1
12,31789431,rs2374165,1.28e-44,METTL20
12,31957496,rs4931558,2.11e-09,H3F3C
12,32138924,rs7302975,3.97e-11,KIAA1551
12,32523592,rs7964583,1.99e-16,BICD1
12,32719928,rs10047581,2.29e-09,FGD4
12,33000002,rs7304398,9.96e-13,PKP2
12,33408131,rs7296338,1.34e-09,SYT10
12,34132517,rs10844763,2.59e-25,ALG10
12,39422793,rs10506133,7.93e-32,CPNE8
12,39820232,rs17127119,9.6e-29,KIF21A
12,40385118,rs11174631,1.05e-18,SLC2A13
12,40587930,rs1491924,0.19338,LRRK2
12,40716260,rs10878371,1.36e-26,LRRK2
12,41433869,rs12809592,1.02e-06,CNTN1
12,42112745,rs10506207,1.54e-17,PDZRN4
12,42183510,rs1546189,0.00074876,PDZRN4
12,42539598,rs11181345,4.73e-15,GXYLT1
12,42627286,rs10880274,3.58e-38,YAF2
12,42881848,rs12423597,1.82e-19,PRICKLE1
12,42946285,rs2406870,7.78e-09,PRICKLE1
12,43055117,rs1922761,1.8e-60,LOC101927058
12,43466513,rs1656512,9.64e-50,ADAMTS20
12,43906538,rs17093422,7.7e-46,ADAMTS20
12,45812080,rs10506262,4.92e-12,ANO6
12,46041378,rs6582566,7.11e-12,LINC00938
12,46344979,rs10880872,1.21e-83,SCAF11
12,46361672,rs17096380,0.206397,SCAF11
12,46415494,rs2408462,1.34e-25,SCAF11
12,46588626,rs11183389,3.21e-25,SLC38A1
12,46614641,rs10880939,7.05e-68,SLC38A1
12,46798963,rs9669404,5.61e-157,SLC38A2
12,46930820,rs11183521,5.28e-40,SLC38A2
12,47093014,rs4768745,0.0783191,SLC38A4
12,47108817,rs10785635,0.00040364,SLC38A4
12,47139555,rs2111774,7.39e-28,SLC38A4
12,47169262,rs2075335,8.29e-11,SLC38A4
12,47173662,rs180426,3.52e-109,SLC38A4
12,47179317,rs180431,2.99e-23,SLC38A4
12,47342876,rs17691793,2.02e-60,SLC38A4
12,47344791,rs7975211,1.15e-76,AMIGO2
12,47384810,rs12306599,3.52e-112,AMIGO2
12,47496338,rs2040674,8.59e-05,AMIGO2
12,47589998,rs832741,1.56e-13,MIR4698
12,47880149,rs7955374,3.82e-14,RPAP3
12,48190985,rs12820931,1.1e-08,SLC48A1
12,48208368,rs11168249,0.068848,HDAC7
12,48368541,rs12721427,5.65e-61,COL2A1
12,48392433,rs1793958,2.62e-108,COL2A1
12,48515720,rs11168417,4.42e-27,MIR6505
12,48723784,rs2291483,1.93e-06,H1FNT
12,48768555,rs2634685,8.22e-40,ZNF641
12,49042427,rs9634262,2.58e-15,KANSL2
12,49099850,rs7297499,1.89e-33,CCNT1
12,49187450,rs2446990,2.34e-18,LOC100506125
12,49218546,rs2446995,4.01e-13,CACNB3
12,49230035,rs1057908,1.98e-28,DDX23
12,49383207,rs7311091,2.28e-13,DDN
12,49384957,rs10783298,0.00205263,DDN
12,49444545,rs2241726,1.05e-11,KMT2D
12,49699652,rs11168967,2.11e-10,PRPH
12,50047182,rs4641552,4.57e-22,PRPF40B
12,50263148,rs7132908,3.42e-28,FAIM2
12,50547038,rs6580729,2.79e-84,CERS5
12,51181699,rs10783388,3.1e-121,ATF1
12,51584597,rs12423352,2.29e-35,POU6F1
12,51599339,rs6580806,6.06e-17,POU6F1
12,51713430,rs4762040,3.51e-22,BIN2
12,52317973,rs2641534,1.95e-07,ACVRL1
12,52392217,rs877868,5.05e-09,ACVR1B
12,52453282,rs2603751,6.61e-14,NR4A1
12,52470109,rs7138000,3.22e-28,ATG101
12,52952484,rs636299,7.17e-05,KRT71
12,53416251,rs10506315,5.74e-11,EIF4B
12,53442396,rs10437946,4.81e-28,TENC1
12,53449597,rs2293062,1.72e-33,MIR6757
12,53463972,rs11170394,6.73e-148,TENC1
12,53507291,rs7315995,3.48e-25,SOAT2
12,53593931,rs3825084,1.4e-19,ITGB7
12,53605545,rs2229774,0.356885,RARG
12,53671005,rs17125266,2.29e-27,ESPL1
12,53724799,rs7306783,4.04e-16,SP7
12,53734114,rs10876433,6.94e-38,SP7
12,53785861,rs7134628,9.65e-07,SP1
12,53934940,rs17100298,7.93e-88,LOC100652999
12,53960189,rs7310771,1.21e-130,LOC100652999
12,53995077,rs1485395,6.13e-59,ATF7
12,54100756,rs10876491,0.645684,CALCOCO1
12,54134291,rs7980783,3.04e-20,CISTR
12,54376264,rs12422555,5.56e-28,HOXC-AS3
12,54598367,rs17109031,0.427004,SMUG1
12,54616729,rs11612597,6.1e-10,CBX5
12,54774379,rs2706254,2.89e-09,ZNF385A
12,55430980,rs2633415,1.74e-06,NEUROD4
12,56285743,rs4759197,0.00145384,WIBG
12,56538340,rs14483,6e-57,ESYT1
12,56553009,rs35436573,2.05e-13,MYL6
12,56643342,rs7296038,0.682955,ANKRD52
12,56680745,rs3816804,6.27e-47,CS
12,56683957,rs11171792,4.8e-08,CS
12,56709919,rs3809128,4.4e-290,PAN2
12,56718422,rs11171803,1.17e-204,CNPY2
12,56816978,rs774049,3.7e-39,TIMELESS
12,56856618,rs12313841,2.52e-08,SPRYD4
12,56861458,rs7302925,8e-09,SPRYD4
12,57049064,rs10876915,0.638645,PTGES3
12,57146069,rs2277339,7.05e-205,PRIM1
12,57422934,rs17119344,2.01e-25,MYO1A
12,57444567,rs4759273,1.11e-40,MYO1A
12,57525756,rs4759275,1.25e-49,LRP1
12,57535266,rs1799986,1.14e-10,LRP1
12,57591226,rs1800165,3.18e-07,MIR1228
12,57844049,rs3741414,1.56e-15,INHBC
12,57936327,rs775241,1.15e-38,DCTN2
12,57993490,rs812315,1.98e-09,PIP4K2C
12,58003922,rs10437954,6.19e-07,ARHGEF25
12,58092554,rs7979246,2.63e-145,OS9
12,58260601,rs10747786,8.62e-261,CTDSP2
12,58344994,rs17120201,1.07e-05,XRCC6BP1
12,58410685,rs17492213,4.24e-10,XRCC6BP1
12,58534768,rs10783874,2.2e-09,XRCC6BP1
12,59005391,rs11172677,1.46e-30,LOC101927653
12,59191729,rs12308086,7.78e-07,LOC101927653
12,59420919,rs17121877,1.22e-10,LRIG3
12,59916767,rs420644,1.74e-54,SLC16A7
12,59977701,rs17122670,2.72e-121,SLC16A7
12,59989602,rs1874638,4.37e-16,SLC16A7
12,60505871,rs2885998,5.67e-13,SLC16A7
12,61901418,rs1453714,1.22e-11,FAM19A2
12,62519039,rs11174334,4.16e-22,FAM19A2
12,62579779,rs17715440,0.882715,FAM19A2
12,62822067,rs10784294,7.72e-31,USP15
12,62859420,rs7308021,2.15e-49,MON2
12,62860794,rs12829785,8.02e-12,MON2
12,63052199,rs7302602,6.77e-34,PPM1H
12,63126073,rs17098246,1.34e-20,PPM1H
12,63158162,rs342153,2.22e-10,PPM1H
12,63606602,rs12230782,1.37e-12,AVPR1A
12,64442435,rs11175240,0.0747522,SRGAP1
12,64485360,rs789744,9.21e-62,SRGAP1
12,64797923,rs7961632,2.68e-18,XPOT
12,65112099,rs1312808,5.93e-76,GNS
12,65435054,rs9668421,1.08e-09,WIF1
12,65504970,rs17101043,1.42e-20,WIF1
12,65562232,rs11175661,0.0690097,LEMD3
12,65711378,rs6581626,2.72e-220,MSRB3
12,65749032,rs17101291,1.5e-26,MSRB3
12,65862054,rs17225001,1.48e-30,MSRB3
12,65991148,rs10784481,5.93e-163,LOC100507065
12,66027709,rs12366742,1.27e-13,LOC100507065
12,66128647,rs7972091,4.44e-222,RPSAP52
12,66139696,rs7133699,2.08e-156,RPSAP52
12,66140733,rs11834579,7.11e-11,RPSAP52
12,66150993,rs898424,2.51e-13,RPSAP52
12,66176673,rs11175917,0.00175075,RPSAP52
12,66224461,rs2272046,0.253065,RPSAP52
12,66241372,rs2583929,6.11e-30,LOC100129940
12,66247051,rs11834900,4.17e-223,LOC100129940
12,66295570,rs7978761,2.45e-13,LOC100129940
12,66319433,rs17101904,2.49e-27,HMGA2
12,66359752,rs8756,0,HMGA2
12,66364509,rs12424086,0,HMGA2
12,66404624,rs10878359,0,MIR6074
12,66430452,rs4130827,0.629777,MIR6074
12,66459794,rs10735933,1.55e-119,MIR6074
12,66546100,rs8793,3.53e-94,TMBIM4
12,66692785,rs10878403,9.49e-15,HELB
12,66886984,rs12582879,0.909391,GRIP1
12,67194831,rs6581719,2.15e-17,GRIP1
12,67774745,rs12230206,0.00072072,CAND1
12,67852873,rs1317854,1.46e-37,LOC100507175
12,67963239,rs2700055,2.56e-13,LOC100507175
12,68236562,rs11176893,4.69e-29,LOC101927922
12,68754899,rs11177186,3.04e-12,MDM1
12,68868594,rs2006293,1.32e-18,LOC100507195
12,68916869,rs11177270,2.72e-61,LOC100507195
12,69250548,rs3741598,4.95e-36,CPM
12,69326547,rs7978197,4.43e-09,CPM
12,69566855,rs7956759,4.74e-15,CPSF6
12,69715745,rs17813281,1.77e-60,LYZ
12,69734641,rs2168029,3.72e-69,LYZ
12,69810208,rs17225223,0.00666152,YEATS4
12,69815826,rs732214,1.99e-52,YEATS4
12,69827658,rs10748128,0,FRS2
12,69958202,rs516391,0.00236167,FRS2
12,69963366,rs710779,1.97e-47,FRS2
12,70005534,rs11177752,1.29e-36,LRRC10
12,70012146,rs40335,0.57386,LRRC10
12,70031391,rs4761163,0.211275,BEST3
12,70474888,rs3098308,2.96e-15,LOC101928062
12,70940683,rs2567140,3.13e-19,PTPRB
12,70965764,rs1561799,2.35e-06,PTPRB
12,71146605,rs11178392,6.84e-33,PTPRR
12,71348525,rs17226724,3.01e-17,PTPRR
12,71748290,rs5010616,2.3e-09,LGR5
12,71860130,rs10506632,3.32e-08,LGR5
12,71906296,rs11830357,8.25e-15,LGR5
12,72374530,rs6582073,3.54e-14,TPH2
12,74880066,rs11180078,1.33e-19,ATXN7L3B
12,75352005,rs7314533,4.9e-08,KCNC2
12,75949158,rs3847669,2.37e-13,KRR1
12,76461046,rs11614925,1.62e-13,NAP1L1
12,76963662,rs17199131,0.00031961,OSBPL8
12,76994249,rs17042412,1.35e-11,OSBPL8
12,77249400,rs872239,5.92e-34,ZDHHC17
12,77385179,rs12827341,5.3e-27,E2F7
12,77424135,rs10862960,2.12e-95,E2F7
12,77432024,rs310789,1.21e-143,E2F7
12,77432294,rs7977749,9.01e-19,E2F7
12,77442289,rs17760600,5.68e-06,E2F7
12,77447463,rs7976940,1.77e-43,E2F7
12,77453226,rs310796,5e-220,E2F7
12,77455554,rs12370766,0.658263,E2F7
12,77470119,rs12831350,3.54e-74,E2F7
12,77559114,rs771629,6.2e-116,E2F7
12,77687514,rs1798747,3.88e-26,E2F7
12,77742492,rs949456,1.82e-46,E2F7
12,77913552,rs711085,1.85e-14,NAV3
12,78134777,rs7487814,0.0374426,NAV3
12,78234093,rs6538405,8.17e-44,NAV3
12,78330807,rs1564303,4.76e-12,NAV3
12,78804472,rs7132557,7.49e-18,NAV3
12,79561604,rs10861629,1.7e-12,MIR1252
12,80343513,rs17006192,6e-09,PPP1R12A
12,81101251,rs7312846,1.64e-13,MYF6
12,81326593,rs17007707,4.83e-21,MIR618
12,82092179,rs7300895,2.17e-22,PPFIA2
12,83169263,rs11115413,2.31e-32,TMTC2
12,83373892,rs10778921,3.64e-09,TMTC2
12,84049853,rs10506895,5.08e-06,TMTC2
12,84208823,rs2061530,0.0139168,TMTC2
12,84720059,rs1038314,1.24e-09,SLC6A15
12,84991201,rs1380412,1.42e-18,SLC6A15
12,85052616,rs10862912,1.56e-31,SLC6A15
12,85208437,rs1452228,0.773316,SLC6A15
12,85576492,rs11609649,2.48e-31,LRRIQ1
12,86279699,rs10863089,1.92e-16,NTS
12,88477988,rs11104732,2.01e-12,C12orf29
12,89299746,rs642742,4.71e-11,LOC728084
12,89471844,rs6538168,1.3e-24,LOC728084
12,89907010,rs11105308,6.66e-48,GALNT4
12,90061559,rs11609503,1.74e-08,ATP2B1
12,90177684,rs7961652,2.15e-09,LINC00936
12,90231386,rs17783015,2.4e-73,LINC00936
12,90720429,rs825953,0.143953,LINC00615
12,90726373,rs11105570,1.38e-41,LINC00615
12,90739091,rs2116498,1.01e-05,LINC00615
12,90755812,rs12831322,3.79e-38,LINC00615
12,91140111,rs2014116,2.05e-11,LINC00615
12,91497293,rs3168534,3.57e-54,LUM
12,91543668,rs3138276,1.73e-11,DCN
12,91811308,rs6538270,1.91e-20,DCN
12,92177908,rs1387759,1.81e-23,C12orf79
12,92248851,rs7294593,1.41e-23,C12orf79
12,92422480,rs7136603,8.86e-18,C12orf79
12,92529997,rs1826535,7.66e-41,BTG1
12,92670773,rs7968929,4.84e-16,BTG1
12,92938795,rs12298192,0.0330331,CLLU1
12,93519326,rs10431426,6.37e-21,LOC102724933
12,93553696,rs1836128,1.15e-12,LOC102724933
12,93727496,rs12581099,2.15e-06,LOC643339
12,93809627,rs7303274,0.0093565,UBE2N
12,93860565,rs12823898,0.0251599,MRPL42
12,93872462,rs9943803,2.19e-124,MRPL42
12,93873591,rs10777516,8.31e-12,MRPL42
12,93919840,rs11107062,2.6e-92,MRPL42
12,93929947,rs11107078,7.98e-28,SOCS2-AS1
12,93943957,rs10859518,1.85e-70,SOCS2-AS1
12,93948457,rs10859525,1e-96,SOCS2-AS1
12,93950008,rs7134970,3.71e-09,SOCS2-AS1
12,93978504,rs11107116,0,SOCS2
12,94005971,rs10859538,3.98e-19,SOCS2
12,94076451,rs17732565,0.339866,CRADD
12,94082874,rs11107153,0,CRADD
12,94106366,rs4761739,0,LOC101928731
12,94119818,rs17021512,3.44e-05,LOC101928731
12,94138432,rs725574,1.74e-63,LOC101928731
12,94145120,rs1471816,0,LOC101928731
12,94181844,rs10859584,3.8e-22,LOC101928731
12,94194890,rs9788269,6.57e-161,CRADD
12,94207294,rs4761530,1.75e-193,CRADD
12,94212090,rs7974729,1.6e-26,CRADD
12,94226571,rs12825691,2.12e-52,CRADD
12,94255451,rs7957946,8.38e-38,CRADD
12,94295622,rs7963343,9.04e-74,CRADD
12,94329676,rs1946663,2.64e-162,CRADD
12,94345767,rs11614139,0.293107,CRADD
12,94500482,rs7138655,0.509768,PLXNC1
12,94775926,rs6538496,2.73e-06,CEP83
12,95041089,rs1317613,6.32e-15,TMCC3
12,95201306,rs10859756,6.07e-08,MIR492
12,95479922,rs2043368,2.68e-12,FGD6
12,95804191,rs2456549,1.33e-40,METAP2
12,95903543,rs2596741,6.67e-65,METAP2
12,96618763,rs2300553,3.76e-08,ELK3
12,96698637,rs10777783,1.92e-44,CDK17
12,96719622,rs2368052,0.640503,CDK17
12,96813866,rs7304605,2.29e-34,CDK17
12,96927817,rs2111146,6.59e-20,CDK17
12,97146497,rs11108669,3.38e-21,NEDD1
12,97476737,rs7315318,0.00698808,NEDD1
12,97538337,rs10860152,1.43e-54,NEDD1
12,97627382,rs11108909,1.96e-34,RMST
12,97682255,rs2371689,0.102141,RMST
12,97762629,rs17387773,5.28e-10,RMST
12,97792787,rs10777859,7.22e-60,RMST
12,97859730,rs12579528,9.67e-28,RMST
12,97890006,rs5025994,2.78e-18,MIR1251
12,98207612,rs7139232,7.33e-15,LOC643711
12,98339387,rs1450058,1.52e-26,MIR4303
12,98438630,rs2019403,8.99e-27,MIR4303
12,98660613,rs4762477,5.22e-14,SLC9A7P1
12,98780167,rs7134104,4.88e-27,SLC9A7P1
12,98934105,rs4762495,7.33e-12,TMPO
12,99071023,rs3815997,2.33e-18,APAF1
12,100063310,rs11109986,1.34e-08,FAM71C
12,101728166,rs2002895,2.48e-12,UTP20
12,101868104,rs17416059,4.57e-26,SPIC
12,102044912,rs825046,1.52e-18,MYBPC1
12,102161103,rs4764814,1.31e-86,GNPTAB
12,102300677,rs4764841,4.92e-63,DRAM1
12,102331664,rs10860822,1.38e-38,DRAM1
12,102343853,rs2888604,0,DRAM1
12,102355342,rs4764854,0,DRAM1
12,102371303,rs9332443,0.0192798,CCDC53
12,102407746,rs17032220,0,CCDC53
12,102502759,rs4611262,1.3e-15,NUP37
12,102596270,rs11111206,7.75e-11,PMCH
12,102630679,rs7313075,9.05e-288,PMCH
12,102658948,rs12305296,3.77e-10,PMCH
12,102730364,rs11111243,8.68e-20,IGF1
12,102786780,rs2946831,0.0186309,IGF1
12,102790192,rs6219,2.21e-225,IGF1
12,102793633,rs6218,4.89e-172,IGF1
12,102793921,rs5742704,2.36e-71,IGF1
12,102799598,rs5742692,0,IGF1
12,102873237,rs5742614,1.66e-17,IGF1
12,102928704,rs2114913,4.7e-12,IGF1
12,102929883,rs2607988,7.07e-11,IGF1
12,102958073,rs855203,9.16e-152,IGF1
12,102965329,rs7964748,3.89e-18,IGF1
12,102991471,rs7977073,3.11e-06,IGF1
12,102994983,rs7979284,3.8e-95,IGF1
12,103062597,rs833706,1.97e-198,LINC00485
12,103071086,rs833718,2.27e-279,LINC00485
12,103107304,rs7296495,0.551987,LINC00485
12,103127232,rs12830406,1.21e-140,LINC00485
12,103139164,rs6539053,0.509402,LINC00485
12,103147575,rs12300112,4.53e-133,LINC00485
12,103150249,rs10507151,4.18e-70,LINC00485
12,103153508,rs12314695,6.93e-18,LINC00485
12,103159681,rs7966912,1.15e-123,LINC00485
12,103198013,rs7131780,1.09e-35,LINC00485
12,103241070,rs1722387,1.92e-91,PAH
12,103271466,rs7964033,0.0002126,PAH
12,103436241,rs17842954,7.46e-06,ASCL1
12,104149022,rs11111748,2.94e-11,STAB2
12,104329212,rs17034938,0.00837068,MIR3652
12,104330530,rs4964375,8.13e-47,MIR3652
12,104363610,rs4135054,1.17e-84,TDG
12,104445742,rs1564892,2.06e-86,GLT8D2
12,104558476,rs11836726,0.377841,NFYB
12,104820932,rs2248343,3.06e-35,CHST11
12,104881616,rs7960741,6.28e-12,CHST11
12,105046891,rs2695996,0.0470158,MIR3922
12,105062922,rs11112153,7.31e-47,MIR3922
12,105155923,rs12307007,4.35e-21,CHST11
12,105225506,rs7971575,1.52e-08,SLC41A2
12,105464036,rs7954946,9.06e-32,ALDH1L2
12,105781842,rs11112511,1.75e-13,C12orf75
12,106104823,rs4590982,2.55e-19,CASC18
12,106150940,rs2374541,4.04e-07,CASC18
12,106183670,rs7979632,1.98e-09,CASC18
12,106258749,rs7963923,9.15e-18,CASC18
12,106332204,rs11112803,4.41e-11,NUAK1
12,106381796,rs2196011,4.26e-07,NUAK1
12,106624275,rs1148413,3.38e-78,CKAP4
12,106716740,rs2077730,2.91e-06,TCP11L2
12,107205753,rs3782709,1.34e-195,LOC100287944
12,107270948,rs2024517,1.06e-24,RIC8B
12,107319661,rs10861678,9.72e-225,TMEM263
12,107473962,rs10778528,7.64e-110,CRY1
12,107561428,rs11113204,7.74e-11,CRY1
12,107776175,rs10778553,2.19e-14,BTBD11
12,107985464,rs11113405,1.04e-07,BTBD11
12,108064952,rs11113431,8.69e-46,BTBD11
12,108129964,rs11113456,6.3e-94,LOC101929162
12,108684630,rs2280169,0.00030997,CMKLR1
12,108718475,rs17322313,1.7e-34,CMKLR1
12,108944229,rs2052424,6.99e-16,SART3
12,108979990,rs7315286,1.58e-13,TMEM119
12,108991390,rs11114004,1.9e-05,TMEM119
12,109727640,rs4766588,3.14e-14,FOXN4
12,110006512,rs11836136,1.27e-58,MMAB
12,110139500,rs825005,2.08e-18,FAM222A
12,110489208,rs11064860,3.48e-17,C12orf76
12,110927882,rs17851852,0.00579608,FAM216A
12,111229645,rs850517,2.52e-32,PPP1CC
12,111438001,rs7304705,1.28e-28,CUX2
12,111698457,rs6490029,1.06e-43,MIR6760
12,112463296,rs4767293,6e-36,NAA25
12,113357193,rs10774671,3.3e-11,OAS1
12,113705529,rs2303621,2.17e-11,MIR6762
12,114044030,rs11066633,1.61e-20,LHX5
12,114135295,rs4767114,2.32e-10,LINC01234
12,114349337,rs6489927,2.44e-14,RBM19
12,114676470,rs1270886,3.18e-15,TBX5
12,114726332,rs12579042,1.54e-12,TBX5
12,115108136,rs1061657,4.78e-81,TBX3
12,115233665,rs11067299,2.21e-09,TBX3
12,115349868,rs2384549,1.86e-20,TBX3
12,115500103,rs1848864,4.03e-11,TBX3
12,115542905,rs759762,1.69e-09,TBX3
12,115637031,rs4767302,7.34e-13,TBX3
12,115763997,rs11067531,2.2e-10,MED13L
12,115991363,rs2647955,4.25e-15,MED13L
12,116187660,rs2460488,9.77e-73,MED13L
12,116192880,rs10219441,9.98e-38,MED13L
12,116195781,rs780873,2.89e-51,MED13L
12,116196568,rs16946195,9.84e-41,MED13L
12,116257028,rs708835,1.97e-31,MED13L
12,116612079,rs7969182,1.06e-133,MIR620
12,116632367,rs10507271,5.57e-29,MIR620
12,116963686,rs11068058,1.23e-30,LINC00173
12,117029965,rs10850679,7.18e-14,MAP1LC3B2
12,117160976,rs10507274,6.16e-14,C12orf49
12,117165833,rs339458,1.68e-14,C12orf49
12,117185647,rs7300541,2.49e-10,RNFT2
12,117285279,rs7298450,4.1e-17,RNFT2
12,117442902,rs7302025,9.36e-111,LOC100506551
12,117928182,rs12828172,4.97e-13,KSR2
12,118471760,rs10638,6.25e-16,WSB2
12,118600204,rs17586342,3.22e-11,TAOK3
12,119048584,rs2730562,1.35e-07,SUDS3
12,120015591,rs7315003,1.84e-16,TMEM233
12,120591251,rs10735071,5.36e-75,MIR4498
12,120731076,rs965791,1.34e-69,SIRT4
12,120846679,rs206956,0.733667,COX6A1
12,120880707,rs11065126,4.76e-156,TRIAP1
12,120976371,rs4102203,3.17e-59,RNF10
12,121163373,rs7303170,2.24e-15,ACADS
12,121212467,rs514108,2.58e-53,SPPL3
12,121233235,rs532140,1.53e-106,SPPL3
12,121423956,rs2393791,2.61e-32,HNF1A
12,121622196,rs2230912,0.00180239,P2RX7
12,121757962,rs2948129,9.35e-07,ANAPC5
12,121820976,rs11065547,1.06e-35,RNF34
12,121911602,rs10849891,1.82e-13,MIR7107
12,121950655,rs1549349,0.00037791,KDM2B
12,122384457,rs529736,2.09e-46,WDR66
12,122627371,rs4758684,7.17e-79,MLXIP
12,122747023,rs907482,2.3e-215,VPS33A
12,122968450,rs12817342,0.101907,ZCCHC8
12,122970156,rs10773208,2.88e-199,ZCCHC8
12,122988161,rs12301352,1.3e-11,RSRC2
12,122990042,rs1115154,1.46e-98,RSRC2
12,123430082,rs12815479,5.27e-264,ABCB9
12,123473254,rs1463877,0,PITPNM2
12,123821609,rs11057278,2.83e-33,SBNO1
12,123843017,rs9668827,9.95e-13,MIR8072
12,123913433,rs4930718,0,RILPL2
12,124016104,rs28403439,0.734677,RILPL1
12,124050760,rs4310694,1.1e-26,LOC101927415
12,124144793,rs6488889,9.28e-16,GTF2H3
12,124700826,rs10773069,0.698042,FAM101A
12,124709263,rs4424765,0.421532,FAM101A
12,124737009,rs7138673,6.32e-151,FAM101A
12,124782821,rs11057572,3.75e-20,FAM101A
12,124786491,rs11057574,8.19e-149,FAM101A
12,124801908,rs11835624,1.98e-34,FAM101A
12,124802638,rs4765544,4.91e-261,FAM101A
12,124826462,rs2229840,3.73e-294,MIR6880
12,124884353,rs10846666,4.67e-87,MIR6880
12,125016727,rs11057659,4.16e-07,NCOR2
12,125041081,rs837491,7.46e-54,NCOR2
12,125083696,rs12230272,2.99e-13,NCOR2
12,125181917,rs10846720,3.45e-60,SCARB1
12,125411863,rs7971677,1.02e-37,MIR5188
12,125564747,rs7311550,6.82e-16,AACS
12,125622262,rs12581512,2.99e-20,AACS
12,129281838,rs9738836,3.78e-16,SLC15A4
12,130760017,rs7968506,2.88e-14,PIWIL1
12,131332064,rs10848218,1.26e-12,STX2
12,131483990,rs7135850,1.71e-10,GPR133
12,131617417,rs7957882,1.33e-71,GPR133
12,131636106,rs4075564,2.16e-13,GPR133
12,131992775,rs10773907,3.49e-10,LOC338797
12,132192836,rs10444602,7.23e-12,SFSWAP
12,132226558,rs897656,8.92e-15,SFSWAP
12,132523490,rs11835896,0.229423,SNORA49
12,132609679,rs12303540,1.88e-66,EP400NL
12,133052932,rs7306524,1.02e-10,FBRSL1
12,133103263,rs4883568,2.74e-14,FBRSL1
12,133297675,rs11548877,6.19e-16,PGAM5
12,133360964,rs1009320,1.14e-47,GOLGA3
12,133393323,rs2291256,7.63e-143,GOLGA3
12,133500611,rs10357,0.453927,ZNF605
13,19974511,rs2485014,1.84e-09,TPTE2
13,21123302,rs13378757,5.18e-37,IFT88
13,21356448,rs12867715,1e-07,XPO4
13,21368553,rs6490621,8.69e-94,XPO4
13,21429776,rs17320607,1.75e-11,XPO4
13,21436758,rs2065888,2.95e-06,XPO4
13,21550138,rs555919,2.51e-09,LATS2
13,21570202,rs1199735,3.85e-188,LATS2
13,22148698,rs9509802,2.5e-14,MICU2
13,22260835,rs829220,1.92e-15,FGF9
13,22350875,rs749170,1.37e-16,FGF9
13,22588930,rs3129615,1.32e-21,LINC00424
13,22808613,rs746680,1.96e-17,LINC00540
13,22811940,rs8002850,2.04e-24,LINC00540
13,22859830,rs4770263,7.15e-11,LINC00540
13,22953132,rs9552636,1.42e-07,LINC00540
13,23016506,rs425261,6e-10,LINC00540
13,24175452,rs1928117,4.4e-23,TNFRSF19
13,24255790,rs4769281,1.46e-14,TNFRSF19
13,24362137,rs9553066,1.78e-24,MIPEP
13,24612478,rs9507223,3.8e-09,SPATA13
13,25845860,rs4468451,1.78e-20,MTMR6
13,26510069,rs184249,1.03e-16,ATP8A2
13,27308354,rs2479498,8.07e-10,GPR12
13,27826868,rs3094291,1.06e-33,RPL21P28
13,27961940,rs1218787,5.65e-05,GTF3A
13,28084069,rs9579096,3.84e-76,LNX2
13,28292778,rs17072022,0.00026403,POLR1D
13,28356322,rs1326384,3.73e-19,GSX1
13,28393672,rs1616483,6.84e-14,PDX1-AS1
13,28427031,rs2040091,7.51e-23,PDX1-AS1
13,28427385,rs1778784,2.25e-09,PDX1-AS1
13,28432602,rs7981979,8.08e-11,PDX1-AS1
13,28463951,rs954751,1.35e-13,PDX1
13,28812583,rs7333496,3.57e-13,PAN3
13,28991988,rs9508029,1.87e-21,FLT1
13,29049214,rs17552833,8.5e-25,FLT1
13,30119500,rs9508490,3.7e-40,SLC7A1
13,30172751,rs11618507,1.46e-106,SLC7A1
13,30699329,rs614220,3.65e-08,KATNAL1
13,30964283,rs9508721,7.51e-08,LINC00426
13,31017268,rs12856169,2.71e-21,HMGB1
13,31071237,rs12431309,7.49e-11,HMGB1
13,31837556,rs33962985,7.19e-18,B3GALTL
13,31905449,rs876540,4.02e-08,B3GALTL
13,32617091,rs465023,5.09e-10,FRY-AS1
13,32700544,rs17077100,2.57e-62,FRY-AS1
13,32710545,rs9567251,1.72e-24,FRY-AS1
13,32725022,rs204563,5.51e-23,FRY-AS1
13,32776306,rs2762035,5.52e-43,FRY
13,32973012,rs15869,2.88e-09,BRCA2
13,33126737,rs7328733,2.6e-187,N4BP2L2
13,33307709,rs506645,6.84e-73,PDS5B
13,33502213,rs9591418,4.88e-07,LINC00423
13,33693837,rs9315204,3.05e-56,STARD13
13,33758282,rs797209,0.00108508,STARD13
13,34601286,rs4468478,1.02e-09,RFC3
13,35950999,rs1197852,4.37e-30,MAB21L1
13,36364756,rs7995214,3.61e-14,DCLK1
13,36864549,rs7988669,4.36e-19,CCDC169
13,36922823,rs9547387,1.14e-45,SPG20OS
13,37455391,rs9576129,4.31e-37,SMAD9
13,37951691,rs9576259,8.09e-17,LINC00547
13,38040495,rs9603201,3.05e-25,LINC00547
13,38070549,rs4941870,6.64e-18,LINC00547
13,38159633,rs12871092,1.02e-29,POSTN
13,38172867,rs17197663,9.42e-17,POSTN
13,38819860,rs1330975,1.51e-18,LINC00571
13,39149765,rs9315595,3.06e-29,LINC00366
13,39343386,rs4941897,4.12e-10,FREM2
13,39587889,rs3751377,3.13e-60,PROSER1
13,40080132,rs1040962,7.32e-18,LHFP
13,40235373,rs4598779,7.2e-77,MIR4305
13,40387209,rs4328313,3.03e-14,COG6
13,40530298,rs6563779,5.35e-42,COG6
13,40804332,rs9549123,3.47e-09,LINC00548
13,40919045,rs11842053,7.28e-14,LINC00598
13,40924922,rs7322396,3.97e-24,LINC00598
13,40984601,rs2324606,1.11e-05,LINC00598
13,41013977,rs941823,1.88e-15,LINC00598
13,41105780,rs2755234,4.84e-06,FOXO1
13,41109429,rs2755237,4.92e-108,FOXO1
13,41253764,rs7328594,2.64e-85,FOXO1
13,41558110,rs7329174,7.71e-26,ELF1
13,41709660,rs12585030,0.0971919,LOC101929140
13,41769660,rs2151236,3.79e-31,KBTBD7
13,42407759,rs9315868,3.94e-30,VWA8
13,42589041,rs17062718,1e-05,DGKH
13,42604940,rs10507505,0.00040477,DGKH
13,42754522,rs4142110,4.79e-85,DGKH
13,42776117,rs1170102,0.016757,DGKH
13,42953077,rs1359201,8.23e-15,AKAP11
13,43258444,rs1325795,4.29e-06,TNFSF11
13,43788031,rs1044753,6.95e-09,ENOX1
13,43974326,rs1323154,2.5e-14,ENOX1-AS2
13,44599789,rs9562532,6.82e-12,LINC00284
13,44733052,rs9316071,3.62e-10,SMIM2-IT1
13,44873416,rs1175207,2.17e-14,SERP2
13,44981909,rs1325324,9.11e-50,TUSC8
13,45182917,rs9533925,3.37e-31,TSC22D1-AS1
13,45375828,rs1984192,3.39e-06,LINC00330
13,45608200,rs7987639,8.23e-17,GPALPP1
13,46080632,rs2985963,2.29e-09,COG3
13,46928784,rs259697,1.85e-26,KIAA0226L
13,47073342,rs539843,2.76e-79,LOC101929344
13,47175084,rs1886964,1.93e-115,LRCH1
13,47246504,rs17068595,1.31e-05,LRCH1
13,47684394,rs9567787,2.35e-09,HTR2A
13,47895235,rs17069883,1.58e-54,HTR2A
13,47898029,rs17326362,1.03e-60,HTR2A
13,48663202,rs4942747,4.85e-42,MED4
13,48718389,rs17071331,2.69e-11,MED4
13,48918174,rs4151450,8.98e-101,RB1
13,49098336,rs7995216,2.84e-19,RCBTB2
13,49722122,rs9526523,0.888502,FNDC3A
13,49903334,rs11839149,9.99e-19,CAB39L
13,49911527,rs7985932,1.29e-15,CAB39L
13,50031170,rs9568212,7.49e-05,SETDB2
13,50080847,rs2031532,1.09e-62,PHF11
13,50087142,rs2247119,0.461873,PHF11
13,50179454,rs7322886,1.91e-39,RCBTB1
13,50195882,rs2407795,0.357861,ARL11
13,50233692,rs9568298,1.85e-283,EBPL
13,50273833,rs17073314,0.370127,KPNA3
13,50294056,rs2273816,1.13e-15,KPNA3
13,50339507,rs6561560,1.34e-68,KPNA3
13,50624140,rs9535416,2.48e-166,MIR15A
13,50645164,rs9316484,0.00019749,DLEU1
13,50668743,rs2066578,4.38e-72,DLEU1
13,50706551,rs706615,4.74e-159,DLEU2
13,50748284,rs796906,2.77e-23,ST13P4
13,50750991,rs17073900,1.26e-13,ST13P4
13,50782074,rs2066647,0,ST13P4
13,50798328,rs17074018,0.00522499,ST13P4
13,50818763,rs2066664,1.09e-11,ST13P4
13,50885376,rs806311,5.96e-92,ST13P4
13,50952298,rs3095159,1.18e-13,DLEU1
13,50999350,rs3118648,2.68e-05,DLEU1
13,51068896,rs1262774,0,DLEU1
13,51106788,rs3118906,0,DLEU1
13,51119737,rs279072,1.3e-121,DLEU1
13,51143755,rs770387,0,DLEU1
13,51146069,rs3118917,2.1e-234,DLEU1
13,51173732,rs475883,9.17e-206,DLEU1
13,51213394,rs797481,9.27e-21,DLEU7
13,51283578,rs706593,0.561856,DLEU7
13,51304699,rs2761855,5.39e-109,DLEU7
13,51396017,rs9535499,4.46e-56,DLEU7-AS1
13,51457809,rs7992845,3.06e-19,RNASEH2B-AS1
13,51494987,rs9535529,0.0154002,RNASEH2B-AS1
13,51639800,rs9596434,7.22e-24,GUCY1B2
13,51658171,rs1887706,1.55e-52,LINC00371
13,51916167,rs9535647,3e-06,SERPINE3
13,52313630,rs4456399,3.85e-26,WDFY2
13,52426096,rs686321,1.11e-11,LINC00282
13,52498013,rs9591438,4.21e-26,ATP7B
13,52555288,rs9526816,1.32e-49,ATP7B
13,52996183,rs35794740,3.6e-09,VPS36
13,53440459,rs649523,2.35e-12,PCDH8
13,54102206,rs12429545,6.56e-23,LINC00558
13,54282926,rs1336924,7.02e-14,LINC00558
13,55033079,rs542131,3.66e-06,MIR1297
13,57812625,rs566105,4.31e-12,PRR20A_dup_4
13,58394619,rs878674,1.53e-22,PCDH17
13,58743985,rs9316973,1.58e-37,LOC101926897
13,59519580,rs12232084,6.52e-13,DIAPH3
13,60321256,rs2036113,3.67e-19,DIAPH3
13,61994491,rs9598274,3.99e-11,PCDH20
13,62738845,rs308580,7.85e-17,LINC00358
13,63769416,rs713342,6.17e-11,LINC00448
13,66208478,rs1987886,2.13e-10,PCDH9
13,66546991,rs6562431,3.32e-14,PCDH9
13,66980454,rs1334392,7.56e-08,PCDH9
13,67559729,rs972201,1.95e-10,PCDH9-AS3
13,69445951,rs1438645,4.88e-14,LINC00550
13,69959921,rs9541921,5.92e-18,KLHL1
13,71719404,rs7331445,1.82e-14,LINC00348
13,72365371,rs9592809,3.38e-23,DACH1
13,72480880,rs2061543,1.1e-18,DACH1
13,72768709,rs4083578,5.68e-08,DACH1
13,72818397,rs17089074,3.7e-10,DACH1
13,73112291,rs4885011,9.73e-16,MZT1
13,73319236,rs9543107,9.31e-25,DIS3
13,73324751,rs9543110,4.58e-21,DIS3
13,73567517,rs7996998,1.09e-59,PIBF1
13,73631873,rs3812852,8.9e-72,KLF5
13,73674613,rs2503686,1.38e-06,KLF5
13,73743775,rs17179744,4.93e-29,KLF5
13,73836097,rs8002827,4.87e-09,KLF5
13,73857709,rs9543309,2e-77,KLF5
13,73894401,rs2031990,2.74e-09,KLF5
13,73944111,rs7983696,4.86e-47,LINC00392
13,74088814,rs1415408,6.77e-15,LINC00392
13,74126534,rs9573246,6.23e-15,LINC00392
13,74239553,rs17290172,2.18e-33,KLF12
13,74566403,rs1886513,8.72e-23,KLF12
13,74675573,rs2104388,1.94e-13,KLF12
13,74800574,rs13378302,3.47e-17,KLF12
13,74907933,rs1331765,8.08e-20,LINC00381
13,75052735,rs9543658,1.09e-35,LINC00381
13,75721055,rs17063852,4.25e-22,CTAGE11P
13,75881080,rs11148986,3.47e-10,TBC1D4
13,76049219,rs9593081,0.00014793,TBC1D4
13,76223853,rs17704212,5e-33,LMO7-AS1
13,76244318,rs7337929,2.61e-27,LMO7-AS1
13,76363721,rs9318373,1.5e-52,LMO7
13,77443653,rs10507860,9.74e-09,KCTD12
13,77923572,rs1927411,3.61e-14,MYCBP2
13,78455230,rs1360371,7.55e-63,EDNRB
13,78627489,rs2585524,4e-24,LINC00446
13,78805278,rs4628837,3.93e-05,RNF219-AS1
13,79152524,rs2806592,2.7e-11,POU4F1
13,80310796,rs2262460,1.45e-21,LINC00382
13,80318129,rs2802639,6.9e-12,LINC00382
13,80448534,rs12430637,6.03e-06,LINC00382
13,80608912,rs3902568,1.47e-20,LINC01080
13,80691352,rs1215465,1.24e-48,LINC01080
13,80717156,rs1359790,4.74e-102,LINC01080
13,80819729,rs1146942,1.47e-68,SPRY2
13,80911525,rs504122,0.00670161,SPRY2
13,81226230,rs1176319,5.19e-34,SPRY2
13,81256995,rs9545534,0.941662,SPRY2
13,81496913,rs2478216,1e-64,SPRY2
13,82849051,rs1578999,2.05e-11,SLITRK1
13,84903106,rs3861162,1.84e-14,LINC00333
13,85926686,rs7334355,9.16e-78,LINC00351
13,87140127,rs1502056,6.7e-15,SLITRK6
13,90284588,rs958373,6.43e-12,LINC00353
13,90916206,rs9555997,1.13e-09,MIR622
13,91806965,rs287502,6.06e-78,LINC00379
13,91949384,rs11619854,0.97234,MIR17HG
13,91974740,rs9589196,2.55e-127,MIR17HG
13,91983910,rs9523304,0,MIR17HG
13,92019926,rs7320982,3.1e-284,MIR17HG
13,92025103,rs3843686,5.4e-18,MIR17HG
13,92787844,rs12868042,3.3e-10,GPC5-AS2
13,93591750,rs1762792,8.81e-10,GPC5
13,93877117,rs17702471,1.68e-25,GPC6
13,94588358,rs1888229,5.65e-21,GPC6-AS2
13,95236825,rs9556403,2.98e-16,TGDS
13,95516611,rs16950249,1.08e-09,LOC101927284
13,95643937,rs9516507,7.81e-08,ABCC4
13,95923390,rs9590228,7.13e-22,ABCC4
13,96079465,rs9556481,1.87e-10,CLDN10
13,96115112,rs4332634,2.08e-06,CLDN10-AS1
13,96537274,rs1877475,2.06e-25,UGGT2
13,96783084,rs626317,1.69e-65,HS6ST3
13,97078552,rs1886560,7.66e-31,HS6ST3
13,97474560,rs9554365,7.67e-23,HS6ST3
13,98631042,rs7993717,1.01e-08,IPO5
13,98913061,rs1536902,5.43e-09,MIR3170
13,99047988,rs3783017,1.33e-13,FARP1
13,99105892,rs9517313,1.36e-35,STK24
13,99234116,rs4772102,9.38e-39,STK24
13,99573821,rs4772157,1.02e-91,DOCK9-AS1
13,99578219,rs12429249,3.74e-36,DOCK9-AS1
13,100038233,rs1058083,5.65e-11,UBAC2
13,100332708,rs2027442,1.41e-06,CLYBL-AS2
13,100431897,rs2806310,1.14e-22,LOC101927437
13,100558473,rs1886033,2.45e-11,CLYBL
13,100606135,rs4772258,3e-21,LOC101927437
13,100649197,rs17474781,3.1e-22,LINC00554
13,101252224,rs7982086,1.01e-31,TMTC4
13,101288992,rs3803256,2.2e-60,TMTC4
13,101706193,rs8922,2.08e-45,NALCN
13,101907894,rs1931085,1.57e-10,NALCN
13,102100039,rs933089,1.72e-14,ITGBL1
13,102319253,rs3783219,1.39e-24,FGF14
13,102451029,rs7993025,1.92e-22,ITGBL1
13,103384824,rs9300756,1.96e-12,CCDC168
13,103493180,rs2018836,0.006856,BIVM
13,103513944,rs1047769,2.44e-13,BIVM-ERCC5
13,103935218,rs9558032,6.71e-14,MIR548AS
13,105172434,rs7318380,4.02e-09,DAOA-AS1
13,105805906,rs3007242,1.89e-17,DAOA-AS1
13,106547400,rs9519836,2.18e-09,LINC00343
13,107058146,rs11843350,4.4e-09,LINC00460
13,107146376,rs9555252,3e-08,EFNB2
13,107642490,rs9555311,1.32e-12,FAM155A
13,107884363,rs4771561,3.16e-14,FAM155A
13,107897495,rs1408569,7.48e-14,FAM155A
13,108482985,rs9520594,1.02e-10,FAM155A-IT1
13,108885972,rs2148429,2.05e-18,ABHD13
13,109627586,rs406685,3e-08,MYO16-AS1
13,109807248,rs9521189,3.19e-31,MYO16-AS1
13,109817051,rs496313,8.89e-11,MYO16-AS1
13,109825484,rs594348,2.38e-20,MYO16-AS1
13,109916961,rs7322415,3.01e-13,MYO16
13,110310211,rs1411553,1.99e-07,LINC00676
13,110679470,rs2225777,9.2e-24,COL4A1
13,110835195,rs7329411,1.08e-12,COL4A1
13,110931311,rs7987982,1.52e-08,COL4A1
13,111301996,rs450514,5.16e-07,CARS2
13,111396484,rs12184676,1.85e-26,ING1
13,111549315,rs9559902,2.56e-22,ANKRD10
13,111943932,rs9515399,1.18e-08,ARHGEF7
13,112082513,rs11619721,4.28e-20,TEX29
13,112195250,rs4773388,2.93e-18,TEX29
13,112683679,rs2031293,5.67e-16,SOX1
13,113535949,rs1278768,1.97e-08,ATP11A
13,113867153,rs8001506,4.9e-40,PCID2
13,114216892,rs7333011,6.73e-23,TMCO3
13,114878047,rs7986550,1.58e-06,RASA3
13,114901188,rs2183246,0.0115322,RASA3
13,114998076,rs7994556,2.61e-174,CDC16
14,20933999,rs1713459,2.75e-22,PNP
14,21077579,rs17113996,3.42e-07,RNASE12
14,21102432,rs8012907,1.34e-21,OR6S1
14,21540863,rs1952151,3.09e-148,NDRG2
14,21565189,rs2319627,4.23e-56,TMEM253
14,21574690,rs10872886,0.00414879,ZNF219
14,21699069,rs8016099,1.8e-48,HNRNPC
14,21854711,rs17197107,4.82e-179,CHD8
14,21884887,rs8023081,1.31e-15,SNORD8
14,21899631,rs10467770,7.52e-40,CHD8
14,21945629,rs12878084,6.25e-91,TOX4
14,22867875,rs3811240,3.74e-10,DAD1
14,23304094,rs3751488,2.07e-09,MRPL52
14,23313633,rs17880989,1.42e-52,MMP14
14,23348952,rs2295905,0.0395496,LRP10
14,23354066,rs8014119,6.37e-10,REM2
14,23371780,rs1242631,1.44e-11,RBM23
14,23373986,rs1043209,2.2e-06,RBM23
14,23562408,rs10130955,2.57e-19,C14orf119
14,23595423,rs17198995,1.36e-06,SLC7A8
14,23598952,rs7157021,4.56e-34,SLC7A8
14,23721880,rs11629105,2.72e-76,C14orf164
14,23759156,rs8017130,1.22e-175,HOMEZ
14,23786082,rs7148851,1.29e-132,PABPN1
14,23816998,rs12896494,0.00750435,SLC22A17
14,23850902,rs433673,9.82e-15,MYH6
14,23911407,rs11621360,1.26e-77,MYH7
14,23977010,rs223116,2.95e-65,THTPA
14,24527672,rs7146599,9.08e-54,LRRC16B
14,24567304,rs2759409,3.15e-81,PCK2
14,24587639,rs3825584,2.9e-78,DCAF11
14,24707479,rs34354104,1.76e-160,GMPR2
14,24819353,rs8014112,8.7e-54,RIPK3
14,24830749,rs10148620,5.46e-05,NFATC4
14,24830850,rs1950500,0,NFATC4
14,24860887,rs11629005,2.67e-126,NYNRIN
14,24864229,rs11158667,3.83e-07,NYNRIN
14,24901276,rs7151995,7.85e-35,CBLN3
14,24903964,rs12891613,2.71e-61,SDR39U1
14,25547847,rs6574172,5.01e-17,STXBP6
14,26494469,rs12432901,1e-12,NOVA1
14,26887454,rs10498286,2.04e-11,NOVA1
14,28845639,rs8009642,1.4e-10,FOXG1
14,30493261,rs1440983,4.92e-12,PRKD1
14,31103891,rs229155,1.98e-52,SCFD1
14,31512731,rs7142712,3.02e-18,STRN3
14,31602666,rs34588788,4.23e-17,HECTD1
14,32256459,rs7159758,3.6e-21,NUBPL
14,32454510,rs1958916,7.74e-09,ARHGAP5-AS1
14,32676003,rs17388327,4.23e-21,ARHGAP5
14,33410749,rs1956002,2.76e-53,NPAS3
14,33643138,rs7148057,2.23e-14,NPAS3
14,34022139,rs2210054,2.76e-10,NPAS3
14,34184786,rs1958055,8.2e-11,NPAS3
14,34500601,rs12586857,3.61e-15,EGLN3
14,35224430,rs13379337,4.14e-27,BAZ1A
14,35755737,rs4982254,4e-47,PSMA6
14,35761279,rs17536948,0.964807,PSMA6
14,35871093,rs696,2.82e-80,NFKBIA
14,36158828,rs7155504,1.75e-75,RALGAPA1P
14,36252516,rs1169031,3.07e-126,RALGAPA1P
14,36586846,rs1537427,8.55e-13,PTCSC3
14,36859045,rs3909618,1.48e-08,MBIP
14,37003838,rs12433775,3.26e-16,NKX2-1-AS1
14,37004549,rs4899401,4.23e-83,NKX2-1-AS1
14,37096833,rs8006963,1.1e-59,PAX9
14,37123250,rs1018466,1e-59,PAX9
14,37144001,rs11844675,0.711148,PAX9
14,37144516,rs10131337,1.92e-198,PAX9
14,37522816,rs8015845,1.15e-23,MIR4503
14,38051035,rs12436923,2.13e-11,FOXA1
14,38629553,rs2803919,7.96e-41,SSTR1
14,38806346,rs1168462,4.87e-45,CLEC14A
14,38973900,rs12883122,2.92e-09,LINC00639
14,39693018,rs9322996,1.56e-23,MIA2
14,40008306,rs8007769,1.03e-12,FBXO33
14,40592380,rs4989895,0.00823354,FBXO33
14,40868067,rs4903755,1.33e-29,LOC644919
14,42982701,rs4905781,8.47e-11,LRFN5
14,44857137,rs4551953,4.07e-09,FSCB
14,48241218,rs2416111,5.46e-09,LINC00648
14,50215357,rs12434721,8.49e-14,KLHDC1
14,50560177,rs10129336,5.78e-05,C14orf183
14,50981217,rs12050306,1.85e-66,MAP4K5
14,51191676,rs2984270,2e-09,NIN
14,51827565,rs2356894,3.13e-22,LINC00640
14,52132201,rs10141001,4.11e-12,FRMD6-AS1
14,52496275,rs12887495,7.71e-21,NID2
14,52505375,rs753050,1.57e-21,NID2
14,52570719,rs17125121,1.6e-10,NID2
14,52951019,rs11157914,7.05e-23,TXNDC16
14,53400629,rs17125944,7.31e-27,FERMT2
14,54090077,rs10483623,8.1e-47,MIR5580
14,54321284,rs1958644,1.74e-70,MIR5580
14,54375454,rs11625439,1.24e-07,MIR5580
14,54425052,rs2761887,4.96e-42,BMP4
14,54468434,rs17127142,2.23e-05,BMP4
14,54647436,rs811133,2.83e-77,CDKN3
14,54659333,rs8008919,9.43e-18,CDKN3
14,54836033,rs4901510,8.6e-30,CDKN3
14,55056020,rs2763567,2.7e-08,SAMD4A
14,55134701,rs11623863,0.0267408,SAMD4A
14,55138390,rs7157734,1.98e-22,SAMD4A
14,55167158,rs4901530,0.0008829,SAMD4A
14,55175524,rs8009484,7e-16,SAMD4A
14,55199959,rs2359362,3.21e-113,SAMD4A
14,55204657,rs17127854,2.59e-26,SAMD4A
14,55235605,rs4898853,4.03e-127,SAMD4A
14,55265529,rs8021957,8.93e-179,SAMD4A
14,55304671,rs17671345,1.7e-104,GCH1
14,55381790,rs8022453,0.00057037,GCH1
14,55526432,rs12589920,3.39e-08,MAPK1IP1L
14,55897498,rs17743484,2.73e-38,TBPL2
14,56134755,rs12590388,2.15e-60,KTN1
14,56480075,rs1679815,2.39e-15,PELI2
14,56604955,rs11626451,4.13e-43,PELI2
14,56627801,rs242413,1.31e-36,PELI2
14,57301680,rs11851219,8.26e-10,OTX2-AS1
14,57463322,rs10483680,2.88e-10,OTX2-AS1
14,57635068,rs1892220,5.33e-12,EXOC5
14,57876575,rs11625443,5.82e-17,NAA30
14,58568879,rs12587538,0.174682,C14orf37
14,58797953,rs10137475,8.7e-48,ARID4A
14,59221002,rs399650,1.18e-34,LOC102723742
14,59240213,rs17095082,9.28e-14,LOC102723742
14,59278143,rs10131381,5.11e-65,LOC102723742
14,59665934,rs8016570,6.36e-78,DAAM1
14,59762998,rs10483713,3.51e-57,DAAM1
14,60047754,rs8008237,9.6e-18,CCDC175
14,60832401,rs17256101,2.36e-70,PPM1A
14,61072875,rs10483727,0,SIX1
14,61175461,rs2351271,1.33e-10,SIX4
14,61334660,rs1887741,2.69e-88,MNAT1
14,61997226,rs1088680,3.96e-18,PRKCH
14,62546942,rs8005509,1.02e-09,SYT16
14,63096149,rs4902158,1.22e-12,KCNH5
14,63301357,rs243149,2.23e-16,KCNH5
14,63855812,rs7161314,7.96e-77,PPP2R5E
14,63871416,rs41491846,3.65e-05,PPP2R5E
14,63970854,rs6573522,2.13e-32,PPP2R5E
14,64275812,rs7144584,6.76e-09,SYNE2
14,64604595,rs12881815,7.66e-39,SYNE2
14,64681193,rs1152590,1.91e-69,SYNE2
14,64930632,rs745686,8.57e-18,AKAP5
14,65005228,rs4313734,1.56e-42,LOC102723809
14,65191054,rs229646,1.59e-29,PLEKHG3
14,65520246,rs2296316,6.16e-195,MIR4706
14,65600981,rs11626496,1.25e-166,MAX
14,66067088,rs2064695,6.08e-49,FUT8
14,66516668,rs17103248,3.47e-08,FUT8
14,67613392,rs7146638,2.75e-22,GPHN
14,67986275,rs8019974,5.05e-09,TMEM229B
14,68525240,rs1980654,1.68e-144,RAD51B
14,68675858,rs725453,2.66e-190,RAD51B
14,68774271,rs10134891,4.85e-16,RAD51B
14,68790936,rs3784111,0.00075389,RAD51B
14,68915294,rs10136055,4.84e-81,RAD51B
14,68977490,rs2842343,2.82e-07,RAD51B
14,69034682,rs999737,3.45e-43,RAD51B
14,69126756,rs7140546,5.64e-62,RAD51B
14,69194607,rs10483821,0.00921881,ZFP36L1
14,69250915,rs7146217,0.00062166,ZFP36L1
14,69259502,rs11851414,6.81e-19,ZFP36L1
14,69464796,rs7151159,3.32e-06,ACTN1-AS1
14,69517406,rs10135643,3.65e-18,DCAF5
14,69842277,rs2061088,2.27e-22,ERH
14,70000399,rs927390,9.46e-06,PLEKHD1
14,70265144,rs11623504,1.69e-07,SLC10A1
14,70345411,rs2332175,9.46e-05,SMOC1
14,70357182,rs17107388,6.99e-17,SMOC1
14,70401143,rs227389,1.24e-17,SMOC1
14,70413046,rs1547088,6.91e-203,SMOC1
14,70467658,rs12050076,1.17e-169,SMOC1
14,70503702,rs17764944,3.35e-15,SMOC1
14,70616566,rs17765382,1.62e-25,SLC8A3
14,70782154,rs6573948,0.0553193,COX16
14,71264673,rs17108554,1.44e-26,MAP3K9
14,71441858,rs12892577,4.98e-39,PCNX
14,71589209,rs11623962,1.28e-10,PCNX
14,73053290,rs2526899,3.02e-09,RGS6
14,73629732,rs8006497,2.19e-11,PSEN1
14,73742281,rs7202,8.15e-74,NUMB
14,73929571,rs6574121,2.77e-47,NUMB
14,74104127,rs12433186,0.0475715,DNAL1
14,74212117,rs731222,3.01e-23,MIR4505
14,74347439,rs17782239,6.78e-58,PTGR2
14,74815239,rs2286425,5.51e-17,VRTN
14,74862010,rs2190875,2.01e-09,SYNDIG1L
14,74894963,rs7156302,1.51e-108,SYNDIG1L
14,74977382,rs12898083,0,LTBP2
14,74998875,rs862026,0,LTBP2
14,75034699,rs3825710,1.06e-192,LTBP2
14,75104905,rs888414,0.00394403,AREL1
14,75353855,rs2300596,7.52e-57,DLST
14,75513463,rs17782839,6.83e-06,MLH3
14,75601862,rs876402,3.49e-75,TMED10
14,75735508,rs2205189,2.48e-18,FOS
14,75758122,rs12895416,1.43e-12,LINC01220
14,75841212,rs2205187,4.86e-19,JDP2
14,75900521,rs715463,6.12e-35,JDP2
14,75941041,rs7146405,9.94e-23,JDP2
14,76161307,rs12147363,4.16e-63,TTLL5
14,76366998,rs4903350,5.42e-123,TTLL5
14,76540589,rs11159169,1.39e-10,IFT43
14,76547525,rs17183970,5.47e-88,IFT43
14,76618029,rs935336,1.82e-11,GPATCH2L
14,76669309,rs4903385,3.51e-07,GPATCH2L
14,76806172,rs8013844,8.04e-08,ESRRB
14,77199730,rs11623512,2.68e-13,VASH1
14,77534098,rs17811461,2.27e-10,LOC102724190
14,78195733,rs10162548,2.77e-23,SNW1
14,78494334,rs177237,1.33e-17,ADCK1
14,78887710,rs7143565,9.72e-21,NRXN3
14,79659081,rs17108909,3.42e-15,NRXN3
14,79845367,rs17109102,2.02e-35,NRXN3
14,79942647,rs7156625,2.09e-78,NRXN3
14,80591407,rs11624011,2.01e-14,DIO2
14,80783020,rs1955619,1.81e-16,DIO2
14,80818532,rs6574554,0.00548971,DIO2-AS1
14,80957923,rs935728,2.36e-44,CEP128
14,80966305,rs7144755,1.64e-06,CEP128
14,81798823,rs11623628,0.00535373,STON2
14,81829172,rs11628716,1.75e-28,STON2
14,81972441,rs11499034,3.22e-12,SEL1L
14,82966970,rs1911223,1.39e-08,LOC101928559
14,83756424,rs8006022,1.64e-10,LOC101928559
14,84457393,rs946072,1.06e-10,LINC00911
14,85995687,rs11159706,5.74e-36,FLRT2
14,86010286,rs8022536,3.47e-16,FLRT2
14,87403943,rs17202814,5.94e-13,LOC283585
14,88971758,rs2274735,2.78e-33,PTPN21
14,89151797,rs1956412,1.62e-30,EML5
14,89214194,rs11628848,3.49e-09,EML5
14,89508519,rs10134660,1.83e-38,FOXN3
14,89715688,rs11628298,1.52e-14,FOXN3
14,89866335,rs12889400,1.06e-30,FOXN3-AS1
14,90031107,rs243183,2.47e-10,FOXN3-AS2
14,90095445,rs100016,4.28e-05,FOXN3
14,90163561,rs10484015,2.12e-08,FOXN3
14,90794070,rs8010028,1.04e-14,NRDE2
14,90985468,rs1299015,3.98e-50,TTC7B
14,91147464,rs1952028,1.61e-16,LOC101928909
14,91280959,rs8017072,1.08e-17,TTC7B
14,91877257,rs17731311,9.33e-08,CCDC88C
14,92102932,rs4900084,5.16e-48,CATSPERB
14,92200291,rs10162491,3.02e-11,CATSPERB
14,92323910,rs759232,4.23e-193,TC2N
14,92335304,rs2430339,3.22e-46,FBLN5
14,92339519,rs17127649,0.00015006,FBLN5
14,92345665,rs2430343,5.56e-08,FBLN5
14,92407693,rs3783937,0,FBLN5
14,92421275,rs2498828,6.49e-45,FBLN5
14,92423309,rs10146335,0,FBLN5
14,92454604,rs2273182,0,TRIP11
14,92505600,rs2295174,2.77e-100,TRIP11
14,92583781,rs3814832,3.49e-10,NDUFB1
14,92796870,rs11160056,3.28e-31,SLC24A4
14,93115410,rs754388,1.82e-08,RIN3
14,93388106,rs4900162,7.46e-12,CHGA
14,93407062,rs1043542,1.59e-186,ITPK1
14,93425288,rs4586354,1.01e-13,ITPK1
14,93462039,rs17128721,2.14e-67,ITPK1
14,93510531,rs1740694,8.71e-43,ITPK1-AS1
14,93516465,rs2180369,4.68e-39,ITPK1-AS1
14,93614062,rs12589195,0.00112021,ITPK1
14,93693604,rs10144530,5.71e-32,UBR7
14,94042220,rs12586978,0.0312002,UNC79
14,94310892,rs8013664,6.63e-14,PRIMA1
14,94326403,rs10134679,7.4e-11,FAM181A-AS1
14,94466357,rs4905138,5.6e-20,LINC00521
14,94773634,rs2144834,4.83e-21,SERPINA6
14,94833371,rs4900228,1.25e-21,SERPINA2
14,94843565,rs11832,0.00257346,SERPINA1
14,94846316,rs11846959,8.86e-14,SERPINA1
14,94849882,rs1028580,4e-36,SERPINA1
14,94851330,rs2753934,8.92e-19,SERPINA1
14,94863636,rs7151526,2.87e-140,SERPINA1
14,95047397,rs11847362,3.56e-16,SERPINA5
14,95058737,rs2067060,1.48e-09,SERPINA5
14,95175605,rs8004970,5.75e-17,GSC
14,95278171,rs17754448,0.00017045,GSC
14,95297441,rs1243513,1.13e-08,GSC
14,95379583,rs1243573,1.78e-06,GSC
14,95554142,rs1057035,1.43e-53,DICER1
14,95582544,rs7157322,0.633612,MIR3173
14,95898607,rs17092197,4.01e-45,SYNE3
14,95999414,rs3742339,0.00255779,SNHG10
14,96013584,rs9323927,1.23e-24,GLRX5
14,97039902,rs17094171,1.61e-10,PAPOLA
14,97279220,rs9285600,3.16e-14,VRK1
14,97765092,rs17095157,3.78e-10,LOC101929241
14,97825770,rs7159327,1.42e-23,LOC101929241
14,97976764,rs2170819,4.94e-09,LOC101929241
14,98408081,rs11627058,7.01e-07,C14orf64
14,98883534,rs8022455,1.45e-35,C14orf177
14,98923460,rs1952868,3.44e-26,C14orf177
14,99742187,rs2664299,1.23e-18,BCL11B
14,100114438,rs12890020,3.18e-46,HHIPL1
14,100166652,rs12894973,8.48e-36,CYP46A1
14,100354217,rs1191104,1.06e-18,EML1
14,100383963,rs3818279,1.72e-23,EML1
14,100653730,rs8007801,6.96e-12,DEGS2
14,100822301,rs7156157,0.00028495,WARS
14,100865861,rs4900464,9.11e-24,WDR25
14,101094305,rs1190892,1.04e-14,LINC00523
14,101173124,rs17099623,3.65e-14,DLK1
14,101184139,rs4905999,1.59e-39,DLK1
14,101198741,rs2273608,7.59e-82,DLK1
14,101228352,rs1190815,9.46e-19,DLK1
14,101299927,rs7146650,8.64e-10,MEG3
14,101303361,rs8019930,3.68e-28,MEG3
14,101321726,rs4906024,4.98e-18,MIR770
14,101345504,rs11851174,3.99e-38,RTL1
14,101350298,rs3825569,2.83e-69,MIR432
14,101492548,rs12586258,0.00040805,MIR758
14,101525156,rs4525426,1.17e-26,MIR154
14,101539131,rs2295655,8.3e-20,MEG9
14,101668606,rs12898111,1.87e-10,MEG9
14,101760286,rs2401012,6.85e-07,MEG9
14,101835212,rs12437184,9.36e-21,DIO3OS
14,101941672,rs10130044,7.41e-08,DIO3OS
14,101945608,rs4906124,0.86971,DIO3OS
14,101968471,rs11623817,1.03e-27,DIO3OS
14,101989679,rs2401044,2.51e-15,DIO3OS
14,101999598,rs10147579,4.55e-05,DIO3OS
14,102061858,rs7154697,0.00898956,DIO3
14,102095836,rs11621975,3.12e-23,DIO3
14,102263464,rs1746598,6.38e-11,PPP2R5C
14,102296578,rs12432614,1.34e-08,PPP2R5C
14,102337101,rs2476522,6.61e-07,PPP2R5C
14,102986388,rs8011721,1.34e-245,ANKRD9
14,103351529,rs12898022,2.31e-09,TRAF3
14,103545602,rs11623646,1.22e-05,EXOC3L4
14,103715453,rs10145743,2.84e-06,LINC00605
14,103811181,rs3548,3.53e-22,EIF5
14,103874215,rs12879663,0,MARK3
14,103890091,rs17679127,6.18e-288,MARK3
14,103913782,rs17095251,6.2e-11,MARK3
14,103967504,rs11622835,5.49e-08,MARK3
14,104261723,rs722637,5.6e-19,PPP1R13B
14,105252070,rs10142069,1.55e-44,AKT1
14,105311249,rs2841279,7.63e-08,CEP170B
14,105382003,rs2919622,2.09e-18,PLD4
14,105989599,rs35590487,2.41e-43,TMEM121
15,22791431,rs6606792,1.06e-08,TUBGCP5
15,22969232,rs7170637,7.19e-30,CYFIP1
15,23747125,rs4362366,1.37e-15,MIR4508
15,23765819,rs11637292,1.4e-05,MIR4508
15,23809876,rs6576457,4.41e-13,MKRN3
15,24152094,rs12148769,1.16e-43,NDN
15,24212609,rs4396492,4.72e-05,PWRN2
15,24801204,rs12592162,1.77e-48,PWRN1
15,25102392,rs1079207,2.86e-10,SNRPN
15,25925675,rs7178018,1.56e-13,ATP10A
15,25954518,rs17116015,3.96e-05,ATP10A
15,27035147,rs11161341,6.23e-11,GABRB3
15,28365618,rs12913832,1.54e-10,HERC2
15,29775145,rs11073050,2.53e-12,FAM189A1
15,30156918,rs785441,2.2e-23,TJP1
15,31234064,rs6493352,8e-08,FAN1
15,31614741,rs11630449,1.39e-13,KLF13
15,31667796,rs6493629,2.87e-09,KLF13
15,31982511,rs3913617,5.36e-07,OTUD7A
15,33094167,rs12148180,4.9e-14,FMN1
15,33356782,rs17235533,1.86e-11,FMN1
15,34433347,rs17817770,8.35e-39,KATNBL1
15,34522557,rs1133154,1.63e-11,EMC4
15,35260949,rs12441204,6.65e-15,AQR
15,36458885,rs1898037,4.15e-08,MIR4510
15,37042932,rs8024417,2.66e-07,CSNK1A1P1
15,37206419,rs11635240,8.21e-13,MEIS2
15,37299074,rs11638361,1.88e-23,MIR8063
15,37299151,rs4924116,1.26e-18,MIR8063
15,37981345,rs8042309,1.89e-13,TMCO5A
15,38159786,rs7167727,4.32e-07,TMCO5A
15,38341249,rs17639328,1.58e-56,LOC101928227
15,38361447,rs16966213,5.21e-76,LOC101928227
15,38457024,rs1003180,0.0154408,SPRED1
15,38487063,rs2174009,7.35e-44,SPRED1
15,38509927,rs867043,9.03e-75,SPRED1
15,38545799,rs940026,0.00010762,SPRED1
15,38573062,rs4457952,2.15e-08,SPRED1
15,38656254,rs4924248,3.7e-62,SPRED1
15,39040751,rs964519,5.75e-31,C15orf53
15,39063641,rs16967429,0.00048235,C15orf53
15,39100740,rs10520107,1.7e-66,C15orf53
15,39274310,rs8026436,3.55e-19,C15orf54
15,39467471,rs9972581,1.35e-09,C15orf54
15,39568381,rs11070182,2.97e-19,C15orf54
15,39921167,rs1876853,5.14e-18,FSIP1
15,40175964,rs4924398,7.99e-29,GPR176
15,40394859,rs675173,5.67e-07,BMF
15,40414116,rs8023845,1.92e-57,BMF
15,40560315,rs7183540,0.00326937,PAK6
15,40617209,rs2289333,1e-39,C15orf52
15,40705417,rs2289328,1.18e-30,IVD
15,41009668,rs957603,2.29e-20,RAD51
15,41361138,rs16971454,1.74e-07,INO80
15,41432187,rs2928155,2.11e-204,INO80
15,41630770,rs8037574,2.94e-165,NUSAP1
15,41989926,rs16971976,5.2e-66,MIR626
15,42091385,rs1197671,2.04e-47,MAPKBP1
15,42768379,rs12913324,4.12e-47,ZNF106
15,43161799,rs7173097,3.96e-33,TTBK2
15,43357416,rs16957385,1.11e-43,UBR1
15,43364370,rs7181079,3.48e-10,UBR1
15,44515864,rs7174819,2.2e-28,FRMD5
15,45423889,rs17595239,0.00017035,DUOX1
15,45488132,rs3959644,2.07e-27,SHF
15,45509324,rs1706828,7.42e-11,SHF
15,45821158,rs8029246,5.45e-16,SLC30A4
15,46788870,rs17248705,6.67e-33,SEMA6D
15,47513253,rs6493265,2.31e-46,SEMA6D
15,47645892,rs1390877,1.24e-41,SEMA6D
15,47711652,rs281219,9.49e-30,SEMA6D
15,47916872,rs1529883,1.78e-47,SEMA6D
15,48133797,rs639085,9.07e-27,LOC101928442
15,48211935,rs2965306,4.85e-17,LOC101928442
15,48392165,rs1834640,2.2e-11,SLC24A5
15,48523284,rs16960698,4.79e-06,SLC12A1
15,48576381,rs3784618,0.104007,SLC12A1
15,48686310,rs8042740,2.91e-220,FBN1
15,48704079,rs17456936,1.22e-17,FBN1
15,48712757,rs2303505,1.9e-34,FBN1
15,48729030,rs363820,4.02e-237,FBN1
15,48760545,rs2279235,1.11e-35,FBN1
15,48764942,rs16960981,0.131,FBN1
15,48787194,rs7165060,1.68e-33,FBN1
15,48836119,rs4775767,0.639272,FBN1
15,48919219,rs2028110,8.95e-12,FBN1
15,48948291,rs8042197,4.08e-206,FBN1
15,48996282,rs784409,2.08e-103,CEP152
15,49005050,rs12440930,2.36e-19,CEP152
15,49059673,rs9302144,9.01e-35,CEP152
15,49107640,rs17466389,7.29e-08,CEP152
15,49192791,rs8023445,1.54e-14,EID1
15,49242805,rs12915940,3.27e-14,SHC4
15,49540216,rs16962191,0.256124,MIR4716
15,49912830,rs16962663,3.38e-11,FAM227B
15,49952940,rs8033476,2.03e-10,DTWD1
15,50444400,rs9707844,7.86e-43,SLC27A2
15,50515709,rs8032718,5.43e-08,SLC27A2
15,50555236,rs854159,6.7e-06,HDC
15,50564884,rs3959666,6.62e-28,GABPB1
15,50584703,rs12908591,6e-49,GABPB1
15,50768720,rs11633624,4.4e-53,USP50
15,50772736,rs12050594,1.23e-51,USP50
15,51155225,rs2619691,3.61e-215,AP4E1
15,51225825,rs3784301,1.91e-172,DCAF13P3
15,51502844,rs4646,3.53e-49,CYP19A1
15,51507968,rs700519,9.18e-119,CYP19A1
15,51516055,rs2899472,3.59e-05,CYP19A1
15,51516287,rs17523014,0.00164368,CYP19A1
15,51535885,rs28757162,8.06e-57,MIR4713
15,51542066,rs11636686,4.99e-185,MIR4713
15,51553909,rs17601876,0.0307591,MIR4713
15,51569410,rs2305707,0,MIR4713
15,51599537,rs10519301,5.84e-121,CYP19A1
15,51605408,rs16964258,0,CYP19A1
15,51606965,rs17602308,1.19e-19,CYP19A1
15,51609714,rs2470150,0.00937821,CYP19A1
15,51616033,rs28757082,0.171118,CYP19A1
15,51618302,rs6493495,2.05e-59,CYP19A1
15,51621725,rs2470144,2.94e-174,CYP19A1
15,51670570,rs2470173,2.62e-70,GLDN
15,51670821,rs2470174,1.33e-12,GLDN
15,51675625,rs2445738,1.23e-33,GLDN
15,51838719,rs11855041,9.34e-10,DMXL2
15,52947995,rs8036979,4.86e-15,FAM214A
15,53044721,rs4363819,2.66e-09,ONECUT1
15,53166715,rs2456519,3.15e-08,ONECUT1
15,53665247,rs1486548,4.57e-17,WDR72
15,53962748,rs10851543,3.92e-59,WDR72
15,54025176,rs17632070,3.45e-07,WDR72
15,54384302,rs1124991,9e-17,UNC13C
15,55516843,rs7180504,0.00614676,RAB27A
15,55519759,rs16976194,2.92e-14,RAB27A
15,55631815,rs16976260,0.00031424000000000003,CCPG1
15,55653591,rs8027135,1.55e-60,PIGB
15,55921013,rs7165971,6.93e-25,PRTG
15,56117756,rs8034917,3.67e-55,NEDD4
15,56188144,rs7182280,2.03e-06,NEDD4
15,56196809,rs17819282,2.19e-43,NEDD4
15,56295062,rs12438427,5.18e-29,NEDD4
15,56535174,rs2460649,2.26e-20,RFX7
15,57057885,rs8023672,0.0032862,ZNF280D
15,57066164,rs1812395,8.68e-25,ZNF280D
15,57241970,rs2543675,3.14e-05,TCF12
15,57725259,rs907465,2.79e-07,CGNL1
15,57789922,rs11857299,3.07e-37,CGNL1
15,57802406,rs2131740,5.94e-33,CGNL1
15,57842462,rs8784,1.33e-17,CGNL1
15,58000981,rs1062707,6.97e-44,POLR2M
15,58056783,rs4374101,2.46e-27,GCOM1
15,58467992,rs2899618,1.72e-17,AQP9
15,58723479,rs1077834,2.48e-09,LIPC
15,59000957,rs347117,3.92e-11,HSP90AB4P
15,59249551,rs8037652,1.11e-18,SLTM
15,59444477,rs16941077,3.06e-12,MYO1E
15,59499274,rs3809528,6.76e-05,LDHAL6B
15,59555021,rs4774323,5.52e-12,LDHAL6B
15,60293714,rs4775229,3.46e-15,FOXB1
15,60576262,rs17191323,2.22e-15,ANXA2
15,60632138,rs8040209,0.00220467,ANXA2
15,60781513,rs3743266,2.31e-75,RORA
15,60800145,rs17191442,3.57e-70,RORA
15,60827430,rs4594196,2.91e-14,RORA
15,60910223,rs3784611,7.17e-19,LOC101928784
15,60959089,rs7166370,4.94e-06,LOC100996876
15,61034496,rs7168905,4.63e-31,LOC100996876
15,61055633,rs1563565,2.38e-35,LOC100996876
15,61177888,rs4774375,0.0236601,LOC100996876
15,61179923,rs16943284,1.44e-37,LOC100996876
15,61190011,rs17237465,3.23e-12,LOC100996876
15,61335131,rs4775351,5e-06,RORA
15,61398185,rs8039380,3.52e-91,RORA
15,61408860,rs708683,4.87e-167,RORA
15,61457999,rs1370433,4.16e-29,RORA
15,61477482,rs12437877,2.87e-21,RORA
15,61529992,rs4589495,1.73e-13,RORA
15,61597447,rs4309342,7e-14,RORA
15,61710312,rs7171652,8.45e-08,RORA
15,61900252,rs7183692,3.43e-29,VPS13C
15,62052206,rs12903441,9.73e-06,VPS13C
15,62212781,rs17238189,1.67e-44,VPS13C
15,62244117,rs17238245,1.41e-29,VPS13C
15,62380259,rs7178424,2.64e-251,C2CD4A
15,62404480,rs1436954,6.25e-78,C2CD4A
15,62720363,rs10519148,4.49e-08,MIR6085
15,62897029,rs10851714,1.25e-12,MGC15885
15,63067538,rs11635027,2.37e-45,MIR190A
15,63308583,rs8029221,1.13e-21,TPM1
15,63422772,rs2652822,2.61e-38,LACTB
15,63793238,rs11635675,1.13e-63,USP3
15,64152802,rs11631933,1.65e-30,HERC1
15,64175636,rs6494443,2.5e-08,DAPK2
15,64277097,rs17788704,2.99e-15,LOC101928988
15,64515653,rs12441478,3.95e-10,CSNK1G1
15,65010075,rs16948203,2.95e-16,OAZ2
15,65135325,rs1684036,4.47e-24,PLEKHO2
15,65241819,rs6494503,2.59e-23,ANKDD1A
15,65497849,rs2681038,9.43e-25,CILP
15,65906467,rs28661781,3.26e-112,VWA9
15,66375265,rs4776278,3.64e-13,MIR4311
15,66603119,rs7176821,1.47e-31,DIS3L
15,66907543,rs1866750,6.31e-60,LINC01169
15,66917844,rs2439430,6.95e-15,LINC01169
15,66953605,rs2469109,0.00106481,LINC01169
15,66961485,rs4776308,8.54e-08,LINC01169
15,67008737,rs2278604,1.09e-184,SMAD6
15,67036441,rs7179372,3.07e-55,SMAD6
15,67146903,rs7168649,0.0032306,SMAD6
15,67331006,rs6494623,6.11e-101,SMAD3
15,67380609,rs12907997,6.92e-50,SMAD3
15,67400490,rs2118612,4.98e-06,SMAD3
15,67412596,rs718663,0.0003783,SMAD3
15,67442596,rs17293632,0.198437,SMAD3
15,67450474,rs4776900,1.79e-06,SMAD3
15,67458639,rs17228212,9.7e-190,SMAD3
15,67476768,rs7181556,1.48e-126,SMAD3
15,67494494,rs1050285,2.9e-81,AAGAB
15,67691449,rs4776926,6.5e-06,IQCH-AS1
15,67860587,rs12441715,0.00107907,MAP2K5
15,68126675,rs3803522,0.43238,LOC101929076
15,68247308,rs12902929,2.98e-25,PIAS1
15,68254345,rs16951523,3.1e-28,PIAS1
15,68773274,rs1001605,8.97e-10,ITGA11
15,68805429,rs1373698,8.22e-17,CORO2B
15,69021194,rs7163417,1.07e-44,CORO2B
15,69068176,rs11072053,8.99e-30,ANP32A
15,69122714,rs8033662,5.3e-15,MIR548H4
15,69601206,rs12917011,1.73e-06,PAQR5
15,69985510,rs8043362,1.44e-93,LOC145837
15,69986574,rs4777180,2.87e-16,LOC145837
15,70032794,rs12912487,0,LINC00593
15,70127589,rs88505,1.23e-53,LINC00593
15,70202697,rs17678412,0.0144453,LINC00593
15,70332774,rs12441639,0.00269529,TLE3
15,70356150,rs8039718,0,MIR629
15,70380487,rs2651499,0.997142,MIR629
15,70448366,rs904972,1.17e-09,TLE3
15,70492568,rs7161857,1.79e-30,TLE3
15,70508223,rs11629695,2.98e-44,TLE3
15,70739822,rs4777275,2.07e-13,UACA
15,70783457,rs9672869,1.83e-72,UACA
15,70872610,rs11629720,6.43e-11,UACA
15,71473310,rs4777336,7.08e-10,LOC101929196
15,71485742,rs16955258,9.63e-08,LOC101929196
15,71592189,rs2138292,2.85e-09,LOC101929196
15,71831301,rs11072297,4.12e-39,LOC101929173
15,71832139,rs12442633,6.37e-20,LOC101929173
15,71841113,rs6494946,1.15e-17,LOC101929173
15,71890308,rs11635147,2.37e-14,LOC101929173
15,71906850,rs8032794,4.52e-23,LOC101929173
15,71921019,rs12437451,2.91e-19,LOC101929173
15,72011340,rs17737516,3.88e-32,LOC101929173
15,72115230,rs2246225,1.1e-68,MYO9A
15,72195718,rs2291276,3.02e-142,MYO9A
15,72701777,rs16956917,1.14e-09,TMEM202
15,72800853,rs4777513,1.21e-42,ARIH1
15,73053000,rs12908694,1.22e-69,ADPGK
15,73087366,rs7178409,0.316256,ADPGK-AS1
15,73656261,rs11638230,0.0045933,HCN4
15,73905752,rs7166504,5.43e-16,NPTN
15,74005600,rs3816661,6.3e-13,CD276
15,74100036,rs2045931,3.25e-22,LOC101929221
15,74107677,rs746655,9.22e-13,LOC101929221
15,74120385,rs8026593,2.65e-95,TBC1D21
15,74125618,rs10519014,0,TBC1D21
15,74218466,rs16958477,0,LOXL1
15,74222202,rs2165241,0,LOXL1-AS1
15,74237120,rs1530169,2.6e-117,LOXL1
15,74244344,rs3522,1.9e-177,LOXL1
15,74335805,rs12438442,0.0539852,PML
15,74336633,rs5742915,0,PML
15,74472199,rs10910,1.55e-219,STRA6
15,74603713,rs2930292,1.14e-26,CCDC33
15,74635368,rs6161,1.04e-20,CYP11A1
15,74671525,rs4555110,1.17e-36,CYP11A1
15,74885948,rs6495116,8.81e-60,ARID3B
15,74895827,rs12443108,1.13e-91,CLK3
15,75025814,rs12441817,5.1e-39,CYP1A1
15,75066008,rs16972486,1.11e-27,CSK
15,75289722,rs3812945,0.201733,SCAMP5
15,75632867,rs11853141,3.17e-74,COMMD4
15,75670079,rs9972533,5.34e-11,SIN3A
15,75814388,rs6495182,3.37e-249,PTPN9
15,75971676,rs8034760,1.02e-20,CSPG4
15,76427994,rs885388,0.0079827,LOC101929439
15,76842401,rs12437981,2.81e-46,SCAPER
15,77057864,rs16968467,8.66e-166,SCAPER
15,77335891,rs11636648,5.42e-132,TSPAN3
15,77381959,rs7402884,3.22e-08,TSPAN3
15,77383211,rs11856538,6.11e-106,PEAK1
15,77415488,rs4886510,0.00044083,PEAK1
15,77830090,rs1317320,4.27e-137,HMG20A
15,77915282,rs8024932,0.00776192,LINGO1
15,78034268,rs3935685,4.53e-09,LOC101929478
15,78540267,rs12916463,3.81e-14,ACSBG1
15,78657720,rs2037349,1.27e-14,CRABP1
15,78708932,rs6495300,0.0913823,IREB2
15,78733731,rs17483721,1.89e-10,IREB2
15,79021908,rs1809412,4.19e-08,LOC646938
15,79231478,rs12148472,4.56e-19,CTSH
15,79307632,rs3816283,6.13e-07,RASGRF1
15,79343534,rs12911414,5.03e-08,RASGRF1
15,79463960,rs17175798,3.28e-07,LOC729911
15,79533372,rs4779031,2.05e-07,MIR184
15,79905891,rs16971155,5.74e-07,KIAA1024
15,80457166,rs7164048,6.75e-08,FAH
15,80539622,rs990226,1.45e-10,LINC01314
15,81034473,rs8025914,2.75e-12,ABHD17C
15,81285875,rs10438391,2.41e-23,MESDC2
15,81474264,rs7182786,3.2e-63,IL16
15,81596590,rs3848180,0.600603,STARD5
15,81600451,rs4778639,1.32e-70,STARD5
15,81823538,rs11857976,1.31e-224,LOC101929655
15,82101383,rs6495616,0.058386,MEX3B
15,82119151,rs9972517,0.278885,MEX3B
15,82217118,rs16973216,9.99e-09,MEX3B
15,82243056,rs17259219,7.03e-14,MEX3B
15,82250003,rs17350827,4.45e-81,MEX3B
15,83229542,rs2871011,8.81e-09,CPEB1
15,84038446,rs8039483,0.00811613,SH3GL3
15,84086117,rs17158970,1.96e-09,SH3GL3
15,84168471,rs10520579,0.484089,SH3GL3
15,84178679,rs1491579,2.25e-11,SH3GL3
15,84248450,rs3794521,1.25e-06,SH3GL3
15,84248466,rs17158811,0.103062,SH3GL3
15,84273405,rs17158772,3.24e-94,SH3GL3
15,84305444,rs2585043,0,ADAMTSL3
15,84364788,rs7162845,1.67e-16,ADAMTSL3
15,84540163,rs4572348,0,ADAMTSL3
15,84580582,rs11259936,0,ADAMTSL3
15,84600652,rs7342636,2.35e-10,ADAMTSL3
15,84615189,rs986118,3.53e-102,ADAMTSL3
15,84646691,rs713468,6.01e-291,ADAMTSL3
15,84689429,rs17158445,9.47e-20,ADAMTSL3
15,84792083,rs12911210,0,EFTUD1P1
15,84796267,rs4420497,2.36e-36,EFTUD1P1
15,85144747,rs17597517,2.47e-18,ZSCAN2
15,85333953,rs2241645,0.594431,ZNF592
15,85402795,rs186266,1.39e-123,ALPK3
15,85448906,rs2290269,1.09e-19,SLC28A1
15,85460367,rs2343671,1.5e-36,SLC28A1
15,85523969,rs12900078,5.38e-134,PDE8A
15,85550656,rs7175477,6.48e-23,PDE8A
15,85566273,rs289405,9.95e-82,PDE8A
15,85829561,rs12917495,1.47e-07,LOC642423_dup_1
15,86023538,rs12913754,5.03e-138,AKAP13
15,86159953,rs41388746,4.17e-29,AKAP13
15,86220111,rs16943075,1.86e-09,AKAP13
15,86251500,rs16943484,0.00300967,AKAP13
15,86265782,rs7182210,1.25e-115,AKAP13
15,86306378,rs2430838,0.986552,KLHL25
15,87168795,rs2255780,1.21e-07,AGBL1-AS1
15,87675247,rs12148333,1.52e-08,AGBL1
15,87877494,rs753474,8.47e-16,LINC00052
15,88023245,rs1442297,1.04e-20,LINC00052
15,88115002,rs10520659,6.84e-17,LINC00052
15,88151833,rs10459693,9.65e-17,LINC00052
15,88584310,rs12441487,2.1e-23,NTRK3
15,88616092,rs3825884,3.37e-10,NTRK3-AS1
15,88864333,rs11631531,7.53e-11,NTRK3-AS1
15,89042467,rs12915845,4.92e-76,DET1
15,89070711,rs8035236,0.991765,DET1
15,89169858,rs8027765,0.808913,AEN
15,89238184,rs6496519,0.0006429,ISG20
15,89265319,rs4534816,3.51e-48,ISG20
15,89269724,rs4500694,6.83e-27,ISG20
15,89279696,rs4932412,3.16e-56,ACAN
15,89335601,rs4932198,0.506861,ACAN
15,89342720,rs7497684,0,ACAN
15,89357521,rs17198849,1.69e-193,ACAN
15,89368821,rs17199220,4.18e-74,ACAN
15,89371612,rs7173022,8.65e-19,ACAN
15,89379348,rs17200030,1.81e-291,ACAN
15,89381556,rs2280468,3.61e-40,ACAN
15,89382129,rs16942318,1.02e-64,ACAN
15,89382608,rs1015081,6.95e-190,ACAN
15,89383044,rs3784759,2.6e-08,ACAN
15,89385494,rs12908753,0,ACAN
15,89388905,rs16942341,0,ACAN
15,89397057,rs4932438,1.28e-168,ACAN
15,89402051,rs1042630,1.55e-138,ACAN
15,89403404,rs3784757,0,ACAN
15,89405052,rs16942383,0,ACAN
15,89411805,rs9972588,9.79e-160,ACAN
15,89414295,rs1879529,0,ACAN
15,89418869,rs8031741,5.84e-13,ACAN
15,89420974,rs17201864,1.34e-21,HAPLN3
15,89421405,rs7182726,6.99e-71,HAPLN3
15,89497100,rs12440803,9.87e-108,MFGE8
15,89548025,rs8040851,0.041301,ABHD2
15,89669685,rs7178898,0.0078582,ABHD2
15,89783648,rs16942891,3.91e-27,FANCI
15,89798977,rs7168941,7.71e-17,FANCI
15,89869733,rs2351000,0.0927488,MIR6766
15,89876236,rs2283430,9.46e-89,POLG
15,89960601,rs150313,3.23e-37,LINC00925
15,90054067,rs2119009,2.57e-21,LINC00928
15,90138192,rs8038028,7.54e-52,TICRR
15,90175375,rs11630411,3.79e-70,TICRR
15,90333851,rs17239917,1.38e-36,ANPEP
15,90379632,rs6496609,2.89e-10,AP3S2
15,90549009,rs12324904,4.21e-07,ZNF710
15,90570069,rs4932274,6.44e-26,ZNF710
15,90618867,rs2939847,1.95e-83,ZNF710
15,90638159,rs11630814,2.19e-28,IDH2
15,90736682,rs7179075,1.84e-16,SEMA4B
15,91083353,rs8033595,8.23e-89,CRTC3
15,91282964,rs28364262,1.54e-22,BLM
15,91356504,rs401549,1.01e-71,BLM
15,91426560,rs4702,8.62e-57,FURIN
15,91498281,rs4381579,8.18e-24,RCCD1
15,91586580,rs7175820,2.06e-11,LOC101926911
15,92246901,rs7177898,3.64e-09,SLCO3A1
15,92520334,rs12910715,1.6e-29,SLCO3A1
15,92549465,rs12148487,2.21e-35,SLCO3A1
15,92707569,rs3743369,3.77e-17,SLCO3A1
15,92964428,rs16946889,1.83e-07,ST8SIA2
15,93245286,rs1467972,7.42e-13,FAM174B
15,93421244,rs4778052,2.69e-40,LOC100507217
15,93429646,rs1439620,2.24e-52,LOC100507217
15,93606494,rs7170601,1.01e-32,RGMA
15,93653395,rs4396487,3.09e-11,RGMA
15,93670050,rs8041023,6.42e-14,RGMA
15,93684885,rs11630044,0.554029,RGMA
15,93688462,rs10520714,8.07e-35,RGMA
15,93691158,rs8038806,7.98e-10,RGMA
15,93698096,rs11853328,6.24e-23,RGMA
15,93788124,rs12914360,7.49e-13,RGMA
15,93840558,rs4777828,2.76e-51,RGMA
15,93992194,rs875064,4.26e-20,RGMA
15,94008481,rs7173904,0.766825,RGMA
15,94029153,rs8030277,2.54e-65,LOC101927153
15,94311171,rs10152962,5.63e-12,LOC101927153
15,94551607,rs7181724,3.43e-205,LOC101927129
15,94626455,rs8041151,1.07e-16,LOC101927112
15,95135626,rs7171433,2.14e-10,MCTP2
15,95172968,rs1035649,4.38e-12,MCTP2
15,95271378,rs11633626,3.05e-20,LOC440311
15,95325488,rs12441398,4.51e-18,LOC440311
15,95370963,rs1375227,7.07e-34,LOC440311
15,95467961,rs2029055,2.58e-30,LOC440311
15,95547783,rs1563649,4.3e-31,LOC440311
15,95704037,rs12101936,7.66e-09,LINC01197
15,95825734,rs7181841,6.37e-08,LINC01197
15,95828705,rs12912439,1.93e-44,LINC01197
15,95846458,rs6496101,5.64e-10,LINC01197
15,96032676,rs1424740,2.25e-46,LINC00924
15,96101497,rs6496121,1.26e-21,LINC00924
15,96163158,rs16973982,7.43e-42,LINC00924
15,96164290,rs6496127,1.89e-41,LINC00924
15,96650727,rs8038717,1.4e-10,NR2F2-AS1
15,96710126,rs16976295,1.39e-34,NR2F2-AS1
15,97049985,rs1370555,2.13e-22,NR2F2
15,97083924,rs1009132,0.00016399,NR2F2
15,97088685,rs11073498,1.27e-20,NR2F2
15,97218758,rs4508392,1.23e-10,SPATA8-AS1
15,98300354,rs12911239,4.39e-10,LINC00923
15,98505857,rs1491180,1.28e-07,ARRDC4
15,98513629,rs6496271,2.41e-05,ARRDC4
15,98851994,rs1542112,3.1e-06,FAM169B
15,98914552,rs8031417,0.00052658,FAM169B
15,98993523,rs7161891,0.00107805,FAM169B
15,99069239,rs6598516,5.61e-20,FAM169B
15,99100580,rs2311753,1.52e-06,FAM169B
15,99104826,rs11634106,5.72e-70,FAM169B
15,99126168,rs8025194,1.52e-31,IGF1R
15,99166519,rs12902985,3.12e-148,IGF1R
15,99182531,rs6598537,1.44e-23,IGF1R
15,99186979,rs1319868,0,IGF1R
15,99192483,rs13379905,0,IGF1R
15,99196112,rs2017500,2.37e-191,IGF1R
15,99228579,rs1317459,6.86e-92,IGF1R
15,99230263,rs1319859,0,IGF1R
15,99249551,rs8037116,1.42e-12,IGF1R
15,99294355,rs12898337,2.31e-56,MIR4714
15,99332172,rs12908948,1.51e-14,MIR4714
15,99364930,rs2684762,4.9e-18,MIR4714
15,99396694,rs2684777,1.02e-109,MIR4714
15,99405947,rs12594847,7.08e-13,MIR4714
15,99466085,rs2684805,1.55e-13,IGF1R
15,99484720,rs2715419,1.39e-06,IGF1R
15,99491540,rs2684790,8.66e-69,IGF1R
15,99498433,rs9672965,9e-120,IGF1R
15,99573159,rs10468173,4.5e-82,PGPEP1L
15,99597408,rs8037680,1.33e-32,PGPEP1L
15,99613245,rs1670200,1.27e-17,SYNM
15,99677357,rs3743241,0.00142434,TTC23
15,99761410,rs11633209,1.2e-05,TTC23
15,100014485,rs7165608,3.02e-36,LRRC28
15,100136381,rs7162940,1.72e-12,MEF2A
15,100401125,rs1821649,4.32e-05,DNM1P46
15,100503127,rs729679,4.42e-24,ADAMTS17
15,100514097,rs2573650,0,ADAMTS17
15,100527358,rs2573595,6.38e-13,ADAMTS17
15,100537494,rs12900132,2.2e-197,ADAMTS17
15,100562872,rs2573687,1.92e-28,ADAMTS17
15,100575417,rs1480957,1.59e-25,ADAMTS17
15,100594610,rs922670,1.62e-12,ADAMTS17
15,100600393,rs4965275,3.5e-07,ADAMTS17
15,100601469,rs1351438,4.43e-105,ADAMTS17
15,100615303,rs1383546,1.36e-54,ADAMTS17
15,100642906,rs4965586,1.63e-10,ADAMTS17
15,100660150,rs10400854,1.58e-19,ADAMTS17
15,100668412,rs9672454,1.52e-79,ADAMTS17
15,100682550,rs9672868,3.16e-05,ADAMTS17
15,100685940,rs8035111,2.9e-66,ADAMTS17
15,100690148,rs2035344,3.2e-229,ADAMTS17
15,100695347,rs8024690,2.19e-163,ADAMTS17
15,100700520,rs6598308,1.12e-81,ADAMTS17
15,100700797,rs12443035,7.36e-40,ADAMTS17
15,100728663,rs2086452,6.85e-62,ADAMTS17
15,100739405,rs12148118,0.171223,ADAMTS17
15,100750871,rs8037367,0,ADAMTS17
15,100760511,rs11247168,5.45e-219,ADAMTS17
15,100765138,rs4412959,2.19e-22,ADAMTS17
15,100769860,rs4965602,2.96e-304,ADAMTS17
15,100785790,rs12148837,2.37e-174,ADAMTS17
15,100795404,rs4074098,0,ADAMTS17
15,100804482,rs10902566,0,ADAMTS17
15,100805108,rs12915884,1.18e-38,ADAMTS17
15,100821576,rs7496668,2.84e-254,ADAMTS17
15,100834618,rs746711,8.55e-45,ADAMTS17
15,100851032,rs8030793,5.68e-17,ADAMTS17
15,100860734,rs12905788,0.103594,ADAMTS17
15,100873579,rs7171763,6.86e-05,ADAMTS17
15,100890608,rs2587799,2.3e-66,SPATA41
15,100919457,rs7181754,1.34e-76,LOC102723320
15,101147726,rs1873958,0.739854,ASB7
15,101241414,rs11629742,9.55e-11,ASB7
15,101292671,rs7177918,0.00012443,ASB7
15,101318089,rs7173522,0.00021715,ALDH1A3
15,101436307,rs4646669,0.139632,ALDH1A3
15,101559136,rs936111,1.71e-123,LRRK1
15,101567210,rs876626,3.84e-36,LRRK1
15,101592783,rs4965779,7.88e-28,LRRK1
15,101597406,rs10468171,1.04e-08,LRRK1
15,101609645,rs1048326,6.2e-109,LRRK1
15,101637806,rs2085280,5.26e-68,LRRK1
15,101652830,rs897486,2.93e-32,LRRK1
15,101667226,rs4965789,1.71e-15,CHSY1
15,101697253,rs1470982,7.01e-174,CHSY1
15,101712353,rs7175522,3.2e-159,CHSY1
15,101762539,rs8042424,2.95e-208,CHSY1
15,101766822,rs2124133,2.51e-105,CHSY1
15,101793651,rs2170625,1.01e-73,CHSY1
15,101890861,rs10152756,6.28e-09,LOC100507472
15,101932462,rs4965381,2.42e-15,LOC100507472
15,101949168,rs3825901,4.99e-21,PCSK6
15,101991748,rs11637184,0.0217553,PCSK6
15,102014347,rs765825,3.81e-79,PCSK6
15,102036396,rs2047223,0.00227506,PCSK6
15,102052634,rs714647,7.75e-21,PCSK6
15,102192034,rs507903,4.41e-17,TM2D3
16,129223,rs710079,1.22e-09,MPG
16,349293,rs214246,1.07e-75,AXIN1
16,349331,rs7200589,0.664093,AXIN1
16,359953,rs2301522,9.35e-103,AXIN1
16,419154,rs1802752,1.35e-05,MRPL28
16,477407,rs1204511,3.36e-20,RAB11FIP3
16,547108,rs8063501,4.28e-15,RAB11FIP3
16,680695,rs4984903,1.17e-253,WFIKKN1
16,687619,rs7184664,4.96e-12,C16orf13
16,757891,rs9937369,2.68e-241,FBXL16
16,778820,rs12448432,0,HAGHL
16,845819,rs2294446,0.841979,GNG13
16,989381,rs12448994,5.56e-85,LMF1-AS1
16,1032776,rs9931183,4.24e-155,SOX8
16,1114258,rs213658,1.89e-44,SSTR5-AS1
16,1133049,rs174643,9.9e-100,SSTR5
16,1134818,rs9937517,3.73e-07,SSTR5
16,1252441,rs4984636,2.08e-27,TPSG1
16,1265720,rs3897150,2.92e-30,TPSG1
16,1270055,rs3751889,3.21e-06,TPSG1
16,1482473,rs7201572,1.42e-16,CCDC154
16,1532463,rs13336428,6.58e-58,PTX4
16,1835231,rs2745170,1.67e-24,NUBP2
16,1840777,rs9282731,2.46e-17,IGFALS
16,2045661,rs13331781,9.86e-42,SYNGR3
16,2115819,rs8063461,3.76e-50,TSC2
16,2128728,rs17596071,1.35e-46,PKD1
16,2191734,rs258281,0,MIR3180-5
16,2267877,rs27345,6.06e-184,PGP
16,2288224,rs27620,1.05e-256,DNASE1L2
16,2305539,rs155243,1.29e-119,RNPS1
16,2328790,rs150928,9.98e-35,ABCA3
16,2471582,rs4523927,3.16e-16,ABCA17P
16,2478253,rs4412969,2.94e-177,CCNF
16,2637283,rs7201584,2.17e-63,PDPK1
16,2642218,rs13336495,4.12e-11,PDPK1
16,2742020,rs11077336,2.12e-33,KCTD5
16,2814162,rs3094775,8.33e-46,SRRM2
16,2815237,rs3094773,3.28e-36,SRRM2
16,3089649,rs4045136,2.1e-06,LOC100128770
16,3101818,rs2741891,2.78e-15,MMP25
16,3194616,rs2550392,1.57e-66,ZNF213
16,3271222,rs2238400,4.51e-17,ZNF200
16,3413477,rs8054222,0.0234058,OR2C1
16,3582969,rs3751836,9.15e-11,NLRC3
16,3738027,rs2158962,2.3e-39,TRAP1
16,3747204,rs1639150,2.15e-33,TRAP1
16,3867081,rs17199009,8.59e-38,CREBBP
16,4002022,rs1978300,1.4e-29,LOC102724927
16,4016676,rs2230742,1.01e-198,ADCY9
16,4016943,rs2230741,3.11e-18,ADCY9
16,4033436,rs2230739,6e-63,ADCY9
16,4035068,rs2601777,7.99e-68,ADCY9
16,4128953,rs1034905,6.53e-08,ADCY9
16,4208421,rs17256385,4.7e-08,SRL
16,4317811,rs251740,1.4e-07,TFAP4
16,4360314,rs3848370,8.19e-84,LOC101926896
16,4382607,rs9938257,1.92e-35,GLIS2
16,4577069,rs8044698,5.24e-25,CDIP1
16,4676595,rs1684609,1.69e-13,MGRN1
16,4746392,rs841217,1.11e-89,ANKS3
16,4760136,rs12926727,1.65e-30,ANKS3
16,4797109,rs12926158,4.13e-28,C16orf71
16,4918017,rs8056320,6.88e-139,UBN1
16,4955256,rs13335236,3.41e-86,PPL
16,5372481,rs2049694,7.42e-07,FAM86A
16,5678345,rs4786741,5.48e-16,MIR8065
16,5923563,rs17714435,2.62e-30,RBFOX1
16,5969927,rs11076988,4.44e-21,RBFOX1
16,6116516,rs13337849,2.69e-17,RBFOX1
16,6175293,rs12934429,4.05e-06,RBFOX1
16,6181851,rs1463242,5.55e-25,RBFOX1
16,6537353,rs956818,4.06e-28,RBFOX1
16,7190897,rs922471,1.69e-18,RBFOX1
16,7588038,rs713115,6.54e-09,RBFOX1
16,7625792,rs7191721,2.8e-11,RBFOX1
16,7756299,rs2881629,1.93e-13,RBFOX1
16,8471195,rs17670989,1.99e-08,TMEM114
16,8474160,rs17750544,2.72e-08,TMEM114
16,8693163,rs2312948,5.95e-14,METTL22
16,8877591,rs9456,6.69e-08,ABAT
16,9000085,rs1657066,1.21e-81,USP7
16,9080990,rs964006,2.3e-38,USP7
16,9216914,rs12925781,7.95e-58,C16orf72
16,9222778,rs7203301,3.24e-15,C16orf72
16,9958655,rs7201930,7.11e-11,GRIN2A
16,10230219,rs2442098,0.00022369,GRIN2A
16,10637418,rs2089185,4.92e-10,EMP2
16,10756047,rs2253910,1.24e-69,TEKT5
16,10770160,rs12925749,0.110061,TEKT5
16,11241906,rs17673553,9.96e-12,CLEC16A
16,11371310,rs11645592,2.3e-14,PRM2
16,11822066,rs12599288,6.55e-24,TXNDC11
16,12098857,rs6498261,1.57e-38,SNX29
16,12756649,rs9926821,1.07e-10,CPPED1
16,12801372,rs4781326,8.4e-14,MIR4718
16,12882336,rs748242,1.12e-49,CPPED1
16,12891282,rs2865895,2.44e-62,CPPED1
16,13853125,rs17199520,8.06e-09,ERCC4
16,14028081,rs1799802,1.25e-17,ERCC4
16,14323446,rs17196874,6.98e-33,MKL2
16,14395432,rs246185,0,MIR193B
16,14401962,rs30232,5.71e-248,MIR365A
16,14430442,rs7499658,8.56e-15,MIR365A
16,14724589,rs7501119,3.32e-47,PARN
16,15132108,rs2740,3.29e-158,NTAN1
16,15153717,rs9927842,2.53e-81,RRN3
16,15557623,rs4781668,0.00627433,C16orf45
16,16041768,rs4148330,2.09e-12,ABCC1
16,16127504,rs11647513,1.41e-08,ABCC1
16,16255240,rs3213470,3.92e-14,ABCC6
16,17106127,rs9936906,2.38e-15,XYLT1
16,17183641,rs4533273,3.41e-22,XYLT1
16,17310119,rs12596556,1.7e-08,XYLT1
16,17358501,rs17277587,6.47e-16,XYLT1
16,17384524,rs11861415,1.48e-24,XYLT1
16,17577531,rs12446161,1.84e-28,XYLT1
16,17950351,rs2362556,3.96e-10,XYLT1
16,19146215,rs6497331,4.62e-09,ITPRIPL2
16,19277493,rs6497339,2.42e-27,SYT17
16,19450536,rs933197,1.45e-06,TMC5
16,19727998,rs4780822,1.45e-26,IQCK
16,20028998,rs2521478,1.35e-27,GPR139
16,20255123,rs11074446,4.22e-06,GP2
16,20343091,rs4238595,2.16e-08,UMOD
16,20740517,rs16970587,2.53e-51,THUMPD1
16,22242268,rs4783449,0.00030703,EEF2K
16,22311550,rs9930928,3.33e-31,POLR3E
16,22355049,rs12599010,1.25e-12,CDR2
16,23024096,rs6497620,1.36e-12,USP31
16,23536684,rs6497671,2.79e-10,EARS2
16,23785404,rs12918181,2.2e-13,CHP2
16,23888840,rs7404928,1.17e-06,PRKCB
16,24578458,rs7195386,1.05e-46,RBBP6
16,24726071,rs13336226,6.54e-159,TNRC6A
16,24801979,rs13336754,1.27e-75,TNRC6A
16,24881152,rs11866271,3.44e-32,SLC5A11
16,24893677,rs1011078,6.68e-13,SLC5A11
16,25187610,rs17774085,2.17e-12,LCMT1
16,25378347,rs9646259,3.35e-16,ZKSCAN2
16,28533071,rs28698667,9.77e-40,IL27
16,29698710,rs9923341,0.783541,QPRT
16,29831617,rs12149514,2.64e-32,MVP
16,30026469,rs11649274,5.69e-212,DOC2A
16,30385503,rs11863150,0.0122553,MYLPF
16,30594744,rs35974081,1.85e-11,ZNF785
16,30823047,rs4889490,5.15e-05,BCL7C
16,30916129,rs1458201,2.44e-55,CTF1
16,31524685,rs8057401,8.28e-25,C16orf58
16,31603772,rs4479245,0.00016827,YBX3P1
16,34321463,rs4581708,1.53e-10,UBE2MP1
16,46640695,rs7186662,3.8e-10,SHCBP1
16,47209822,rs264329,7.63e-12,LOC101927102
16,47778332,rs9929392,1.47e-26,PHKB
16,48664681,rs7185541,4.01e-18,N4BP1
16,49017308,rs1548929,5.13e-15,CBLN1
16,49353504,rs2216263,1.33e-13,CBLN1
16,49619709,rs11642742,6.47e-16,ZNF423
16,49671218,rs16947741,3.44e-52,ZNF423
16,49874333,rs11076503,0.00176704,ZNF423
16,49874676,rs933561,7.24e-91,ZNF423
16,50274451,rs9937930,2.21e-31,PAPD5
16,50305088,rs9934026,3.45e-06,ADCY7
16,50350883,rs1064448,8.21e-26,ADCY7
16,50536826,rs12149258,8.39e-23,NKD1
16,50587593,rs11647532,9.5e-14,NKD1
16,50827601,rs2302759,9.78e-25,CYLD
16,50945156,rs12918191,3.36e-15,LOC101927334
16,50954820,rs4238819,0.0732336,LOC101927334
16,51007044,rs10852610,7.09e-05,LOC101927334
16,51037009,rs1466763,3.14e-23,LOC101927334
16,51068059,rs7191446,2.28e-10,LOC101927334
16,51083162,rs4002339,1.79e-25,LOC101927334
16,51109492,rs11076551,1.5e-39,LOC101927334
16,51130159,rs10521221,3.01e-40,SALL1
16,51158710,rs10521222,2.12e-13,SALL1
16,51197473,rs16949403,1.89e-07,SALL1
16,51218133,rs933540,2.1e-20,SALL1
16,51337683,rs1395600,4e-06,SALL1
16,51436882,rs17616063,1.02e-21,SALL1
16,51499207,rs1109739,2.09e-23,LOC101927364
16,51557928,rs11076016,5.16e-05,LOC101927364
16,51621738,rs2221099,9.37e-10,LOC101927364
16,51760231,rs9925751,9.56e-21,LOC101927364
16,51773126,rs4296257,2.87e-21,LOC101927364
16,51838890,rs1461942,7.6e-24,LOC101927364
16,52021630,rs4784958,4.77e-25,C16orf97
16,52310527,rs6498798,1.27e-38,TOX3
16,52620577,rs3112633,1.15e-16,CASC16
16,52681001,rs3112588,1.62e-11,CASC16
16,52821637,rs1420258,2.73e-33,CASC16
16,52987556,rs1558683,9.04e-10,CHD9
16,53083404,rs8057802,1.08e-18,CHD9
16,53300732,rs16952119,9.99e-19,CHD9
16,53314679,rs8058720,6.43e-56,CHD9
16,53481010,rs17800727,3.04e-303,RBL2
16,53730602,rs12598253,0.00120957,RPGRIP1L
16,53960365,rs12918495,8.84e-27,FTO-IT1
16,54025172,rs8056199,1.12e-19,FTO-IT1
16,54251664,rs1543030,3.82e-17,IRX3
16,54453976,rs4784379,3.63e-29,IRX3
16,54501948,rs10521311,4.44e-10,IRX3
16,55035544,rs4784454,3.11e-40,IRX5
16,55070239,rs16954134,2.35e-28,IRX5
16,55490089,rs11643666,5.45e-14,MMP2
16,55505040,rs1347653,2.89e-17,MMP2
16,55659980,rs6499770,6.75e-09,SLC6A2
16,56919348,rs12596776,0.00046867,MIR6863
16,56968039,rs7204290,1.68e-30,HERPUD1
16,56993324,rs3764261,1.1e-24,CETP
16,57012379,rs12708980,0.00020116,CETP
16,58105677,rs6499933,7.59e-12,MMP15
16,58191966,rs37357,2.21e-07,CSNK2A2
16,58228064,rs16959786,3.63e-09,CSNK2A2
16,58540875,rs17821543,2.04e-07,NDRG4
16,58557342,rs11644694,1.43e-09,SETD6
16,58610637,rs2139580,9.14e-15,SNORA76A
16,58727915,rs4784972,5.29e-19,SLC38A7
16,60427285,rs9302724,1.55e-11,LOC729159
16,60784271,rs1364320,1.18e-13,LOC729159
16,60979811,rs4785141,1.34e-10,LOC729159
16,62781043,rs17350321,4.17e-10,CDH8
16,65036041,rs35184,7.14e-61,CDH11
16,65441691,rs41487147,1.78e-10,LINC00922
16,66014547,rs9934193,1.23e-06,CDH5
16,66195862,rs112429,1.48e-17,CDH5
16,66693372,rs355956,2.42e-35,CMTM4
16,66814760,rs16956948,4.26e-47,CCDC79
16,66910085,rs7190459,5.77e-15,PDP2
16,67123841,rs35190484,2.23e-33,CBFB
16,67181999,rs9033,7.19e-25,B3GNT9
16,67320223,rs3868142,7.34e-185,KCTD19
16,67478251,rs2279023,1.81e-45,ATP6V0D1
16,67503807,rs35430428,1.51e-37,ATP6V0D1
16,67834585,rs17619927,0.00023413,RANBP10
16,67861501,rs34693072,3.53e-41,TSNAXIP1
16,67865937,rs11558533,1.5e-09,CENPT
16,68297228,rs9888986,1.19e-22,SLC7A6
16,69091218,rs11075704,0.00038233,TANGO6
16,69143481,rs2232227,9.58e-56,HAS3
16,69143816,rs2232229,2.63e-33,HAS3
16,69169927,rs9940899,2.94e-117,CIRH1A
16,69554881,rs12921716,3.33e-35,MIR1538
16,69630853,rs12447326,7.4e-186,NFAT5
16,69837156,rs16959200,5.02e-14,WWP2
16,69887720,rs3790085,3.41e-229,MIR140
16,69952657,rs4985456,2.06e-40,MIR140
16,70333754,rs16970606,3.39e-32,DDX19B
16,70464818,rs11647932,2.14e-12,ST3GAL2
16,70488917,rs17882961,0.0613515,FUK
16,70548297,rs3931036,7.11e-82,COG4
16,71531928,rs9935426,0.014439,ZNF19
16,71615613,rs4788808,1.11e-110,TAT
16,71837477,rs7203231,2.15e-21,AP1G1
16,71930105,rs12927044,1.12e-05,IST1
16,72592309,rs2860346,4.86e-84,ZFHX3
16,72828403,rs2229286,6.18e-08,ZFHX3
16,72956544,rs4788679,3.57e-29,ZFHX3
16,73059861,rs1548373,7.53e-11,ZFHX3
16,73070310,rs4788696,3.41e-10,ZFHX3
16,73077574,rs728646,4.21e-21,ZFHX3
16,73079683,rs7204751,1.74e-30,ZFHX3
16,73202875,rs12324964,7.04e-18,C16orf47
16,73356514,rs4011585,8.36e-13,LOC100506172
16,73375322,rs3900250,1.37e-05,LOC100506172
16,73411370,rs9940859,1.26e-12,LOC100506172
16,73676742,rs1480570,5.37e-27,LOC100506172
16,73784416,rs4887925,2.4e-55,LOC100506172
16,73809928,rs400223,1.23e-89,LOC100506172
16,73864662,rs328365,3.95e-33,LOC101928035
16,74071207,rs2716554,1.94e-14,LOC101928035
16,74076647,rs11647029,1.14e-17,LOC101928035
16,74270536,rs13334448,1.25e-17,LOC101928035
16,74884097,rs11643354,0.00133624,WDR59
16,75185764,rs9939124,6.15e-162,ZFP1
16,75205764,rs7206003,3.21e-09,ZFP1
16,75275231,rs36097424,1.15e-08,BCAR1
16,75425553,rs4638613,6.08e-101,CFDP1
16,75528511,rs2550904,0.00020138,CHST6
16,75690279,rs4888444,5.98e-19,TERF2IP
16,76253050,rs17639473,1.24e-07,CNTNAP4
16,77010287,rs9941287,1.16e-14,MIR4719
16,77591648,rs282993,1.91e-19,ADAMTS18
16,77821270,rs2966075,2.44e-15,VAT1L
16,78049222,rs2735406,2.41e-114,CLEC3A
16,78064733,rs2072663,5.24e-70,CLEC3A
16,78159277,rs16947165,4.51e-05,WWOX
16,78171308,rs9933156,1.94e-12,WWOX
16,78208676,rs8051687,1.37e-11,WWOX
16,78265423,rs12918190,0.0602665,WWOX
16,78323977,rs9934482,2.39e-72,WWOX
16,78367814,rs8052110,2.18e-26,WWOX
16,78424831,rs4502225,9.62e-64,WWOX
16,78431277,rs7198400,1.42e-38,WWOX
16,78504998,rs2738679,7.19e-22,WWOX
16,78667891,rs1110519,5.11e-09,WWOX
16,78715407,rs17722281,1.49e-07,WWOX
16,78854318,rs12448854,1.38e-11,WWOX
16,78897506,rs2737290,2.24e-12,WWOX
16,78972995,rs7203016,4.47e-11,WWOX
16,78984750,rs7198076,1.87e-16,WWOX
16,79087756,rs8052586,2.2e-13,WWOX
16,79131393,rs6564645,2.52e-24,WWOX
16,79171956,rs1424112,2.81e-90,WWOX
16,79238854,rs12927043,5.3e-55,WWOX
16,79239864,rs17796342,4.66e-09,WWOX
16,79254881,rs11150145,9.74e-36,WWOX
16,79355095,rs7189133,0.00559878,WWOX
16,79437209,rs4243170,3.02e-12,MAF
16,79615427,rs878477,2.46e-15,MAF
16,79615600,rs16950734,1.78e-19,MAF
16,79621023,rs11858998,1.59e-08,MAF
16,79749341,rs3813581,0.0550577,LOC102467146
16,79838311,rs11640405,4.94e-10,LOC101928248
16,79986220,rs16951740,3.53e-05,LOC101928248
16,80038715,rs4439776,8.92e-34,LOC102724084
16,80378204,rs3107212,4.5e-12,LOC102724084
16,80424384,rs12599282,9.21e-15,DYNLRB2
16,80834612,rs11645677,3.66e-29,CDYL2
16,80927712,rs12449175,1.59e-09,CMC2
16,81079641,rs13185,2.35e-08,ATMIN
16,81362134,rs7203686,6.43e-21,GAN
16,81444502,rs11867078,0.00046979,MIR4720
16,81517425,rs12149827,2.96e-48,CMIP
16,81525727,rs2926004,5.38e-06,MIR7854
16,81551506,rs3803656,6.6e-08,MIR7854
16,81558006,rs2925990,3.64e-144,MIR7854
16,81563866,rs17777603,1.61e-05,MIR7854
16,81567692,rs13336426,3.61e-46,MIR7854
16,81599367,rs2966116,2.66e-96,MIR7854
16,81665402,rs6564905,1.59e-26,MIR6504
16,81699087,rs3935338,7.14e-31,LOC100129617
16,81716880,rs11647444,3.16e-30,LOC100129617
16,81745097,rs1128432,1.38e-10,CMIP
16,82122990,rs4889456,1.57e-06,HSD17B2
16,82203758,rs2303262,8.93e-191,MPHOSPH6
16,82782587,rs1000078,3.11e-06,LOC101928446
16,83983071,rs4782865,1.85e-82,OSGIN1
16,84030955,rs8052260,1.11e-16,NECAB2
16,84110943,rs11149623,1.76e-27,MBTPS1
16,84136622,rs3785028,2.29e-43,MBTPS1
16,84340896,rs8051764,3.96e-09,WFDC1
16,84400850,rs8063863,1.68e-13,ATP2C2
16,84697706,rs873857,6.22e-19,KLHL36
16,84741343,rs3764286,1.29e-16,USP10
16,84774452,rs7498516,2.93e-111,USP10
16,84822854,rs17764993,5.56e-72,USP10
16,84857244,rs17111,1.72e-22,CRISPLD2
16,84861734,rs7204018,1.96e-84,CRISPLD2
16,84870034,rs1466716,5.42e-61,CRISPLD2
16,84884072,rs4782673,1.85e-50,CRISPLD2
16,84900737,rs4783092,1.45e-11,CRISPLD2
16,84917992,rs16974822,4.28e-83,CRISPLD2
16,84935002,rs2934471,5.32e-70,CRISPLD2
16,84941064,rs2646108,1.46e-78,CRISPLD2
16,84952943,rs16974931,0.8286,CRISPLD2
16,84962118,rs2646141,0.368038,CRISPLD2
16,84986291,rs4260045,2.47e-06,ZDHHC7
16,84987947,rs9941239,4.52e-227,ZDHHC7
16,85038065,rs7499539,0.968721,ZDHHC7
16,85195422,rs4589542,8.87e-33,LOC400548
16,85227748,rs4783146,1.97e-36,LOC400548
16,85237331,rs11644665,2.36e-34,LOC400548
16,85335735,rs2968426,1.01e-13,MIR5093
16,86018633,rs2280381,7.32e-14,IRF8
16,86093804,rs7206123,4.08e-13,LINC01082
16,86094005,rs6540248,0.00623688,LINC01082
16,86199184,rs276984,8.63e-11,LINC01082
16,86325095,rs7201739,7.19e-10,LOC146513
16,86376214,rs12923579,6.93e-40,LINC00917
16,86392449,rs1728415,7.78e-46,LINC00917
16,86417234,rs8054549,7.32e-102,LINC00917
16,86451996,rs1918826,3.04e-42,FENDRR
16,86537032,rs1169644,5.13e-35,FENDRR
16,86537060,rs1169645,1.4e-16,FENDRR
16,86561913,rs7204206,1.53e-36,MTHFSD
16,86608899,rs7199663,5.53e-16,FOXL1
16,86710660,rs10048146,1.57e-74,FOXL1
16,86713718,rs439485,4.69e-16,FOXL1
16,86718757,rs12919935,8.29e-90,FOXL1
16,86956356,rs8060776,3.12e-10,LOC101928708
16,87045502,rs12444869,4.32e-15,LOC101928708
16,87106123,rs16942624,3.35e-11,LOC101928708
16,87220220,rs9888933,1.25e-15,LOC101928708
16,87245611,rs7499129,1.02e-25,LOC101928708
16,87264385,rs4843578,2.1e-16,LOC101928708
16,87300960,rs17770752,1.55e-58,LOC101928682
16,87333583,rs13338715,1.8e-19,C16orf95
16,87434125,rs9308349,1.41e-12,MAP1LC3B
16,87445839,rs3748400,9.8e-32,ZCCHC14
16,87493737,rs11648852,1.42e-15,ZCCHC14
16,87564964,rs13335533,0.00023954,LOC101928737
16,87878219,rs11117305,2.3e-16,MIR6775
16,88079144,rs11641065,1.49e-11,BANP
16,88190298,rs1019560,0.00087153,LOC101928880
16,88282808,rs9923004,0.0580136,LOC101928880
16,88283703,rs12925118,3.36e-19,LOC101928880
16,88298124,rs12447690,9.77e-24,LOC101928880
16,88460899,rs9927563,9.68e-22,ZNF469
16,88664758,rs3887592,0.0143002,ZC3H18
16,88713236,rs4673,1.31e-77,CYBA
16,88775220,rs4238685,1.44e-111,CTU2
16,88781040,rs8059048,1.26e-43,PIEZO1
16,88806348,rs10775348,3.7e-250,LOC100289580
16,88819265,rs7404987,2.82e-25,LOC339059
16,88826778,rs4782509,3.4e-196,LOC339059
16,88844433,rs2968482,4.34e-172,PIEZO1
16,88846818,rs477203,1.06e-19,PIEZO1
16,88872836,rs3218726,2.93e-53,CDT1
16,88880480,rs1141390,4.1e-07,GALNS
16,88904086,rs3743544,2.15e-22,GALNS
16,89169205,rs4782456,4.52e-16,ACSF3
16,89260563,rs3785415,2.01e-33,CDH15
16,89261482,rs2270416,8.11e-05,CDH15
16,89293614,rs4785626,1.9e-20,ZNF778
16,89431603,rs3096309,5.09e-52,LOC100287036
16,89607414,rs2056309,6.98e-70,SPG7
16,89731185,rs166297,3.12e-85,SPATA33
16,89740609,rs2115401,2.88e-22,SPATA33
16,89755903,rs258322,9.64e-216,CDK10
16,89762410,rs1946482,2.42e-41,SPATA2L
16,89763681,rs8051433,0.616523,CDK10
16,89782989,rs7206570,1.2e-09,VPS9D1-AS1
16,89836323,rs7195066,0.00467206,ZNF276
16,89986144,rs1805008,2.97e-49,MC1R
17,401847,rs16952930,4.93e-14,VPS53
17,598240,rs410157,1.18e-13,VPS53
17,643426,rs2740351,1.25e-24,FAM57A
17,804010,rs2457278,4.96e-21,NXN
17,874596,rs13353187,1.37e-08,NXN
17,908795,rs3263,9.42e-20,ABR
17,947233,rs2120233,7.68e-11,MIR3183
17,1026163,rs17623512,1.75e-36,ABR
17,1294486,rs16945809,4.83e-23,YWHAE
17,1328381,rs6502670,2.22e-87,CRK
17,1352701,rs7208768,3.64e-57,CRK
17,1423566,rs15362,6.46e-23,PITPNA-AS1
17,1530897,rs5018812,3.93e-16,SLC43A2
17,1618135,rs4790812,1.71e-83,MIR22
17,1639458,rs11549259,3.63e-91,WDR81
17,1673276,rs1136287,7.95e-158,SERPINF1
17,1792174,rs2270412,4.44e-15,RPA1
17,1813900,rs744400,1.02e-62,RPA1
17,1844519,rs4239060,1.66e-19,RTN4RL1
17,1941048,rs12451788,2.19e-14,OVCA2
17,1994644,rs16951881,9.88e-53,SMG6
17,2031382,rs923862,0.424871,SMG6
17,2203025,rs1885987,2.1e-55,SMG6
17,2251059,rs7213791,0.948769,SGSM2
17,2265113,rs2429906,6.21e-10,SGSM2
17,2453908,rs4369716,8.35e-06,METTL16
17,2477695,rs35110958,5.48e-34,PAFAH1B1
17,2502386,rs8068673,0.773874,PAFAH1B1
17,2574821,rs12938775,1.36e-37,PAFAH1B1
17,2768225,rs9908991,4.37e-17,RAP1GAP2
17,2886091,rs17822257,1.28e-47,LOC101927911
17,2887954,rs17835167,3.13e-28,LOC101927911
17,3733847,rs1183148,5.69e-09,C17orf85
17,3916729,rs17175885,1.19e-25,ZZEF1
17,3961200,rs12938597,2.5e-36,ZZEF1
17,4807098,rs3966782,7.35e-25,CHRNE
17,4922165,rs7219945,1.52e-16,KIF1C
17,4937903,rs346823,9.45e-35,SLC52A1
17,5271804,rs7213832,1.67e-07,NUP88
17,5656024,rs11654973,1.44e-15,LOC339166
17,6369701,rs7220930,1.92e-05,PITPNM3
17,6481494,rs2165844,1.75e-47,KIAA0753
17,6493468,rs16955959,1.23e-10,KIAA0753
17,6520324,rs749096,4.7e-32,TXNDC17
17,6573964,rs218655,2.35e-05,ALOX15P1
17,6656774,rs1983180,2.17e-15,XAF1
17,6721182,rs12103615,4.32e-19,TEKT1
17,6819749,rs7211486,1.68e-10,ALOX12P2
17,6877688,rs311735,4.38e-15,LOC100506713
17,6904934,rs434473,6.17e-08,ALOX12
17,6913652,rs312462,2.86e-07,ALOX12
17,6913855,rs11571365,7.3e-08,ALOX12
17,6927350,rs312461,2.86e-26,BCL6B
17,6928746,rs9905693,1.38e-32,BCL6B
17,6932140,rs10521149,9.74e-54,BCL6B
17,7133162,rs222836,1.51e-12,DVL2
17,7175753,rs9907557,2.23e-12,CLDN7
17,7208197,rs4796398,2.57e-30,EIF5A
17,7254315,rs35985803,2.13e-15,ACAP1
17,7357864,rs7210231,0,CHRNB1
17,7370605,rs3853894,4.43e-42,ZBTB4
17,7458582,rs12937543,7.3e-11,TNFSF12
17,7459062,rs4968211,2.14e-34,TNFSF12
17,7481104,rs8066907,2.35e-06,SNORA67
17,7509144,rs2270339,0.00127475,SHBG
17,7514286,rs34416693,2.05e-05,SHBG
17,7533901,rs9913778,2.02e-92,SAT2
17,7534678,rs6258,3.5e-43,SHBG
17,7539866,rs1641544,1.26e-39,SHBG
17,7570316,rs17884512,2.13e-67,TP53
17,7578115,rs1625895,4.66e-75,TP53
17,7618604,rs11651917,3.6e-22,EFNB3
17,7758522,rs2270518,3.01e-28,TMEM88
17,7761926,rs3744252,2.35e-12,NAA38
17,7783125,rs4791889,3.45e-46,CHD3
17,8027593,rs3027279,3.02e-164,HES7
17,8068045,rs9899533,0.00020962,VAMP2
17,8091039,rs3027268,7.07e-13,C17orf59
17,8130867,rs3027247,2.46e-87,CTC1
17,8283734,rs6503110,3.43e-36,RPL26
17,8511359,rs17808354,1.31e-10,MYH10
17,8933343,rs7208515,1.41e-20,NTN1
17,8992232,rs4791775,4.54e-19,NTN1
17,9141323,rs3744656,6.52e-39,NTN1
17,9160130,rs17741292,8.32e-49,STX8
17,9237876,rs1962637,3.11e-07,STX8
17,9372442,rs2305924,1.92e-14,STX8
17,9384648,rs8081012,0.00016584,STX8
17,9793240,rs17681738,3.46e-16,GLP2R
17,9954620,rs8079564,1.2e-12,GAS7
17,10031090,rs12150284,1.57e-17,GAS7
17,10044114,rs2157696,2.01e-27,GAS7
17,10188293,rs4791972,1.84e-09,MYH13
17,10332045,rs8065382,2.26e-11,MYH8
17,11981078,rs11653406,6.98e-41,MIR744
17,13464187,rs3785697,1.21e-07,HS3ST3A1
17,13599313,rs11078176,9.57e-12,HS3ST3A1
17,13861547,rs11651178,2.37e-11,CDRT15P1
17,14013022,rs8064562,9.64e-09,COX10-AS1
17,15131345,rs1993614,1.39e-14,PMP22
17,15181526,rs10852830,7.06e-17,PMP22
17,15959537,rs11657857,0.00024725,NCOR1
17,16239832,rs11650283,4.09e-12,CENPV
17,16964246,rs6502558,7.75e-06,MPRIP
17,16978834,rs4078062,3.23e-17,MPRIP
17,17168164,rs3182911,3.05e-17,COPS3
17,17385990,rs1242515,1.36e-31,MED9
17,17448691,rs4646385,2.25e-47,PEMT
17,17947710,rs2955382,1.48e-45,GID4
17,18044270,rs854779,4.03e-79,MYO15A
17,18147239,rs28523978,2.64e-18,FLII
17,18263957,rs669340,7.15e-57,SHMT1
17,18753870,rs4924935,2.8e-10,PRPSAP2
17,19804247,rs397969,5.27e-07,AKAP10
17,21099745,rs735092,1.14e-38,TMEM11
17,21124723,rs8070133,9.32e-16,TMEM11
17,21147520,rs12449311,7.11e-43,C17orf103
17,21157703,rs6587128,7.26e-87,C17orf103
17,21190527,rs8074866,5.19e-66,MAP2K3
17,21283507,rs1317349,3.08e-197,KCNJ12
17,21284223,rs4640244,7.7e-256,KCNJ12
17,25642315,rs3751921,4.02e-103,WSB1
17,25723300,rs1319660,1.12e-36,TBC1D3P5
17,26519204,rs3182380,5.19e-26,NLK
17,26694861,rs704,4.65e-67,VTN
17,26709445,rs2269741,3.31e-09,SARM1
17,26871485,rs17724695,1.5e-62,UNC119
17,27044482,rs11545700,8.05e-46,NARR
17,27425793,rs12450936,2.55e-14,TIAF1
17,27732869,rs7213208,1.18e-08,TAOK1
17,27889986,rs542939,2.46e-213,ABHD15
17,27917771,rs3110496,1.03e-141,GIT1
17,27957545,rs11654523,1.07e-121,SSH2
17,28063275,rs2617881,7.56e-70,SSH2
17,28549898,rs6354,1.25e-11,SLC6A4
17,28568301,rs28437451,1.43e-05,SLC6A4
17,28720741,rs3794794,9.14e-06,CPD
17,28806294,rs17767418,1.19e-299,GOSR1
17,29019731,rs7209032,4.15e-108,SUZ12P1
17,29126951,rs6505211,0,CRLF3
17,29170718,rs11651858,0.840191,ATAD5
17,29247715,rs3760318,0,ADAP2
17,29386228,rs12939322,4.23e-20,MIR4733
17,29838277,rs882544,1.43e-110,MIR4724
17,29897264,rs223132,1.85e-14,MIR4725
17,29980558,rs770521,0.0779713,MIR365B
17,30021321,rs315499,5.71e-33,MIR365B
17,30224871,rs7222814,4.59e-31,UTP6
17,30239698,rs2028067,1.37e-169,UTP6
17,30572847,rs12940215,2.45e-15,RHOT1
17,30616893,rs301343,6.04e-27,RHBDL3
17,30862405,rs17806495,1.12e-11,MYO1D
17,30918182,rs8079280,5.54e-15,MYO1D
17,31140714,rs1362936,3.52e-12,MYO1D
17,31592750,rs17184364,9.24e-22,ASIC2
17,31618164,rs731601,2.71e-33,AA06
17,32899612,rs9909899,2.21e-19,C17orf102
17,32903299,rs4795007,2.23e-22,C17orf102
17,33565304,rs12939024,3.48e-10,SLFN5
17,34252537,rs2251660,1.36e-40,RDM1
17,34257637,rs2280786,2.45e-11,RDM1
17,34340284,rs1003645,6.59e-11,CCL23
17,35610981,rs2680392,5.07e-14,C17orf78
17,36022817,rs4074770,5.11e-12,DDX52
17,36615582,rs16965356,1.47e-12,ARHGAP23
17,36776836,rs41419444,1.3e-09,SRCIN1
17,36898393,rs4795311,1.21e-11,PCGF2
17,36912066,rs11656344,0.0696274,PSMB3
17,36922196,rs1043515,0,PIP4K2B
17,36980577,rs228257,0.00237291,CWC25
17,37068935,rs685098,3.55e-11,MIR6779
17,37125922,rs9914748,0.727487,FBXO47
17,37226399,rs12453656,3.06e-32,PLXDC1
17,37330010,rs17633541,9.41e-14,CACNB1
17,37715551,rs6503521,1.5e-95,CDK12
17,37932774,rs9901483,6.14e-19,IKZF3
17,38489170,rs2715554,1.04e-221,RARA-AS1
17,38592070,rs11867902,0.0032756,IGFBP4
17,38593294,rs2015561,0,IGFBP4
17,38610665,rs538399,1.82e-23,IGFBP4
17,38629215,rs8078319,0.00098542,TNS4
17,38633329,rs9915191,1.31e-12,TNS4
17,38671228,rs7219622,4.55e-21,TNS4
17,39286180,rs7219230,0.00042485,KRTAP4-12
17,39981248,rs1436441,3.59e-08,NT5C3B
17,40232214,rs1123363,1.18e-19,DHX58
17,40256498,rs2074159,1.33e-68,DHX58
17,40271757,rs730086,2.1e-74,KAT2A
17,40388430,rs12150495,1.01e-26,STAT5B
17,40542210,rs4796793,3.17e-56,STAT3
17,40822678,rs2277618,1.61e-25,PLEKHH3
17,40877902,rs11657684,6.99e-202,MIR6780A
17,41216341,rs8176255,7.64e-12,BRCA1
17,41470683,rs4793248,8.79e-17,LINC00910
17,41661590,rs9897859,2.93e-10,ETV4
17,41826839,rs2741856,8.18e-87,SOST
17,41827086,rs851059,4.45e-102,SOST
17,41887753,rs4793035,3.51e-43,MPP3
17,41978756,rs231492,0.00327662,MPP2
17,42223134,rs227579,2.76e-29,C17orf53
17,42278841,rs9303601,6.95e-06,ATXN7L3
17,42362507,rs9908717,1.65e-10,LOC101926996
17,42555485,rs9891016,8.44e-32,GPATCH8
17,42607368,rs11079199,3.71e-05,GPATCH8
17,42662099,rs8065132,3.53e-13,FZD2
17,42684673,rs8072790,8.21e-70,LINC01180
17,43121490,rs4792966,3.49e-21,DCAKD
17,43158902,rs916661,5.47e-97,NMT1
17,43215632,rs1542688,9.77e-18,ACBD4
17,43216281,rs4986172,5.05e-306,ACBD4
17,43289122,rs17630064,3.02e-44,FMNL1
17,43341359,rs11574836,0.0006465,MAP3K14
17,43739699,rs7214503,5.58e-15,CRHR1-IT1
17,43880159,rs16969853,1.48e-30,CRHR1
17,43893886,rs16940655,5.24e-19,CRHR1
17,44157597,rs17659881,9e-105,KANSL1
17,44250433,17:44250433_T_C,0.117522,KANSL1-AS1
17,44800046,rs7224296,1.93e-17,NSF
17,44808360,rs35937770,6.12e-47,NSF
17,44889703,rs3916033,7.5e-41,WNT3
17,44925491,rs7212246,4.93e-106,WNT9B
17,44981466,rs1638446,1.81e-43,GOSR2
17,44990284,rs197914,1.22e-10,GOSR2
17,45267985,rs11570441,0.00741196,CDC27
17,45720849,rs4794001,3.84e-161,KPNB1
17,46049533,rs17617010,1.19e-45,CDK5RAP3
17,46099035,rs12452989,2.69e-18,COPZ2
17,46123642,rs9895554,6.51e-185,NFE2L1
17,46123983,rs41457949,2.27e-13,NFE2L1
17,46134798,rs2229368,1.2e-24,NFE2L1
17,46215110,rs41336845,6.39e-220,SKAP1
17,46566890,rs17703636,0.00304947,LOC101927166
17,46664608,rs2740752,4.16e-16,HOXB-AS3
17,46667304,rs4793944,4.73e-98,HOXB-AS3
17,46727289,rs7212669,3.17e-41,MIR196A1
17,46827590,rs3110601,5.18e-17,TTLL6
17,46926615,rs550510,7.07e-95,CALCOCO2
17,46974734,rs318095,0,ATP5G1
17,47072261,rs11650936,2.08e-11,IGF2BP1
17,47077648,rs1495274,0.00069561,IGF2BP1
17,47128247,rs2969,1.32e-163,IGF2BP1
17,47157428,rs11656250,2.05e-14,IGF2BP1
17,47234117,rs2293217,0.00407349,B4GALNT2
17,47283499,rs4793612,1.58e-35,GNGT2
17,47392718,rs4794040,0.233067,ZNF652
17,47402807,rs12940887,4.55e-301,LOC102724596
17,47730006,rs12937072,0.879837,SPOP
17,47891904,rs755736,2.97e-30,KAT7
17,47980813,rs11651236,2.02e-06,FLJ45513
17,48188755,rs1053102,2e-16,PDK2
17,48334947,rs2049675,6.19e-12,TMEM92
17,48351018,rs2250422,9.28e-17,TMEM92
17,48358622,rs9903413,7.22e-15,TMEM92
17,48416268,rs2586473,1.26e-33,XYLT2
17,48633271,rs878619,1.29e-39,SPATA20
17,48682923,rs4794170,1.14e-12,CACNA1G
17,48885762,rs4794187,8.1e-35,WFIKKN2
17,48963989,rs7209223,4.18e-26,TOB1-AS1
17,49230552,rs3760469,3.31e-33,NME1-NME2
17,49244747,rs4605213,1.61e-98,NME2
17,49578622,rs4398143,0.855279,CA10
17,49600759,rs4427850,4.96e-36,CA10
17,49730748,rs9899154,3.3e-11,CA10
17,49856845,rs1526189,5.25e-20,CA10
17,49889215,rs7207931,5.85e-11,CA10
17,49910197,rs7214296,1.07e-18,CA10
17,49918971,rs7219047,1.66e-12,CA10
17,50070764,rs1392934,4.18e-09,CA10
17,50384098,rs6504769,2.2e-32,CA10
17,50772884,rs1343951,4.93e-08,C17orf112
17,51344285,rs16953054,9.26e-09,C17orf112
17,51516940,rs7212788,1.21e-09,KIF2B
17,51872301,rs12941859,1e-07,KIF2B
17,52259041,rs9905887,3.08e-12,KIF2B
17,52945174,rs2934901,1.38e-21,TOM1L1
17,52965954,rs7220653,5.84e-19,TOM1L1
17,53187496,rs2787508,1.38e-40,STXBP4
17,53335828,rs1477143,5.45e-39,HLF
17,53364788,rs7224610,6.02e-23,HLF
17,53434046,rs7207114,3.07e-10,HLF
17,53847145,rs2960066,8.08e-24,PCTP
17,54054525,rs17758761,7.38e-17,ANKFN1
17,54118537,rs10515122,0.848071,ANKFN1
17,54123973,rs2060070,4.33e-19,ANKFN1
17,54177821,rs9303382,9.18e-112,ANKFN1
17,54276856,rs9911321,1.13e-16,ANKFN1
17,54393570,rs17820115,2.66e-24,ANKFN1
17,54408083,rs9303385,3.83e-50,ANKFN1
17,54503821,rs9892439,1.31e-24,ANKFN1
17,54514805,rs7211753,6.77e-43,ANKFN1
17,54565703,rs12449510,8.44e-93,ANKFN1
17,54575234,rs1372855,1.42e-41,ANKFN1
17,54589398,rs16957335,1.3e-14,ANKFN1
17,54596226,rs12450049,1.77e-54,ANKFN1
17,54612445,rs10515131,4.54e-33,ANKFN1
17,54614661,rs7207006,5.51e-11,ANKFN1
17,54696955,rs6505064,4.59e-12,NOG
17,54707917,rs12939240,1.02e-35,NOG
17,54725231,rs7212632,2.66e-108,NOG
17,54740204,rs4793823,0.334927,NOG
17,54752709,rs227756,0,NOG
17,54787217,rs227705,1.89e-250,C17orf67
17,54820261,rs3914804,4.21e-30,C17orf67
17,54826227,rs17760519,2.55e-10,C17orf67
17,54843492,rs17820808,9.54e-26,C17orf67
17,54888352,rs11658180,0,C17orf67
17,54965932,rs7615,0.0803566,TRIM25
17,55193152,rs17833741,2.01e-11,AKAP1
17,55230628,rs17833789,3.59e-16,AKAP1
17,55271837,rs7218695,1.18e-13,MSI2
17,55297176,rs7211058,1.23e-40,MSI2
17,55346738,rs16958155,1.27e-12,MSI2
17,55430539,rs792383,3e-13,MSI2
17,55435013,rs792379,5.74e-21,MSI2
17,55560015,rs277070,9.11e-16,LOC101927557
17,55651315,rs888117,0.00014684,LOC101927539
17,55690702,rs11079312,8.58e-09,LOC101927539
17,55751112,rs2240601,2.05e-14,MSI2
17,55758646,rs703862,5.38e-52,MSI2
17,55779644,rs740441,1.85e-34,MSI2
17,55925623,rs12946607,2.1e-07,MRPS23
17,55990100,rs9896664,8.41e-14,CUEDC1
17,56040311,rs11654395,9.44e-19,CUEDC1
17,56083934,rs2233911,8.99e-16,SRSF1
17,56140239,rs16942629,2.03e-08,LOC101927666
17,56188586,rs181222,1.16e-32,DYNLL2
17,56604811,rs740605,1.5e-57,2004-09-01 00:00:00
17,57130427,rs7224809,3.12e-16,TRIM37
17,57219300,rs9303403,7.32e-42,MIR454
17,57713280,rs9891822,2.25e-27,CLTC
17,57963537,rs1292053,2.54e-17,TUBD1
17,58275994,rs9891296,2.83e-06,USP32
17,58641118,rs1197062,3.9e-10,PPM1D
17,59005591,rs9894263,6.9e-06,BCAS3
17,59046936,rs7209204,7.74e-26,BCAS3
17,59322919,rs9908090,3.1e-06,BCAS3
17,59360248,rs9915205,2.47e-15,BCAS3
17,59450441,rs9905274,6.28e-63,BCAS3
17,59464069,rs9889520,0,BCAS3
17,59497277,rs757608,0,C17orf82
17,59563248,rs744651,8.94e-10,TBX4
17,59574598,rs1069,8.77e-158,TBX4
17,59612041,rs8071653,1.15e-304,TBX4
17,59644565,rs10515201,0.0414247,NACA2
17,59655739,rs6504057,3.69e-84,NACA2
17,59975372,rs8081917,7.44e-34,INTS2
17,60472218,rs10853040,1.3e-30,EFCAB3
17,60485399,rs8074566,2.63e-24,EFCAB3
17,60621477,rs2443112,0.130083,TLK2
17,60630599,rs2032737,5.94e-112,TLK2
17,60636826,rs11657101,1.62e-122,TLK2
17,60691690,rs17629087,5.98e-28,TLK2
17,60741917,rs2014055,0.00754004,MRC2
17,60768846,rs2460290,0.00044322,MRC2
17,60858059,rs3901444,0.00853286,2010-03-01 00:00:00
17,60868408,rs11867290,1.33e-15,2010-03-01 00:00:00
17,60916262,rs6504130,1.11e-45,2010-03-01 00:00:00
17,60991305,rs16946625,1.32e-23,TANC2
17,61245601,rs6504154,5.82e-05,MIR548W
17,61484505,rs7211831,1.35e-18,TANC2
17,61500990,rs28369023,2.87e-14,TANC2
17,61566031,rs4343,1.9e-24,ACE
17,61582892,rs8075924,6.1e-121,ACE
17,61634538,rs9906924,1.04e-272,DCAF7
17,61704147,rs7220821,0,MAP3K3
17,61722142,rs12940055,4.85e-159,MAP3K3
17,61821892,rs9898055,7.99e-115,CCDC47
17,62003810,rs7209608,1.03e-20,CD79B
17,62008437,rs2003549,0,CD79B
17,62051110,rs3760237,9.08e-150,SCN4A
17,62067353,rs11653059,2.5e-45,PRR29
17,62206438,rs3088093,0.83882,ERN1
17,62342563,rs756277,1.37e-34,TEX2
17,62502435,rs1991401,5.41e-55,DDX5
17,62659889,rs7223733,7.91e-122,SMURF2
17,62665006,rs6416940,3.49e-08,SMURF2
17,62705738,rs2676289,8.72e-66,LOC146880
17,63002382,rs12939956,2.62e-12,GNA13
17,63123592,rs986090,8.26e-10,RGS9
17,63191530,rs8072603,0.0507679,RGS9
17,63247866,rs12150224,4.6e-25,RGS9
17,63332955,rs8076425,0.518349,RGS9
17,63342588,rs17746801,6.96e-37,RGS9
17,63531331,rs4128941,0.00011793,AXIN2
17,63554591,rs2240308,2.24e-115,AXIN2
17,63561592,rs757558,5.72e-185,AXIN2
17,63568658,rs11870386,8.27e-16,AXIN2
17,63575552,rs11651467,1.23e-50,AXIN2
17,63732197,rs4791136,2.82e-10,CEP112
17,63755946,rs9915838,6.15e-18,CEP112
17,63774461,rs1833347,2.24e-56,CEP112
17,64053798,rs1443275,0.0425496,CEP112
17,64210580,rs1801689,1.27e-58,APOH
17,64301363,rs17633401,2.42e-126,PRKCA
17,64305161,rs9901804,2.48e-43,PRKCA
17,64600199,rs17759410,1.73e-41,MIR634
17,64687446,rs1010544,1.22e-29,MIR634
17,65060270,rs7212075,5.53e-47,HELZ
17,65488061,rs2916138,4.17e-28,PITPNC1
17,65641651,rs2706710,1.24e-08,PITPNC1
17,65696637,rs4791241,2.63e-19,PITPNC1
17,65940727,rs6504555,7.3e-142,BPTF
17,66284635,rs965991,4.33e-136,SLC16A6
17,66311332,rs758152,1.37e-12,SLC16A6
17,66349492,rs7208386,2.03e-07,PRKAR1A
17,66387861,rs16972924,1.36e-19,PRKAR1A
17,66447073,rs2302783,1.15e-41,WIPI1
17,66540810,rs2952317,4.94e-30,PRKAR1A
17,66575761,rs11654879,3.17e-12,FAM20A
17,66578223,rs3815357,3.32e-10,FAM20A
17,66901366,rs1373067,1.23e-11,ABCA8
17,67109833,rs9282554,1.81e-25,MIR4524B
17,67188576,rs8070232,6.43e-18,ABCA10
17,67267317,rs557491,2.97e-21,ABCA10
17,67339415,rs482524,3.75e-21,ABCA5
17,67413484,rs817545,8.12e-70,MAP2K6
17,67499717,rs2521348,9.68e-117,MAP2K6
17,67596041,rs7209856,0.0104893,LOC101928122
17,67615664,rs2158039,4.53e-13,LOC101928122
17,67815529,rs8064482,1.1e-37,LOC101928122
17,67891380,rs10512532,1.67e-71,LOC101928122
17,67957712,rs180068,3.2e-24,LOC102723487
17,68090207,rs11867479,3.51e-215,KCNJ16
17,68172326,rs173135,1.75e-183,KCNJ2
17,68212642,rs236523,7.52e-55,KCNJ2
17,68508992,rs173269,3.77e-12,KCNJ2
17,68676243,rs9904530,4.14e-93,CASC17
17,68850502,rs10512550,2.64e-19,CASC17
17,68918181,rs1034841,0.589859,CASC17
17,68930839,rs9904253,1.17e-34,CASC17
17,68996451,rs8080412,5.61e-11,CASC17
17,69018993,rs7215208,1.57e-05,CASC17
17,69086110,rs2108533,3.59e-15,CASC17
17,69173098,rs6501447,7.91e-67,CASC17
17,69264844,rs724856,0.00064028,CASC17
17,69326970,rs7218385,1.39e-57,CASC17
17,69399306,rs917343,1.99e-29,CASC17
17,69414867,rs2190714,1.54e-54,CASC17
17,69476861,rs17766767,1.21e-20,CASC17
17,69717302,rs2429939,4.06e-05,LOC102723505
17,69831434,rs7217914,4.41e-36,LOC102723505
17,69923355,rs10083886,4.27e-194,LOC102723505
17,69961830,rs34401126,8.74e-179,LOC102723505
17,70012436,rs12600441,5.29e-76,LOC102723505
17,70043418,rs17767924,3.23e-63,LINC01152
17,70066312,rs8077585,3.34e-48,SOX9-AS1
17,70097607,rs9894720,0.00039889,LOC101928205
17,70342488,rs12936629,1.89e-06,LINC00673
17,70471399,rs1177981,7.2e-16,LINC00673
17,70521595,rs6501551,7.45e-14,LINC00673
17,71023489,rs8080801,3.02e-24,SLC39A11
17,71123063,rs7216472,4.67e-75,SLC39A11
17,71151353,rs1037257,3.4e-74,SSTR2
17,71164376,rs1037261,5.83e-46,SSTR2
17,71335260,rs3816995,9.11e-09,SDK2
17,71642057,rs4789244,1.59e-12,SDK2
17,72241192,rs4789047,2.92e-12,TTYH2
17,72355038,rs3760198,6.64e-11,BTBD17
17,72377518,rs16978015,6.7e-12,GPR142
17,72981775,rs10852758,1.08e-05,CDR2L
17,73028752,rs4789127,1.4e-15,KCTD2
17,73128586,rs12453556,3.29e-28,NT5C
17,73397871,rs4789188,2.04e-173,GRB2
17,73562438,rs1671022,3.98e-05,LLGL2
17,73681326,rs820225,4.21e-22,SAP30BP
17,73767437,rs4485425,3.23e-11,H3F3B
17,74142222,rs2598426,1.06e-37,RNF157
17,74434003,rs1000821,2.39e-15,UBE2O
17,74945843,rs11657635,3.93e-10,MGAT5B
17,75316880,rs1436138,2.49e-27,2009-09-01 00:00:00
17,75382251,rs2002573,7.26e-63,MIR4316
17,75419535,rs11655686,5.47e-32,MIR4316
17,75551667,rs2304925,2.43e-06,LOC100507351
17,75735417,rs9889546,9.94e-17,LOC100132174
17,75870952,rs17550443,1.23e-45,FLJ45079
17,75876713,rs894546,5.51e-15,FLJ45079
17,75961513,rs16970689,3.03e-18,TNRC6C
17,76066906,rs3764379,3.47e-12,TNRC6C-AS1
17,76158527,rs9909570,2.4e-75,C17orf99
17,76167393,rs4789546,1.21e-42,SYNGR2
17,76233906,rs1109627,7.17e-30,TMEM235
17,76320129,rs7213427,1e-26,SOCS3
17,76326540,rs16971055,4.59e-14,SOCS3
17,76395634,rs2292641,9.41e-67,PGS1
17,76404655,rs11871028,8.48e-15,DNAH17
17,76792179,rs1044486,6.53e-145,USP36
17,76852828,rs1384364,4.52e-38,TIMP2
17,76913843,rs8066695,2.47e-66,TIMP2
17,76948591,rs4789915,7.24e-17,LGALS3BP
17,76964309,rs4789907,1.33e-12,LGALS3BP
17,77030577,rs7213410,0.0495998,C1QTNF1-AS1
17,77045508,rs15538,1.42e-28,C1QTNF1
17,77754073,rs3751955,4.78e-10,CBX2
17,77777125,rs12946718,1.34e-48,CBX8
17,77953453,rs4441315,1.46e-11,TBC1D16
17,78023722,rs2289531,1.19e-14,CCDC40
17,78074446,rs3816257,1.83e-24,CCDC40
17,78300546,rs7501563,7.2e-06,LOC100294362
17,78670903,rs9911171,3.75e-12,LOC101928855
17,79047113,rs8072172,0.389526,BAIAP2
17,79060180,rs7210438,0.313597,AATK
17,79074817,rs4075483,4.78e-129,AATK
17,79104762,rs8073182,2.05e-25,MIR1250
17,79192430,rs2725391,9.58e-15,CEP131
17,79254903,rs7212762,0.0434916,SLC38A10
17,79375998,rs1701,1.11e-43,MIR4740
17,79397771,rs11150786,3.37e-36,MIR3186
17,79429358,rs9902119,3.44e-49,BAHCC1
17,79507272,rs12675,1.5e-19,C17orf70
17,79898644,rs2293098,4.44e-59,MYADML2
17,79978823,rs4432307,7.5e-141,STRA13
17,79982477,rs11659000,0.00388036,LRRC45
17,80062698,rs7222764,4.24e-88,CCDC57
17,80146185,rs7406116,3.77e-11,CCDC57
17,80509676,rs10852797,8.82e-05,FOXK2
17,80533079,rs4789799,9.63e-80,FOXK2
17,80694826,rs8067360,6.94e-57,FN3K
17,80899349,rs2292969,2.21e-10,TBCD
17,81036344,rs9675039,6.31e-12,METRNL
18,161240,rs16944691,7.04e-16,USP14
18,220071,rs8087639,7.17e-54,THOC1
18,247834,rs16976866,7.47e-50,THOC1
18,260504,rs655983,9.97e-79,THOC1
18,319446,rs10660,8.61e-30,COLEC12
18,331827,rs9947291,1.53e-27,COLEC12
18,339727,rs1977932,2.97e-19,COLEC12
18,362199,rs618671,3.74e-38,COLEC12
18,415105,rs722725,1.77e-26,COLEC12
18,424115,rs11659154,2.25e-21,COLEC12
18,469797,rs2846666,0.983888,COLEC12
18,932779,rs4797355,4.05e-10,ADCYAP1
18,1668545,rs1020637,5.17e-13,LINC00470
18,2436748,rs2346628,2.54e-14,METTL4
18,2712629,rs1561819,3.38e-87,SMCHD1
18,2778382,rs17552342,0.158807,SMCHD1
18,3252924,rs717183,2.38e-20,MYL12A
18,3673310,rs1079065,2.36e-14,DLGAP1-AS2
18,3817522,rs3862173,4.87e-55,DLGAP1-AS3
18,3995794,rs9956420,5.17e-09,DLGAP1-AS4
18,5181341,rs2007840,8.87e-36,C18orf42
18,5237867,rs7244505,1.63e-24,LINC00526
18,5292983,rs9952350,0.0292388,ZBTB14
18,5436851,rs9963430,2.43e-13,EPB41L3
18,5618404,rs2140948,6.8e-14,EPB41L3
18,6105967,rs16949431,7.66e-09,LOC101927150
18,7252738,rs4355009,5.38e-10,LRRC30
18,7391208,rs1941155,2.85e-07,LRRC30
18,7556208,rs1624841,2.46e-47,PTPRM
18,7597771,rs9954075,3.52e-31,PTPRM
18,7747873,rs4798592,9.43e-08,PTPRM
18,8816973,rs8092820,9.33e-08,MTCL1
18,8913052,rs1481034,7.02e-08,MTCL1
18,9456965,rs7231518,2.41e-12,RALBP1
18,9643749,rs683278,4.88e-10,LOC101927323
18,9842683,rs583059,3.17e-08,RAB31
18,10247425,rs7244187,5.09e-12,LINC01254
18,10349789,rs9959798,2.48e-14,LINC01254
18,10408631,rs10502396,3.14e-10,LINC01254
18,10455680,rs6505558,2.32e-20,APCDD1
18,10479480,rs647254,5.45e-09,APCDD1
18,10680163,rs487037,1.02e-09,PIEZO2
18,10712694,rs2298745,2.15e-08,PIEZO2
18,10933523,rs7242838,4.53e-16,PIEZO2
18,11974688,rs1787989,1.46e-58,IMPA2
18,12551818,rs12457026,2.11e-25,SPIRE1
18,12647240,rs1592641,0.525781,SPIRE1
18,12787247,rs2542157,1.58e-17,PTPN2
18,12986440,rs3602,4.46e-52,SEH1L
18,13116432,rs1786263,4.63e-85,CEP192
18,13281865,rs4797757,7.28e-18,LDLRAD4
18,13462898,rs7228903,7.98e-25,MIR5190
18,13467275,rs4797778,3e-34,MIR5190
18,13868945,rs12457200,4.64e-10,MC2R
18,18877014,rs4377239,2.14e-37,GREB1L
18,19153494,rs973730,0.00050996,ESCO1
18,19848863,rs4800380,7.63e-07,GATA6
18,20037597,rs3813127,2.54e-13,CTAGE1
18,20108500,rs638121,3.71e-13,CTAGE1
18,20216247,rs11876485,0.0765283,LOC101927571
18,20413586,rs10163603,2.22e-56,LOC101927571
18,20646281,rs10853489,1.33e-259,RBBP8
18,20664430,rs9807753,0,CABLES1
18,20718818,rs9962540,3.83e-11,CABLES1
18,20735461,rs4308051,0,CABLES1
18,20783723,rs11875837,1.22e-303,CABLES1
18,20889611,rs17259154,4.6e-09,TMEM241
18,20940588,rs2878879,0.916501,TMEM241
18,21109466,rs1652376,4.88e-173,NPC1
18,21365991,rs11662490,1.13e-105,LAMA3
18,21587322,rs9964798,2.78e-10,LOC102724246
18,22388399,rs9959791,1.09e-17,LOC729950
18,22493526,rs12608161,3.04e-14,ZNF521
18,22587183,rs8090665,0.0017164,ZNF521
18,22632927,rs9963409,1.5e-17,ZNF521
18,22691083,rs7226381,0.446424,ZNF521
18,22722077,rs4519409,1.01e-118,ZNF521
18,22754860,rs4302125,3.21e-79,ZNF521
18,22812508,rs4133168,2.18e-135,ZNF521
18,22860734,rs7234082,0.00267743,ZNF521
18,22904614,rs4380121,7.68e-14,ZNF521
18,22928873,rs6508365,9.85e-05,ZNF521
18,22955681,rs4800631,1.06e-15,ZNF521
18,23590203,rs2959356,6.79e-39,SS18
18,23718609,rs9304491,6.15e-65,PSMA8
18,23960490,rs1676981,0.0702384,TAF4B
18,24119079,rs7235906,6.3e-11,MIR8057
18,24234510,rs1370905,2.35e-51,KCTD1
18,24459700,rs16942904,6.47e-12,AQP4
18,24500399,rs12970341,6.4e-15,CHST9
18,25677244,rs17446505,4.44e-11,CDH2
18,26020030,rs7239910,4.58e-12,CDH2
18,26298232,rs356874,1.08e-09,CDH2
18,27368785,rs9951431,1.88e-08,MIR302F
18,29422498,rs11660557,8.66e-06,TRAPPC8
18,29674992,rs4799327,2.05e-28,RNF138
18,29795101,rs233223,2.73e-30,MEP1B
18,29963308,rs17805953,4.11e-09,GAREM
18,30045494,rs12604660,9.28e-30,GAREM
18,30741527,rs968668,3.06e-19,CCDC178
18,31048530,rs4799346,1.15e-17,CCDC178
18,31276884,rs4799713,1.5e-11,ASXL3
18,31388438,rs9958421,0.00027235,NOL4
18,31524913,rs1470829,1.68e-07,NOL4
18,31615885,rs9952815,7.49e-25,NOL4
18,31953477,rs12956409,5.44e-05,DTNA
18,32316174,rs10502634,2.22e-11,DTNA
18,32950056,rs8096611,4.11e-40,ZNF396
18,33048554,rs3088182,1.52e-130,INO80C
18,33152792,rs7241221,1.23e-35,MIR3975
18,33229618,rs556736,4.57e-68,GALNT1
18,33866918,rs522997,1.56e-28,FHOD3
18,33873415,rs4799863,6.2e-21,FHOD3
18,34026369,rs7245178,3.05e-18,FHOD3
18,34037553,rs7238168,2.58e-18,FHOD3
18,34119047,rs1390430,4.48e-27,TPGS2
18,34425204,rs9949083,4.27e-23,TPGS2
18,35152563,rs11665070,1.09e-22,CELF4
18,35949457,rs1789783,1.04e-09,MIR4318
18,36017573,rs1944395,7.03e-06,LINC00669
18,36738196,rs4570936,2.12e-18,LINC00669
18,37331298,rs1513680,7.93e-14,LINC00669
18,38037584,rs17717902,0.00023722,LOC101927900
18,38270198,rs325369,7.42e-09,LOC101927900
18,39274175,rs11082245,4.74e-10,KC6
18,40705900,rs1518166,1.04e-08,RIT2
18,41463964,rs2045669,8.16e-52,LOC101927921
18,41734199,rs603354,1.17e-54,LOC101927921
18,41903122,rs1318835,1.24e-40,LOC101927921
18,41956320,rs2198853,3.59e-52,LOC101927921
18,42164823,rs16978104,3.08e-41,LOC101927921
18,42276988,rs2852780,1.37e-24,SETBP1
18,42317790,rs11082403,1.88e-15,SETBP1
18,42516258,rs12604120,9.77e-18,MIR4319
18,42598792,rs17795516,2.19e-19,MIR4319
18,42655588,rs7227395,1.07e-18,SETBP1
18,42713217,rs4890521,7.01e-19,SETBP1
18,42902001,rs7237237,3.89e-25,SLC14A2
18,43014134,rs1345492,1.29e-32,FLJ44087
18,44341576,rs17707231,0.0902377,ST8SIA5
18,44677627,rs3809966,1.15e-30,HDHD2
18,44793532,rs2684853,2.67e-91,SKOR2
18,45314528,rs2653657,8.94e-24,SMAD2
18,45574640,rs10460075,7.12e-34,ZBTB7C
18,45606142,rs7504329,1.36e-30,ZBTB7C
18,45749905,rs8084060,1.57e-06,ZBTB7C
18,45753742,rs8091287,1.85e-28,ZBTB7C
18,45852017,rs12953402,0.0130243,ZBTB7C
18,45892913,rs11664552,3.58e-92,CTIF
18,45901704,rs8090395,8.56e-40,CTIF
18,45937817,rs1011076,1.34e-38,CTIF
18,46247143,rs10775487,2.83e-16,MIR4743
18,46276506,rs6507866,6.32e-40,MIR4743
18,46277226,rs16949934,1.55e-97,MIR4743
18,46324099,rs11662818,2.52e-21,CTIF
18,46370055,rs4939820,1.61e-30,CTIF
18,46446589,rs16950113,2.79e-16,SMAD7
18,46453929,rs12953717,6.02e-32,SMAD7
18,46468251,rs1873191,3.08e-45,SMAD7
18,46501070,rs12968652,8.92e-172,SMAD7
18,46523950,rs8097888,7.02e-14,DYM
18,46528065,rs736839,1.04e-88,DYM
18,46559879,rs357909,0,DYM
18,46570872,rs895670,1.19e-75,DYM
18,46589624,rs3764483,1.19e-24,MIR4744
18,46596847,rs1288796,0,MIR4744
18,46620210,rs1295494,0.00013798,MIR4744
18,46640782,rs8097746,0,MIR4744
18,46709454,rs9954569,1.22e-279,MIR4744
18,46723233,rs6507889,7.16e-17,MIR4744
18,47118923,rs3786247,0.297357,LIPG
18,47131888,rs9954688,0.658643,LIPG
18,47735555,rs9949668,1.52e-07,MYO5B
18,47782149,rs8085254,2.04e-19,CCDC11
18,48161483,rs2118369,7.26e-06,MAPK4
18,48397801,rs2665572,6.82e-28,ME2
18,48697811,rs2155957,2.17e-22,MEX3C
18,49291961,rs323092,9.71e-07,LOC100287225
18,49462728,rs7237800,5.59e-08,LOC100287225
18,49485447,rs2339279,3.09e-06,DCC
18,49901564,rs3910783,6.89e-10,DCC
18,50222796,rs7236766,6.79e-05,DCC
18,50967252,rs8090945,5.62e-40,DCC
18,51548455,rs16957695,1.43e-21,MBD2
18,51901865,rs8088446,0.00364654,C18orf54
18,52495324,rs3764512,3.87e-12,RAB27B
18,52886436,rs1788014,0.156723,TCF4
18,53059748,rs12607679,3.14e-36,MIR4529
18,53141537,rs17596267,1.12e-14,MIR4529
18,53159541,rs2060889,2.76e-77,MIR4529
18,53713154,rs17733672,7.3e-17,LOC100505474
18,53834910,rs8086862,9.04e-19,LOC100505474
18,53875290,rs917712,4.8e-14,LOC100505474
18,53966763,rs10782046,1.05e-44,LOC100505474
18,54714844,rs930344,3.61e-15,LINC-ROR
18,54934078,rs9954346,1.14e-06,ST8SIA3
18,54977254,rs1943391,0.00061384,ST8SIA3
18,55021725,rs3745060,2.16e-48,ST8SIA3
18,55238820,rs2272783,9.37e-12,FECH
18,55678311,rs10469132,3.57e-07,NEDD4L
18,55800229,rs4941333,1.2e-10,NEDD4L
18,56041656,rs1864921,2.45e-13,NEDD4L
18,56216965,rs12150756,1.61e-21,ALPK2
18,56541089,rs17834282,3.66e-42,ZNF532
18,56543957,rs12969520,5.34e-17,ZNF532
18,56641867,rs7244106,0.0317364,ZNF532
18,56680583,rs4940783,4.54e-17,OACYLP
18,56876563,rs7230581,3.16e-20,GRP
18,56940307,rs2271733,8.09e-37,RAX
18,57008080,rs12965234,7.31e-18,LMAN1
18,57040635,rs12326471,1.93e-47,LMAN1
18,57052843,rs11662962,5.13e-48,LMAN1
18,57070378,rs10503027,0.0612598,CCBE1
18,57177575,rs11152156,4.5e-08,CCBE1
18,57705339,rs1942922,1.77e-17,PMAIP1
18,57760766,rs9948303,6.36e-41,PMAIP1
18,57811982,rs17700144,0,MC4R
18,57829807,rs651151,2.85e-13,MC4R
18,57835365,rs1673518,2.54e-182,MC4R
18,57934167,rs9946888,3.43e-49,MC4R
18,58049192,rs11873305,2.73e-27,MC4R
18,58874142,rs154894,6.65e-11,CDH20
18,60006978,rs8086340,0.0006062,TNFRSF11A
18,60054857,rs884205,4.86e-28,TNFRSF11A
18,60167137,rs11152347,1.24e-10,ZCCHC2
18,60224279,rs2048793,3.04e-08,ZCCHC2
18,60793549,rs4987855,3.42e-25,BCL2
18,60793921,rs4987852,2.82e-12,BCL2
18,60845884,rs12454712,1.08e-15,BCL2
18,60905921,rs8083946,1e-12,BCL2
18,60990022,rs2551402,8.49e-33,BCL2
18,61016665,rs3786327,3.76e-31,KDSR
18,61046267,rs9946122,0.00721783,VPS4B
18,63448256,rs8095715,2.53e-09,CDH7
18,65238912,rs12967353,1.22e-09,DSEL
18,66347050,rs309207,2.48e-08,TMX3
18,66519755,rs5022262,1.93e-10,CCDC102B
18,67531642,rs763361,1.99e-10,CD226
18,71076523,rs6566728,8.44e-10,LOC100505817
18,71930758,rs2032263,1.33e-23,CYB5A
18,72142598,rs7240571,1.32e-20,FAM69C
18,72180541,rs17816304,3.19e-09,CNDP2
18,73089996,rs10514167,1.07e-11,SMIM21
18,73519559,rs1460272,5.9e-09,LOC339298
18,73692820,rs961560,1.67e-11,LOC339298
18,73751562,rs990826,4.38e-19,LOC339298
18,74075239,rs41506447,1.46e-23,ZNF516
18,74119969,rs689902,2.98e-05,ZNF516
18,74137519,rs17059354,1e-08,ZNF516
18,74201771,rs2897347,3.47e-41,ZNF516
18,74330672,rs937898,6.14e-17,LINC00683
18,74540433,rs4890829,1.35e-18,ZNF236
18,74680756,rs470795,9.61e-12,ZNF236
18,74983055,rs8097893,4.74e-126,GALR1
18,75197826,rs7243463,9.6e-24,GALR1
18,75283502,rs2032277,9.91e-19,GALR1
18,75454829,rs12964643,3.45e-22,LINC01029
18,75683465,rs11151097,8.05e-10,LINC01029
18,75902735,rs11081529,1.88e-09,LINC01029
18,76181489,rs11877617,9.23e-13,LINC01029
18,76355084,rs7231100,5.78e-10,SALL3
18,77013918,rs2067534,1.6e-25,ATP9B
18,77158225,rs549752,4.84e-21,NFATC1
18,77173979,rs2002311,1.04e-106,NFATC1
18,77211175,rs2290154,1.19e-268,NFATC1
18,77232709,rs160189,2.5e-174,NFATC1
18,77241207,rs3786204,1.27e-65,NFATC1
18,77291418,rs183374,0.904933,NFATC1
18,77386780,rs8087444,3.32e-17,CTDP1
18,77686407,rs891486,1.33e-05,PQLC1
18,77896242,rs3826595,2.17e-09,ADNP2
19,352341,rs2044406,3.28e-10,MIER2
19,418178,rs10426188,5.72e-17,SHC2
19,588305,rs873634,1.82e-15,HCN2
19,647039,rs2074460,1.79e-13,RNF126
19,683719,rs2057714,5.69e-08,FSTL3
19,814907,rs1540615,7.63e-16,MIR3187
19,945013,rs2238573,3.04e-08,ARID3A
19,960445,rs1637995,7.25e-15,ARID3A
19,995943,rs7248806,1.95e-11,WDR18
19,1027797,rs7253254,2.32e-41,CNN2
19,1030766,rs10419072,0.0522931,CNN2
19,1039444,rs3795065,9.4e-33,CNN2
19,1124835,rs740495,1.28e-53,SBNO2
19,1135485,rs11880562,2.24e-51,SBNO2
19,1163934,rs10853952,1.01e-67,SBNO2
19,1268994,rs12980707,1.9e-12,CIRBP
19,1384690,rs2332496,5.41e-21,NDUFS7
19,1413574,rs3786978,9.57e-32,DAZAP1
19,1646712,rs4807125,5.29e-12,TCF3
19,1867912,rs4806815,7.01e-07,KLF16
19,1981999,rs7247847,2.82e-14,CSNK1G2
19,1997729,rs2074625,0.0134539,BTBD2
19,2032148,rs2395891,4.27e-12,MKNK2
19,2044175,rs1599860,0.804224,MKNK2
19,2115790,rs2240655,6.82e-179,AP3D1
19,2128054,rs1017084,0.744794,AP3D1
19,2158748,rs1074047,0,DOT1L
19,2169121,rs7256735,0.0027925,DOT1L
19,2180515,rs3810409,1.29e-19,DOT1L
19,2223327,rs2286329,0.0696581,DOT1L
19,2475685,rs3729535,0.0002609,GADD45B
19,2485656,rs11670333,0.00159156,GADD45B
19,2494245,rs11084942,2.79e-37,GADD45B
19,2523660,rs4807287,0.597112,GNG7
19,2523781,rs4806862,2.2e-73,GNG7
19,2569242,rs11671754,7.82e-11,GNG7
19,2601811,rs2965208,3.34e-16,GNG7
19,2646072,rs759065,3.22e-19,GNG7
19,2803227,rs1640273,1.78e-19,THOP1
19,2833617,rs8107771,1.83e-12,ZNF554
19,3206235,rs482758,8.29e-16,NCLN
19,3207646,rs2288949,6.43e-22,NCLN
19,3210138,rs12460720,1.4e-16,NCLN
19,3211221,rs312077,0.00303115,NCLN
19,3299482,rs7252291,1.22e-15,CELF5
19,3358321,rs11670745,4.79e-26,NFIC
19,3367745,rs740521,1.49e-22,NFIC
19,3411646,rs12981408,8.2e-300,NFIC
19,3419946,rs7246522,6.82e-07,NFIC
19,3434028,rs2074977,1.6e-278,NFIC
19,3445721,rs10401784,6.01e-218,NFIC
19,3468503,rs4807475,9.74e-153,NFIC
19,3481213,rs10421472,1.53e-13,SMIM24
19,3545850,rs10424296,1.67e-11,MFSD12
19,3565909,rs6510761,1.6e-09,HMG20B
19,3578773,rs13269,2.92e-16,HMG20B
19,3762698,rs13960,3.6e-11,MRPL54
19,3982967,rs2230561,6.69e-33,SNORD37
19,4061190,rs10414261,3.51e-149,ZBTB7A
19,4112895,rs350897,7.89e-74,MAP2K2
19,4140563,rs350825,0.0326955,CREB3L3
19,4147445,rs350885,3.23e-33,CREB3L3
19,4177051,rs350844,6.42e-54,SIRT6
19,4412713,rs243354,1.29e-17,CHAF1A
19,4449287,rs760369,5.21e-43,MIR4746
19,4472980,rs4807590,5.91e-20,HDGFRP2
19,4521625,rs884164,3.94e-10,PLIN5
19,4717672,rs12610495,1.52e-32,DPP9
19,4772343,rs3760954,3.12e-50,MIR7-3HG
19,4784553,rs11085098,0.0038409,FEM1A
19,4908389,rs4807665,9.05e-10,UHRF1
19,4913071,rs3786941,2.19e-245,UHRF1
19,4917019,rs2656924,4.11e-16,UHRF1
19,4947056,rs12974635,7.26e-306,MIR4747
19,5046070,rs16992771,1.18e-64,KDM4B
19,5148630,rs2620832,4.81e-12,KDM4B
19,5555098,rs12461806,1.21e-10,TINCR
19,5619326,rs2240239,1.02e-13,SAFB2
19,5781998,rs35415311,1.21e-07,PRR22
19,5844649,rs812936,4.18e-06,FUT3
19,5880949,rs1674153,0.00957213,NDUFA11
19,5921352,rs274795,2.68e-23,CAPS
19,6084992,rs11666200,1.19e-12,RFX2
19,6122267,rs7256341,1.34e-36,RFX2
19,6266778,rs12979828,8.32e-44,MLLT1
19,6416123,rs2305058,2.95e-08,MIR3940
19,6751293,rs1049232,2.28e-18,TRIP10
19,7106723,rs2967661,2.28e-64,INSR
19,7132081,rs2860175,4.82e-35,INSR
19,7132570,rs1549616,3.09e-100,INSR
19,7141775,rs2229431,2.7e-05,INSR
19,7152703,rs3745548,4.97e-17,INSR
19,7170935,rs10415589,2.21e-10,INSR
19,7182753,rs8108622,7.46e-221,INSR
19,7184762,rs891088,0,INSR
19,7206073,rs12459488,1.05e-236,INSR
19,7223848,rs4804416,1.14e-237,INSR
19,7244233,rs1346490,1.59e-109,INSR
19,7298095,rs7507911,1.78e-19,INSR
19,7528734,rs2287918,6.56e-08,ARHGEF18
19,7547074,rs2303146,4.46e-09,PEX11G
19,7832001,rs874492,7e-14,CLEC4M
19,7938723,rs7249549,1.21e-11,FLJ22184
19,8028544,rs14394,1.41e-38,ELAVL1
19,8064624,rs12972375,2.04e-53,ELAVL1
19,8209926,rs899208,5.18e-13,FBN3
19,8376431,rs561,1.59e-11,NDUFA7
19,8378870,rs7249111,7.51e-29,NDUFA7
19,8386306,rs2241592,1.36e-19,NDUFA7
19,8488751,rs10409969,0.00241202,2002-03-01 00:00:00
19,8542737,rs7255548,2.62e-24,HNRNPM
19,8579011,rs2287863,4.22e-52,ZNF414
19,8615589,rs4804311,1.04e-72,MYO1F
19,8619461,rs2913925,2.55e-34,MYO1F
19,8640516,rs4804314,2.52e-17,MYO1F
19,8644031,rs4072910,0,ADAMTS10
19,8657166,rs9749567,4.69e-101,ADAMTS10
19,8668121,rs8108747,3.15e-119,ADAMTS10
19,8672000,rs7249094,9.95e-145,ADAMTS10
19,8740520,rs7254400,5.58e-44,ADAMTS10
19,8785951,rs2967683,3.51e-25,ACTL9
19,8848856,rs2967632,2.33e-09,OR2Z1
19,9951916,rs889162,3.37e-41,PIN1
19,10071063,rs10406152,4.87e-06,COL5A3
19,10106671,rs3745592,5.81e-30,COL5A3
19,10267011,rs4804490,5.25e-154,DNMT1
19,10321089,rs6511689,2.53e-123,S1PR2
19,10370133,rs8104608,1.6e-113,MRPL4
19,10441117,rs3181049,1.7e-18,RAVER1
19,10469975,rs12720356,4.35e-30,TYK2
19,10478945,rs6511696,4.01e-59,TYK2
19,10692129,rs2304160,4.4e-36,AP1M2
19,10742287,rs1560711,6.24e-288,SLC44A2
19,10748121,rs3843751,1.01e-302,SLC44A2
19,10754839,rs2288902,1.86e-17,SLC44A2
19,10799622,rs12463078,2.65e-59,ILF3
19,10830281,rs12974306,4.21e-12,MIR638
19,10913749,rs3786715,5.01e-46,MIR199A1
19,11004833,rs11670365,1.06e-27,CARM1
19,11089846,rs12459603,1.84e-14,SMARCA4
19,11238548,rs2569538,6.45e-41,LDLR
19,11275842,rs3185010,5.16e-177,KANK2
19,11612466,rs645584,1.28e-06,ECSIT
19,12169311,rs7254539,2.55e-216,ZNF878
19,12274521,rs893546,1.4e-70,ZNF136
19,12505873,rs7246440,2.48e-52,ZNF799
19,12664631,rs2861410,2.62e-16,ZNF564
19,12811379,rs722571,1.75e-19,TNPO2
19,12816559,rs7248726,3.41e-09,SNORD41
19,12903059,rs2229510,1.81e-14,JUNB
19,13024250,rs741702,1.36e-102,SYCE2
19,13213967,rs9941452,5.78e-06,LYL1
19,13234038,rs34143175,1.42e-94,NACC1
19,13242025,rs4926210,4.39e-37,NACC1
19,13474220,rs10418748,8.29e-25,CACNA1A
19,13843233,rs346172,4.8e-08,CCDC130
19,13883099,rs1469071,9.71e-17,MRI1
19,14069083,rs4926322,2.96e-14,DCAF15
19,14282943,rs12971709,5.11e-36,LOC100507373
19,14557821,rs3786654,6.27e-09,PKN1
19,14795549,rs2032903,1.31e-26,ZNF333
19,15387928,rs4809130,6.23e-42,BRD4
19,15528983,rs3786853,2.53e-55,AKAP8L
19,15565046,rs9646651,1.96e-15,RASAL3
19,16052255,rs2116952,2.12e-07,CYP4F11
19,16176940,rs8110325,3.43e-08,TPM4
19,16425013,rs12973410,4.93e-50,KLF2
19,16425503,rs501537,1.67e-56,KLF2
19,16437048,rs12462380,3.15e-27,KLF2
19,16591464,rs9305079,6.14e-09,CALR3
19,16665215,rs6512119,2.1e-45,SLC35E1
19,16993508,rs773898,4.13e-07,SIN3B
19,17070740,rs17196155,2.44e-53,CPAMD8
19,17117375,rs7259472,3.32e-07,CPAMD8
19,17226229,rs4808571,1.41e-11,MYO9B
19,17245083,rs2880937,6.81e-83,MYO9B
19,17256523,rs17533903,2.06e-15,MYO9B
19,17283403,rs2279007,6.98e-172,MYO9B
19,17341924,rs13343494,1.15e-45,NR2F6
19,17387176,rs34084277,2.77e-82,BABAM1
19,17396761,rs891018,5.22e-31,ANKLE1
19,17462792,rs7259703,1.84e-21,PLVAP
19,17488141,rs10417806,2.78e-94,PLVAP
19,17489733,rs34104913,4e-29,PLVAP
19,17493610,rs17457472,1.99e-74,PLVAP
19,17666919,rs3746317,4.96e-06,COLGALT1
19,17685133,rs4399659,1.32e-05,COLGALT1
19,17699249,rs7249148,8.41e-13,COLGALT1
19,17829608,rs10410487,1.72e-18,MAP1S
19,18038782,rs17654474,5.81e-13,CCDC124
19,18123965,rs7255589,6.59e-86,ARRDC2
19,18128388,rs17654580,1.62e-12,ARRDC2
19,18141996,rs388159,1.24e-56,ARRDC2
19,18232754,rs11086090,1.07e-07,IL12RB1
19,18304700,rs874628,3.32e-23,MPV17L2
19,18426950,rs2232965,3.07e-43,LSM4
19,18454825,rs17724992,0.0190066,PGPEP1
19,18546678,rs2303697,3.11e-101,SSBP4
19,18697778,rs4808822,3.2e-07,C19orf60
19,18735764,rs12459017,7.68e-39,TMEM59L
19,18883783,rs2240013,7.39e-33,CRTC1
19,18902592,rs6511002,1.25e-17,COMP
19,18989859,rs2075762,1.11e-21,CERS1
19,19267990,rs7257072,0.732299,MEF2B
19,19299535,rs10408395,0.00125876,RFXANK
19,19488718,rs12973258,3.29e-252,GATAD2A
19,19669441,rs8113006,2.38e-228,PBX4
19,20826976,rs10425311,2.25e-07,ZNF626
19,21775371,rs8112960,1.64e-11,ZNF429
19,22600122,rs10414591,1.52e-35,ZNF98
19,23645194,rs667874,4.2e-11,ZNF91
19,30266602,rs11672342,7.09e-13,CCNE1
19,30308385,rs3218045,6.26e-26,CCNE1
19,30326771,rs4805485,4.81e-29,CCNE1
19,30342679,rs4556910,1.05e-60,CCNE1
19,30710785,rs6510033,1.53e-11,ZNF536
19,30882762,rs1347169,1.73e-09,ZNF536
19,30940430,rs33432,0.00066477,ZNF536
19,31049031,rs8101081,3.21e-66,ZNF536
19,31125229,rs10417396,1.61e-06,ZNF536
19,31176391,rs11878397,7.39e-19,ZNF536
19,32325695,rs278291,6.24e-14,CTC-360P9.3
19,32595038,rs2033495,1.52e-10,LOC101927411
19,32934755,rs7253808,8.7e-64,DPY19L3
19,32973077,rs7253039,3.08e-30,DPY19L3
19,33109003,rs8100423,3.57e-54,ANKRD27
19,33196989,rs1827700,2.43e-15,NUDT19
19,33567565,rs8100568,2.93e-13,GPATCH1
19,33774591,rs12461296,7.6e-16,CEBPA
19,33789010,rs2081045,3.66e-11,CEBPA
19,33918423,rs11667352,1.03e-29,PEPD
19,34768330,rs11084763,6.94e-05,KIAA0355
19,34950737,rs16969328,1.62e-15,UBA2
19,35498890,rs35879596,2.42e-16,GRAMD1A
19,35555190,rs4806073,9.72e-31,HPN
19,35571928,rs7255603,2.52e-28,HPN
19,35608148,rs1688021,1.89e-13,FXYD3
19,35746799,rs2853336,1.43e-44,LSR
19,36147315,rs7254601,1.97e-15,COX6B1
19,36208342,rs12981566,3.81e-06,ZBTB32
19,36225999,rs2280743,5.25e-140,KMT2B
19,36324324,rs10409299,1.45e-11,NPHS1
19,36582270,rs2301736,3.02e-06,WDR62
19,36685310,rs2287897,4.18e-09,ZNF565
19,36903262,rs2945989,8.07e-11,ZFP82
19,37241781,rs2462576,7.74e-16,ZNF850
19,37407214,rs4805190,0.0305247,ZNF568
19,37624088,rs6510591,1.47e-171,ZNF420
19,37838010,rs2972597,4.84e-23,HKR1
19,38588864,rs1654366,9.18e-09,SIPA1L3
19,38917095,rs17640544,0.00107407,RASGRP4
19,38976177,rs16972651,0.00132233,RYR1
19,39084533,rs4802618,0.06806,MAP4K1
19,39189746,rs749701,2.28e-07,CAPN12
19,39416966,rs4803045,3.68e-48,MRPS12
19,39425166,rs8108375,2.85e-58,MRPS12
19,39447119,rs10412049,1.92e-24,FBXO17
19,39455534,rs12151188,0.0598686,FBXO17
19,40031369,rs34856311,1.05e-13,EID2
19,40061350,rs10408621,6.03e-22,EID2
19,40467676,rs234346,1.83e-18,PSMC4
19,40957734,rs34288924,6.37e-35,BLVRB
19,41084693,rs814518,0.00206878,SHKBP1
19,41095818,rs392726,1.57e-48,SHKBP1
19,41120666,rs3815913,8.85e-45,LTBP4
19,41224314,rs2561530,2.64e-45,ITPKC
19,41305530,rs34406232,7.62e-28,EGLN2
19,41531915,rs3745277,1.61e-21,CYP2B6
19,41723887,rs8101017,2.43e-06,AXL
19,41754217,rs11882467,2.1e-17,AXL
19,41854916,rs11466321,1.13e-80,TGFB1
19,41883198,rs1529717,1.81e-15,TMEM91
19,41888131,rs4605279,0,TMEM91
19,41948683,rs11083620,1.69e-05,ERICH4
19,42489516,rs2217342,2.99e-90,ATP1A3
19,42704951,rs34343924,1.21e-05,DEDD2
19,42741124,rs2302485,7.32e-116,GSK3A
19,44050966,rs25484,8.44e-159,XRCC1
19,44058048,rs2293036,4.22e-35,XRCC1
19,44153100,rs4760,2.64e-47,PLAUR
19,44238347,rs2074634,4.67e-31,SMG9
19,44281562,rs670950,6.61e-39,KCNN4
19,44438923,rs377931,1.08e-09,ZNF45
19,44837246,rs10422017,6.36e-13,ZNF112
19,44935019,rs8101705,1.65e-10,ZNF229
19,45296806,rs3208856,5.49e-28,CBLC
19,45414451,rs439401,8.62e-36,APOE
19,45455588,rs10413089,0.666001,CLPTM1
19,45460764,rs204905,2.99e-41,CLPTM1
19,45595277,rs10417101,1.98e-14,GEMIN7
19,45740771,rs17356664,2.62e-13,EXOC3L2
19,46180184,rs11672660,1.45e-08,MIR642A
19,46294510,rs1865116,1.09e-76,DMWD
19,46307406,rs8111071,0.458899,RSPH6A
19,46332194,rs3745929,1.88e-18,SYMPK
19,46435760,rs16980145,1.03e-07,NOVA2
19,46464698,rs11667587,3.73e-13,NOVA2
19,46896217,rs3764613,4.59e-18,PPP5C
19,46925675,rs878609,0.00010965,CCDC8
19,46932062,rs427250,0.120456,CCDC8
19,46952634,rs17728638,2.51e-21,PNMAL1
19,46954406,rs8108405,3.14e-68,PNMAL1
19,46959007,rs4803953,2.15e-11,PNMAL1
19,47065723,rs6509285,7.12e-22,PPP5D1
19,47221758,rs10412340,1.57e-37,STRN4
19,47223543,rs313840,3.7e-05,STRN4
19,47223949,rs313841,7.33e-18,STRN4
19,47288150,rs8105903,3.21e-40,SLC1A5
19,47342867,rs312185,0.0363706,AP2S1
19,47470536,rs311365,7.36e-22,ARHGAP35
19,47634313,rs177918,1.26e-16,SAE1
19,47661493,rs307896,1.32e-08,SAE1
19,47767643,rs4804036,2.43e-62,CCDC9
19,47793185,rs10853784,2.06e-11,PRR24
19,47937803,rs830153,4.52e-09,SLC8A2
19,48131817,rs41374344,1.59e-32,GLTSCR1
19,48185147,rs2303755,8.61e-09,GLTSCR1
19,48680968,rs274876,1.96e-40,C19orf68
19,48682779,rs10405655,1.16e-16,C19orf68
19,48833608,rs4893,1.45e-46,EMP3
19,49122248,rs3094287,1.77e-64,SPHK2
19,49246866,rs838147,3.36e-62,IZUMO1
19,49370648,rs609985,4.12e-25,PLEKHA4
19,49461305,rs2387583,8.8e-34,BAX
19,49517213,rs7256033,3.29e-32,RUVBL2
19,49573438,rs1017219,9.05e-14,KCNA7
19,49643537,rs7246646,1.87e-37,PPFIA3
19,49979398,rs17272847,2.27e-46,FLT3LG
19,50084372,rs3760706,3.08e-12,PRRG2
19,50092002,rs2288921,2.41e-54,PRRG2
19,50183449,rs35791962,3.98e-08,MIR5088
19,50189156,rs10415880,1.05e-30,PRMT1
19,50301545,rs7251463,3.96e-13,MIR6799
19,50780082,rs11669191,7.13e-16,MYH14
19,51230223,rs722035,5.06e-14,CLEC11A
19,52173411,rs10853839,4.95e-44,SPACA6P-AS
19,52180926,rs12980971,2.12e-23,SPACA6P-AS
19,52293133,rs8102075,1.87e-14,FPR3
19,52772768,rs2657930,7.88e-09,ZNF766
19,53297766,rs12983988,5.31e-08,ZNF28
19,53342152,rs1062967,7.99e-26,ZNF468
19,53586103,rs329701,4.51e-20,ZNF160
19,54077870,rs17207173,4.32e-27,ZNF331
19,54161585,rs8103787,3.5e-18,MIR512-2
19,54197633,rs10413288,3.74e-30,MIR526B
19,54606405,rs254259,1.44e-11,NDUFA3
19,54697462,rs4042,5.3e-09,TSEN34
19,54697714,rs36621,8.24e-19,TSEN34
19,54706422,rs17239559,6.21e-54,RPS9
19,54753543,rs2361797,1.86e-31,LILRB5
19,54769366,rs12984029,3.88e-34,LILRB5
19,55614760,rs7259963,5.13e-16,PPP1R12C
19,55845386,rs7253685,0.234907,SUV420H2
19,55859439,rs1058511,1.67e-31,SUV420H2
19,55873726,rs4252572,3.4e-14,FAM71E2
19,55876162,rs4252562,1.28e-30,IL11
19,55879672,rs4252548,5.24e-298,IL11
19,55890834,rs2305788,1.56e-27,TMEM238
19,55988349,rs2059137,1.43e-44,ZNF628
19,55990975,rs4801677,0.452178,ZNF628
19,56116915,rs2161456,4.58e-21,ZNF524
19,56152115,rs3760701,2.19e-13,ZNF580
19,57041257,rs13346710,6.78e-05,ZNF471
19,57084124,rs10412218,2.77e-29,ZNF470
19,57288928,rs7256072,1.64e-09,ZIM2
19,57487497,rs7260649,7.74e-17,MIMT1
19,57593701,rs10445591,3.67e-11,USP29
19,57686211,rs8106506,2.93e-06,DUXA
19,57802824,rs2041110,8.45e-72,ZNF460
19,57878194,rs1989455,1.84e-31,TRAPPC2P1
19,58529518,rs1549495,5.37e-28,LOC100128398
19,58688430,rs12977929,1.61e-20,ZNF274
19,58784732,rs12462307,1.84e-18,ZNF8
19,59048311,rs12052202,1.08e-05,TRIM28
19,59090227,rs1550813,3.18e-18,CENPBD1P1
20,279774,rs1046561,2.2e-21,ZCCHC3
20,391025,rs6139109,3.47e-10,RBCK1
20,605889,rs4815836,2.3e-15,TCF15
20,834480,rs12625746,1.72e-12,FAM110A
20,947150,rs6086704,1.1e-07,RSPO4
20,1119263,rs4289256,2.23e-13,PSMF1
20,1350709,rs8392,7.18e-10,FKBP1A
20,1388219,rs4814229,0.00042061,FKBP1A
20,1397898,rs7262035,3.83e-08,FKBP1A
20,1894335,rs6075340,1.17e-10,SIRPA
20,2126096,rs2153741,7.56e-21,STK35
20,2457788,rs1109009,2.54e-15,ZNF343
20,2647040,rs6132905,1.54e-07,IDH3B
20,2787994,rs127073,1.45e-10,CPXM1
20,2829158,rs11699077,7.49e-18,PCED1A
20,3119133,rs306757,8.26e-13,FASTKD5
20,3258118,rs1884506,1.7e-29,C20orf194
20,3386482,rs6051836,6.1e-61,C20orf194
20,3643653,rs6084432,6.48e-08,GFRA4
20,3727970,rs910652,7.12e-05,HSPA12B
20,3772527,rs4815603,1.08e-31,CDC25B
20,4068793,rs6084603,0.00280067,SMOX
20,4098567,rs7273787,0,SMOX
20,4101656,rs8122571,6.17e-241,SMOX
20,4112032,rs6139319,0.347235,SMOX
20,4134863,rs6139332,1.66e-05,SMOX
20,4135849,rs1765003,2.59e-07,SMOX
20,4158164,rs11552911,3.26e-43,SMOX
20,4163684,rs1337281,2.76e-24,SMOX
20,4285796,rs3859667,1.18e-27,ADRA1D
20,4571478,rs6076703,1.29e-07,PRNP
20,4830412,rs6037988,1.58e-06,SLC23A2
20,4868291,rs6052956,4.6e-15,SLC23A2
20,4983092,rs1279683,3.49e-26,SLC23A2
20,5106287,rs8125170,3.22e-97,PCNA
20,5241611,rs6076799,3.72e-12,PROKR2
20,5525986,rs1053399,3.78e-24,GPCPD1
20,5644184,rs8119133,7.38e-06,GPCPD1
20,5882236,rs988036,1.11e-22,CHGB
20,6189437,rs6053980,3.69e-59,FERMT1
20,6240201,rs6038400,2.44e-40,FERMT1
20,6293824,rs2326748,0.00096432,CASC20
20,6408618,rs6417634,9.12e-08,CASC20
20,6410235,rs6117253,0,CASC20
20,6463734,rs6054304,0.410071,CASC20
20,6487687,rs6117303,0,CASC20
20,6620893,rs967417,0,CASC20
20,6631933,rs13040103,1.06e-12,BMP2
20,6668654,rs6038579,2.67e-152,BMP2
20,6673486,rs6038587,1.55e-50,BMP2
20,6686426,rs6085659,4.8e-117,BMP2
20,6696338,rs6054484,0.241799,BMP2
20,6706493,rs6140071,9.98e-172,BMP2
20,6716175,rs235734,1.16e-74,BMP2
20,6756148,rs1005464,0.00039772,BMP2
20,6761512,rs6054512,9.01e-65,BMP2
20,6778978,rs1157079,5.88e-16,BMP2
20,6838358,rs723511,1.25e-26,BMP2
20,6839006,rs16992673,5.44e-53,BMP2
20,6881898,rs6107891,1.83e-41,BMP2
20,6902150,rs6085728,5.49e-60,BMP2
20,6956928,rs16992851,2.12e-06,LOC101929265
20,6970420,rs6117548,1.22e-14,LOC101929265
20,7243540,rs6117726,1.21e-53,LOC101929265
20,7484418,rs6038858,1.53e-11,MIR8062
20,7552504,rs6108011,1.61e-18,MIR8062
20,7653778,rs6133455,5.14e-20,HAO1
20,7656614,rs4816018,4.25e-47,HAO1
20,7786257,rs12625521,2.93e-15,HAO1
20,7869456,rs2294305,5.69e-05,HAO1
20,7905283,rs941425,7.21e-31,HAO1
20,8043837,rs6039023,3.32e-22,TMX4
20,8200541,rs4813853,1.72e-12,PLCB1
20,8505149,rs12625192,2.2e-26,PLCB1
20,8852328,rs4502502,3.49e-12,PLCB1
20,9109893,rs6039393,2.81e-09,PLCB4
20,9508063,rs6039491,4.55e-13,LAMP5
20,10492279,rs8114269,0.44336,SLX4IP
20,10591451,rs1234797,5.47e-29,SLX4IP
20,10641575,rs3748478,3.11e-16,MIR6870
20,10692989,rs6077888,1.22e-41,JAG1
20,10765986,rs6134038,8.12e-40,LOC101929395
20,10792802,rs6040171,1.6e-34,LOC101929395
20,10891798,rs2144184,1.17e-53,LOC101929413
20,10955620,rs6040264,3.4e-53,LOC101929413
20,11039845,rs451992,4.04e-32,LOC101929413
20,11079205,rs6078061,5.13e-13,LOC339593
20,11165814,rs6040416,4.25e-28,LOC339593
20,11177450,rs12624466,2.04e-18,LOC339593
20,11242433,rs4813974,2.49e-11,LOC339593
20,11371832,rs11087024,4.81e-16,LOC339593
20,12275553,rs11699491,1.89e-27,BTBD3
20,12766847,rs708958,2.3e-14,LOC101929486
20,13226547,rs6109773,4.96e-13,ISM1-AS1
20,13261075,rs4814213,9.32e-79,ISM1
20,13288371,rs653215,2.39e-17,ISM1
20,13370707,rs12479520,2.37e-10,TASP1
20,13600351,rs6514424,2.12e-10,TASP1
20,14713890,rs1932945,8.96e-08,MACROD2-IT1
20,15299632,rs7270966,3.55e-24,MACROD2-AS1
20,15809996,rs16996637,3.71e-10,MACROD2
20,16046227,rs775121,3.63e-08,MACROD2
20,16468026,rs6135763,5.19e-06,KIF16B
20,16557993,rs6044140,1.88e-10,KIF16B
20,16907429,rs6080495,2.66e-09,OTOR
20,17074677,rs1340943,1.69e-23,PCSK2
20,17523989,rs201930,3.08e-06,BFSP1
20,17596155,rs1132274,2.3e-75,RRBP1
20,17629162,rs6080761,1.64e-46,RRBP1
20,17669566,rs7268801,4.05e-26,BANF2
20,17752011,rs7261451,2.19e-08,BANF2
20,17771113,rs6080830,4.35e-98,BANF2
20,17814844,rs809379,0.0320464,BANF2
20,17850340,rs6136213,2.53e-40,SNX5
20,17993269,rs3748492,3.78e-12,OVOL2
20,18044432,rs6034955,1.23e-07,OVOL2
20,18710788,rs6081330,2.48e-23,LOC101929526
20,18983043,rs6132147,1.06e-56,C20orf78
20,19198467,rs3827975,1.93e-31,SLC24A3
20,19261922,rs3790176,8.03e-09,LOC100130264
20,19564963,rs942992,1.03e-09,SLC24A3
20,19702049,rs3828002,2.8e-82,SLC24A3
20,20068635,rs7261425,1.22e-117,CRNKL1
20,20220869,rs6112828,1.22e-11,C20orf26
20,20259316,rs941662,8.34e-05,C20orf26
20,20286273,rs2424340,2.72e-52,C20orf26
20,20348253,rs8117259,9.36e-131,INSM1
20,20371853,rs3748445,6.12e-43,RALGAPA2
20,20485588,rs6112923,5.77e-27,RALGAPA2
20,20857392,rs4814999,2.03e-26,RALGAPA2
20,20950874,rs6047176,0.00285256,KIZ
20,21213844,rs6082351,1.06e-245,KIZ
20,21387531,rs13040764,2.59e-10,NKX2-4
20,21406860,rs13039059,0.275831,NKX2-4
20,21517405,rs6082445,1.51e-08,NKX2-2
20,21657602,rs6047565,2.47e-11,LOC101929608
20,21791854,rs6047641,9.21e-06,PAX1
20,22016586,rs17739590,3.94e-12,LOC100270679
20,22210985,rs804623,6.8e-11,LOC101929663
20,22320799,rs183884,6.8e-10,LOC101929663
20,22384894,rs12481108,1.85e-18,LOC284788
20,22430350,rs6036116,3.85e-07,LOC284788
20,22696176,rs13037670,2.5e-12,LOC101929685
20,23017082,rs2567608,6.89e-09,SSTR4
20,23223392,rs4813483,1.54e-16,NXT1
20,23432528,rs2236021,7.34e-09,CST11
20,24261606,rs224791,2.87e-09,FLJ33581
20,25401862,rs2500406,1.06e-33,GINS1
20,30392884,rs6089075,9.03e-59,TPX2
20,30663426,rs17093810,3.37e-13,HCK
20,30728141,rs2281361,2.52e-09,TM9SF4
20,31017119,rs4911230,3.19e-08,ASXL1
20,31048382,rs1555133,0.0325932,NOL4L
20,31181468,rs7266642,2.1e-10,LOC149950
20,31294655,rs28548540,8.54e-28,COMMD7
20,31334256,rs6087983,6.76e-06,COMMD7
20,31396152,rs6058896,0.447604,DNMT3B
20,31427342,rs2235760,4.64e-81,MAPRE1
20,31649372,rs6088085,0.00348972,BPIFB3
20,31947946,rs17124646,1.27e-10,CDK5RAP1
20,32245404,rs17124885,6.65e-07,NECAB3
20,32333181,rs7274811,0,ZNF341
20,32466054,rs6057920,0.00154056,CHMP4B
20,32541568,rs6088353,1.5e-80,LOC101926888
20,32553047,rs4012234,0.0067978,LOC101926888
20,32606299,rs17091470,4.42e-70,LOC101926888
20,32819871,rs6142129,1.71e-23,ASIP
20,33103215,rs8115449,1.28e-21,DYNLRB1
20,33405310,rs3787217,0.0879795,NCOA6
20,33468793,rs1013677,6.11e-283,ACSS2
20,33470514,rs6088638,0,ACSS2
20,33713639,rs6088727,0,EDEM2
20,33719945,rs1033798,4.74e-28,EDEM2
20,33871310,rs932562,0,EIF6
20,33971978,rs4911495,0,UQCC1
20,34025756,rs143384,0,GDF5
20,34090519,rs3748433,3.18e-215,CEP250
20,34505054,rs6058363,0,PHF20
20,34712310,rs6141600,0,EPB41L1
20,34737037,rs6121163,1.4e-102,EPB41L1
20,34767494,rs6060844,6.61e-10,EPB41L1
20,34803864,rs6060861,9.43e-33,EPB41L1
20,34854324,rs2425202,1.05e-17,AAR2
20,35047221,rs4494819,1.45e-11,LOC101926987
20,35240852,rs11540276,0.146373,SLA2
20,35315167,rs6129459,0.0173331,NDRG3
20,35533462,rs1291149,9.09e-281,TLDC2
20,35570011,rs1891643,3.22e-37,SAMHD1
20,35803303,rs6031843,3.57e-118,RPN2
20,35844405,rs6130802,8.38e-37,RPN2
20,35862002,rs4810455,1.62e-239,RPN2
20,35968093,rs6017901,4e-68,SRC
20,36134115,rs2425348,8.22e-17,BLCAP
20,36175566,rs4810841,0.00246936,BLCAP
20,36269772,rs4810966,0.937467,LINC00489
20,36666082,rs6022547,1.2e-10,RPRD1B
20,37515869,rs6129123,4.89e-14,PPP1R16B
20,37696520,rs2103613,2.5e-11,DHX35
20,37775431,rs12625154,1.13e-21,LOC339568
20,37889503,rs6028364,1.28e-36,LOC339568
20,37957289,rs4810260,0.0152076,LOC339568
20,38121213,rs6129345,2.56e-15,LOC339568
20,38552078,rs2224538,2.28e-141,LOC100505663
20,38639838,rs927377,1.95e-37,LOC100505663
20,38711461,rs4812425,0.017748,LOC100505663
20,38729429,rs2205693,1.55e-49,LOC100505663
20,38834633,rs6101903,1.98e-46,LOC100505663
20,38856656,rs6129524,5.34e-41,LOC100505663
20,38872419,rs4812435,2.24e-36,LOC100505663
20,38903864,rs6029006,5.37e-19,LOC100505663
20,39200914,rs6029188,1.37e-34,MAFB
20,39271481,rs6072085,1.37e-40,MAFB
20,39291059,rs6016408,2.09e-16,MAFB
20,39307663,rs742745,2.38e-41,MAFB
20,39592520,rs2425459,1.63e-21,TOP1
20,39753893,rs2066906,3.78e-20,TOP1
20,39832628,rs17265513,2.2e-99,ZHX3
20,39932356,rs12480916,0.130522,ZHX3
20,39941949,rs11696467,0.0007013,ZHX3
20,40123538,rs6016565,3.05e-26,CHD6
20,42074998,rs4810385,1.63e-07,SRSF6
20,42198173,rs3752560,6.57e-47,SGK2
20,42296542,rs285206,1.07e-64,MYBL2
20,42463178,rs6073213,3.07e-18,TOX2
20,42532910,rs6073238,3.54e-08,TOX2
20,42647643,rs6073284,1.46e-45,TOX2
20,43210481,rs6031663,2.24e-09,PKIG
20,43320284,rs4812851,9.86e-19,LINC01260
20,43534903,rs16989481,1.47e-133,YWHAB
20,43665832,rs6031944,1.21e-86,STK4
20,43926573,rs2227275,1.73e-19,MATN4
20,43975667,rs1981430,1.19e-15,SDC4
20,44098783,rs16990216,4.15e-05,WFDC2
20,44432879,rs6514062,3.46e-23,DNTTIP1
20,44448292,rs6130940,0.00733304,UBE2C
20,44507502,rs3746524,4.09e-10,ZSWIM3
20,44586036,rs3746506,7.48e-19,ZNF335
20,44722011,rs2868764,1.18e-37,NCOA5
20,44734371,rs17380117,0.247553,CD40
20,44886189,rs2868714,2.76e-17,CDH22
20,45264905,rs6122514,1.05e-08,TP53RK
20,45579789,rs4809606,1.27e-23,EYA2
20,45682341,rs6094570,1.78e-08,MIR3616
20,45841052,rs910187,1.06e-07,ZMYND8
20,45909613,rs3746483,3.17e-08,LOC100131496
20,45948289,rs3746482,4.24e-06,LOC100131496
20,45958799,rs6012158,7.55e-17,LOC100131496
20,46228667,rs2143491,1.08e-46,NCOA3
20,46313974,rs6018639,1.18e-09,SULF2
20,46349342,rs4809646,1.65e-05,SULF2
20,46368577,rs4810676,4.82e-18,SULF2
20,46418021,rs6094848,1.09e-27,SULF2
20,46668825,rs6063200,8.83e-24,LOC101927457
20,46857186,rs226832,1.46e-08,LINC00494
20,47214259,rs4810829,2.55e-39,PREX1
20,47304306,rs729663,0.00226041,PREX1
20,47700764,rs16994382,5.9e-16,CSE1L
20,47849546,rs6122768,5.37e-203,DDX27
20,47865784,rs6512577,0,ZNFX1
20,48094590,rs566604,9.85e-11,KCNB1
20,48201134,rs509703,6.02e-28,PTGIS
20,48235673,rs3091975,4.15e-09,B4GALT5
20,48579348,rs4810997,0.0501163,RNF114
20,48592388,rs6020160,1.18e-152,SNAI1
20,48617623,rs6091084,0.00242105,SNAI1
20,48692455,rs1000595,0.0218871,TMEM189-UBE2V1
20,48906516,rs913670,4.02e-71,LINC01270
20,48909280,rs17196808,2.23e-99,LINC01270
20,48955424,rs913678,2.44e-58,LINC01271
20,49066716,rs6067451,7.88e-33,PTPN1
20,49099653,rs16995249,0.148796,PTPN1
20,49196998,rs3787348,1.31e-65,PTPN1
20,49201170,rs1057207,3.93e-31,PTPN1
20,49262454,rs2426192,8.15e-09,LOC100506175
20,49422601,rs761034,7.66e-12,BCAS4
20,49564725,rs6512687,9.18e-22,LOC101927631
20,49645064,rs1570009,6.42e-12,KCNG1
20,49703818,rs10485616,2.33e-10,KCNG1
20,49948016,rs8117067,3.32e-11,NFATC2
20,50024737,rs2426302,3.59e-10,NFATC2
20,50036709,rs6021193,3.69e-11,MIR3194
20,50106713,rs8123890,0.00011671,MIR3194
20,50150460,rs2179746,1.32e-37,NFATC2
20,50155386,rs6021276,2.38e-15,NFATC2
20,50174058,rs6063672,2.91e-05,NFATC2
20,50181785,rs6096474,5.23e-14,NFATC2
20,50230462,rs2235863,5.16e-60,ATP9A
20,50411543,rs6021441,2.79e-14,SALL4
20,50517006,rs6013315,4.92e-22,LOC101927678
20,50546891,rs6013321,4.56e-26,LOC101927678
20,50849557,rs6021801,2.7e-44,ZFP64
20,50860315,rs1998152,1.62e-64,ZFP64
20,51073679,rs2869649,4.44e-20,LOC101927700
20,51290198,rs4811379,1.49e-08,LOC101927700
20,51496157,rs2250316,0.00031597,TSHZ2
20,51682625,rs1293435,5.46e-16,TSHZ2
20,52193088,rs6063966,3.71e-10,LOC101927770
20,52274369,rs6022643,6.31e-09,ZNF217
20,52401007,rs6063996,5.11e-13,SUMO1P1
20,52663409,rs2107327,3.08e-18,MIR4756
20,53592333,rs6127345,9.48e-12,DOK5
20,54106340,rs6098632,8.26e-16,LOC101927796
20,54157497,rs559267,2.51e-12,LOC101927796
20,54378256,rs1304549,3.14e-07,CBLN4
20,54826638,rs6123568,8.67e-30,MC3R
20,54841008,rs6064361,1.2e-131,MC3R
20,54931713,rs6099108,6.03e-73,FAM210B
20,54964361,rs2180691,1.22e-51,AURKA
20,55504492,rs6092388,5.35e-11,BMP7
20,55594686,rs1276367,8.76e-09,BMP7
20,55812058,rs7273197,8.83e-19,LOC102723590
20,56276578,rs4810096,8.05e-08,PMEPA1
20,56577581,rs6128241,4.3e-24,MIR4532
20,56669386,rs2065616,9.85e-42,C20orf85
20,56918507,rs502138,1.01e-14,RAB22A
20,56942312,rs707557,2.92e-19,RAB22A
20,57029796,rs7264722,1.31e-19,VAPB
20,57195870,rs6123812,4.74e-05,APCDD1L-AS1
20,57327621,rs6100194,1.14e-21,NPEPL1
20,57351629,rs13038360,0.00037645,MIR296
20,57408426,rs965808,4.02e-20,GNAS
20,57443831,rs6070638,1.9e-10,GNAS-AS1
20,57447022,rs7271854,0.0179837,GNAS-AS1
20,57459167,rs6026576,1.74e-97,GNAS
20,57465571,rs6123837,0.0149594,GNAS
20,57548029,rs467040,7.16e-40,NELFCD
20,57627369,rs4810150,4.73e-106,SLMO2
20,57699413,rs882384,1.83e-161,ZNF831
20,60511860,rs3761221,7.41e-12,CDH4
20,60577598,rs7270666,1.98e-25,TAF4
20,60692498,rs6121514,0.00041332,LSM14B
20,60806580,rs1739592,0.0594714,OSBPL2
20,60971327,rs748037,2.87e-92,CABLES2
20,60983973,rs7262524,2.49e-114,RBBP8NL
20,61407076,rs856952,3.16e-09,LINC00659
20,61441797,rs2277771,5.01e-28,OGFR
20,61453348,rs8114983,3.05e-24,COL9A3
20,61478212,rs6011419,1.87e-06,DPH3P1
20,61507075,rs747680,1.16e-90,DIDO1
20,61507741,rs1077418,4.11e-70,DIDO1
20,61576777,rs1052826,4.94e-76,GID8
20,61712990,rs6011600,7.28e-08,LOC63930
20,62136202,rs8126334,2.85e-19,EEF1A2
20,62184170,rs4809580,1.82e-08,C20orf195
20,62225508,rs16983844,2.3e-26,GMEB2
20,62356627,rs6011058,2.56e-70,ZGPAT
20,62417181,rs6122179,0.36426,ZBTB46
20,62614338,rs817355,1.92e-23,PRPF6
20,62695878,rs6062342,0.240827,TCEA2
20,62790472,rs508396,2.61e-17,MYT1
20,62869718,rs2983432,3.33e-25,MYT1
20,62892584,rs6512309,9.12e-43,PCMTD2
21,15948846,rs2822776,1.22e-12,SAMSN1-AS1
21,16579805,rs2823141,2.21e-15,NRIP1
21,17199289,rs2026853,3.26e-12,USP25
21,17383785,rs2823547,2.97e-38,LINC00478
21,17393915,rs2823557,2.79e-110,LINC00478
21,17587380,rs2823657,6.65e-22,LINC00478
21,17749556,rs9974707,1.19e-12,MIR99A
21,17761933,rs240471,3.44e-09,MIR99A
21,18048206,rs2823966,9.21e-39,LINC00478
21,18049308,rs975529,3.83e-06,LINC00478
21,18057633,rs2823976,1.69e-14,LINC00478
21,18122773,rs2824026,4.99e-27,LINC00478
21,18271223,rs2205302,9.38e-18,LINC00478
21,18383733,rs765143,5.55e-12,LINC00478
21,18674800,rs11088628,2.24e-15,C21orf37
21,19049865,rs8130508,1.79e-17,BTG3
21,19105345,rs2032289,3.33e-13,C21orf91-OT1
21,26764074,rs2829726,7.61e-08,LINC00158
21,27208744,rs2829940,7.71e-59,APP
21,27514740,rs2830088,1.58e-18,APP
21,28113180,rs2830448,2.39e-13,ADAMTS1
21,28209395,rs12140,5.53e-09,ADAMTS1
21,28294090,rs16979423,1.14e-09,ADAMTS5
21,28305477,rs2830586,4.52e-92,ADAMTS5
21,28322506,rs2249350,9.16e-32,MIR4759
21,28348205,rs9647124,1.29e-17,ADAMTS5
21,28407515,rs667362,9.45e-15,ADAMTS5
21,28472489,rs10482982,1.02e-32,ADAMTS5
21,28539157,rs2830737,1.02e-09,MIR5009
21,28698229,rs239716,3.94e-11,MIR5009
21,28785912,rs7275326,4.53e-07,MIR5009
21,29036779,rs9981404,8.78e-19,LINC00113
21,29702823,rs2831703,4.56e-09,LINC00161
21,29960361,rs8131657,2.87e-05,LINC00161
21,30120764,rs764163,3.16e-10,N6AMT1
21,30487127,rs9975695,4.09e-11,MAP3K7CL
21,30546000,rs2832233,1.92e-37,MAP3K7CL
21,30714776,rs388707,4.34e-27,BACH1
21,30881184,rs2832381,0.00331778,GRIK1
21,31466342,rs2832595,3.69e-25,CLDN17
21,32150699,rs2833084,2.89e-12,KRTAP21-1
21,32604761,rs2833346,1.51e-18,TIAM1
21,32907800,rs13050704,2.7e-08,TIAM1
21,32958367,rs2833460,0.00307579,TIAM1
21,33049789,rs9305467,7.83e-18,SCAF4
21,33131082,rs2833492,4.56e-08,SCAF4
21,33373930,rs3787697,3.62e-13,HUNK
21,33643161,rs2833750,2.02e-15,MIS18A
21,33816589,rs9982003,1.94e-25,EVA1C
21,34343828,rs4817505,1.26e-26,OLIG2
21,34788686,rs17644622,0.00873912,IFNGR2
21,34954156,rs2834239,1.41e-29,DONSON
21,35020161,rs8134847,1.19e-81,ITSN1
21,35228502,rs2834280,5.36e-19,ITSN1
21,35269767,rs2834291,2.83e-14,ATP5O
21,35354247,rs2032313,1.7e-20,LINC00649
21,35709758,rs2834455,0.00161805,KCNE2
21,35717467,rs2834463,4.88e-234,KCNE2
21,35853176,rs2834489,0.00421015,KCNE1
21,36074558,rs16992167,9.28e-11,CLIC6
21,36209023,rs7280071,1.52e-08,RUNX1
21,36722562,rs2242722,2.73e-07,LOC100506403
21,36864457,rs7281771,0.0263675,LOC100506403
21,36884344,rs2142100,3.1e-07,LOC100506403
21,37444697,rs2835266,6.56e-24,CBR1
21,37449719,rs2835269,1.69e-10,CBR1
21,37507501,rs8133052,5.49e-48,CBR3
21,37661686,rs3827184,4.27e-06,DOPEY2
21,37695677,rs7354757,0.00032009,MORC3
21,37712085,rs17814116,8.48e-10,MORC3
21,37761364,rs2269187,3.42e-28,CHAF1B
21,37769131,rs1906483,0.286044,CHAF1B
21,37818902,rs2633329,3.9e-19,CLDN14
21,37944184,rs419941,3.77e-08,CLDN14
21,38077468,rs737380,2.18e-64,SIM2
21,38117308,rs2073601,2.77e-25,SIM2
21,38171655,rs13047322,3.12e-35,HLCS
21,38462614,rs3787780,2.21e-55,TTC3
21,38507171,rs9981876,0.728557,TTC3
21,38885506,rs17193211,4.43e-29,DYRK1A
21,39065630,rs858008,1.36e-13,KCNJ6
21,39646936,rs3804019,3.61e-44,KCNJ15
21,39665532,rs9981890,1.12e-22,KCNJ15
21,39671476,rs2230033,7.71e-295,KCNJ15
21,39764565,rs17285015,1.14e-30,ERG
21,39805797,rs2836391,6.32e-41,ERG
21,39815212,rs2836400,1.17e-16,ERG
21,39916756,rs2836498,8.41e-18,ERG
21,40007704,rs459094,9.7e-43,ERG
21,40097836,rs10483049,7.17e-08,LINC00114
21,40303848,rs8131592,3.39e-05,LOC400867
21,40328320,rs932243,1.52e-20,LOC400867
21,40525287,rs2037923,9.32e-52,PSMG1
21,40536910,rs7282604,1.98e-07,PSMG1
21,40578546,rs2836939,7.26e-38,BRWD1
21,40733567,rs2836989,2.19e-47,HMGN1
21,41254150,rs741792,1.05e-08,PCP4
21,41429463,rs2837403,1.14e-47,DSCAM
21,41454053,rs2837425,1.83e-31,DSCAM
21,41512399,rs11702319,6.01e-06,MIR4760
21,41739992,rs2837583,8.01e-13,DSCAM-AS1
21,41982629,rs13046236,7.36e-09,DSCAM-IT1
21,42219988,rs1983527,4.53e-16,DSCAM
21,42402637,rs4297971,7.99e-09,LINC00323
21,43608173,rs2839475,2.45e-10,ABCG1
21,43915541,rs2839538,1.95e-10,RSPH1
21,44061575,rs1539971,0.301337,PDE9A
21,44072377,rs8134355,2.1e-23,PDE9A
21,44100015,rs3819902,5.93e-18,PDE9A
21,44319095,rs13050160,6.98e-23,NDUFV3
21,44508020,rs2027745,1.81e-27,U2AF1
21,44860542,rs459262,1.52e-15,LINC00319
21,46202309,rs4239838,1.01e-35,UBE2G2
21,46225665,rs235292,7.69e-24,SUMO3
21,46261211,rs235259,9.71e-05,PTTG1IP
21,46472929,rs869958,1.06e-09,SSR4P1
21,46715682,rs12069,3.95e-15,LOC642852
21,46792424,rs4819077,1.18e-10,LINC00316
21,46830873,rs2026886,7.44e-13,COL18A1-AS2
21,47433552,rs8130733,1.1e-130,COL6A1
21,47516556,rs34686582,9.59e-14,COL6A2
21,47542220,rs2070578,1.04e-98,COL6A2
21,47549613,rs3088026,5.12e-124,COL6A2
21,47692798,rs2839188,0.00019804,MCM3AP
21,47782064,rs4819241,4.23e-39,PCNT
22,17615213,rs5994170,2.39e-32,LOC100996342
22,17658341,rs1076102,8.43e-12,CECR1
22,17676590,rs11912507,4.21e-08,CECR1
22,17744553,rs5994231,7.54e-09,CECR3
22,17940494,rs5747176,1.15e-15,CECR2
22,18036431,rs174348,4.16e-16,CECR2
22,18295575,rs399757,1e-34,MICAL3
22,18323438,rs2587109,9.59e-48,MICAL3
22,18381686,rs5992895,3.77e-26,MIR648
22,18436944,rs415651,3.15e-19,MIR648
22,18486282,rs5992962,0.00096977,MICAL3
22,18916180,rs759404,6.96e-15,PRODH
22,18967349,rs2540648,2.27e-12,DGCR5
22,19073612,rs5993516,9.22e-17,DGCR2
22,19196112,rs2073740,5.32e-12,CLTCL1
22,19431038,rs712979,2.67e-18,C22orf39
22,19606703,rs8135254,4.11e-08,LINC00895
22,19990789,rs9617857,3.94e-13,ARVCF
22,20068556,rs2269724,1.07e-22,DGCR8
22,20099331,rs3757,2.18e-30,TRMT2A
22,20751339,rs362075,0.00016759,ZNF74
22,20789688,rs1477178,2.16e-144,SCARF2
22,20946302,rs165591,0.300807,MED15
22,21122412,rs165818,1.16e-11,SERPIND1
22,21974703,rs5754387,1.36e-48,UBE2L3
22,22055280,rs710172,6.27e-39,PPIL2
22,22131125,rs2283792,1.81e-69,MAPK1
22,24085252,rs17630135,1.8e-19,ZNF70
22,24184850,rs5751749,1.3e-08,DERL3
22,24234493,rs5751759,1.96e-15,LOC284889
22,24299147,rs5742303,2.16e-31,GSTT2
22,24993367,rs4820600,5.72e-27,LRRC75B
22,25242708,rs139663,2.75e-09,SGSM1
22,25466553,rs6004423,2.04e-18,LOC100128531
22,25501854,rs5760857,2.86e-27,LOC100128531
22,25950750,rs5761116,2.13e-33,ADRBK2
22,26019328,rs16980512,1.17e-08,ADRBK2
22,26159289,rs133885,1.2e-16,MYO18B
22,26222454,rs9624909,3.63e-07,MYO18B
22,26733770,rs3788392,4e-09,SEZ6L
22,27377796,rs16983325,3.89e-15,LOC101929539
22,27380730,rs6005257,5.31e-22,LOC101929539
22,27576017,rs17434355,1.72e-14,LOC101929539
22,27887829,rs962537,2.42e-06,MN1
22,27977955,rs2103861,1.58e-22,MN1
22,28056338,rs134041,2.32e-55,MN1
22,28130044,rs11913308,2.52e-27,MN1
22,28539193,rs135644,5.97e-10,TTC28-AS1
22,28663405,rs9306454,3.75e-19,MIR5739
22,29233262,rs6005915,0.041856,XBP1
22,29349667,rs9625657,6.96e-94,ZNRF3
22,29369398,rs5762925,0.648593,ZNRF3-AS1
22,29402539,rs5997427,7.64e-20,ZNRF3-AS1
22,29486264,rs7289560,2.07e-11,KREMEN1
22,29509142,rs12158320,1.92e-10,KREMEN1
22,29693990,rs3747142,5.51e-38,EWSR1
22,30224141,rs1071962,8.5e-36,ASCC2
22,30423460,rs12537,5.59e-99,MTMR3
22,30619599,rs2073946,7.49e-24,LIF
22,30659566,rs2070889,0.902282,OSM
22,30691631,rs2097919,1.4e-05,TBC1D10A
22,31008745,rs740234,5.74e-20,TCN2
22,31378447,rs4820921,2.95e-55,TUG1
22,31386212,rs1009564,1.96e-15,TUG1
22,31500536,rs10304,3.09e-25,SMTN
22,31727184,rs17820958,3.68e-23,LOC101929760
22,31744072,rs5997959,0.0707347,LOC54944
22,31935347,rs738656,2.54e-31,SFI1
22,32880585,rs5749446,1.93e-15,FBXO7
22,32930568,rs762909,3.99e-13,SYN3
22,33051132,rs2413140,1.67e-29,SYN3
22,33055555,rs4820087,4.73e-297,TIMP3
22,33063742,rs2740991,6.53e-252,TIMP3
22,33099675,rs5998592,0.866655,TIMP3
22,33116314,rs743742,2.33e-176,TIMP3
22,33118048,rs5754232,1e-14,TIMP3
22,33172612,rs4821103,4.78e-17,TIMP3
22,33196693,rs9619311,1.14e-19,TIMP3
22,33964576,rs5754612,8.02e-10,MIR4764
22,34206039,rs1018786,1.71e-08,LARGE-AS1
22,34290235,rs1005680,8.3e-10,LARGE
22,35669441,rs4821387,6.65e-94,HMGXB4
22,35827479,rs5755729,3e-09,MCM5
22,35964158,rs926338,2.53e-06,RASD2
22,36252267,rs956119,8.99e-14,RBFOX2
22,36444188,rs6000085,1.35e-12,RBFOX2
22,36684354,rs2269529,4.06e-60,MIR6819
22,36858629,rs79236,2.31e-20,TXN2
22,37096927,rs2284017,1.35e-20,CACNG2
22,37581383,rs7290488,9.11e-09,C1QTNF6
22,38032709,rs9306321,2.92e-11,SH3BP1
22,38192452,rs4821714,1.45e-69,H1F0
22,38211954,rs2285179,6.23e-70,GCAT
22,38545619,rs6001027,6.01e-149,PLA2G6
22,38701393,rs6001093,4.58e-50,CSNK1E
22,39141600,rs138712,3.42e-47,SUN2
22,39245618,rs13053505,4.53e-32,NPTXR
22,39281636,rs4361209,8.83e-98,CBX6
22,39395707,rs9611070,6.65e-13,APOBEC3B-AS1
22,39510995,rs738469,6.53e-27,APOBEC3H
22,39529429,rs11089928,4.5e-16,CBX7
22,39560666,rs139426,1.25e-49,CBX7
22,39634434,rs5750781,1.08e-24,PDGFB
22,39662703,rs11089938,3.58e-17,PDGFB
22,39844793,rs5757680,1.61e-82,MGAT3
22,39907661,rs738288,4.49e-22,MIEF1
22,40430351,rs17001585,3.47e-08,LOC100130899
22,40722745,rs4821943,1.18e-31,TNRC6B
22,40726762,rs139921,2.2e-26,TNRC6B
22,41466229,rs5758211,0.577906,MIR1281
22,41884954,rs738140,8.97e-38,ACO2
22,41895409,rs2076196,6.6e-36,POLR3H
22,42174891,rs6002477,2.5e-14,MEI1
22,42339525,rs10483213,8.22e-116,CENPM
22,42416695,rs133337,9.74e-27,WBP2NL
22,42569999,rs2011944,0.579869,TCF20
22,42981678,rs1043606,1.23e-15,POLDIP3
22,43112475,rs738526,1.42e-25,A4GALT
22,43299710,rs1076118,5.09e-45,PACSIN2
22,43356222,rs7290939,2.64e-24,PACSIN2
22,43550149,rs5759197,0.43,TSPO
22,43558972,rs6972,4.81e-55,TSPO
22,43561337,rs2012930,2.25e-35,TTLL12
22,43609760,rs2071725,0.983865,SCUBE1
22,43617039,rs139004,0.187445,SCUBE1
22,43620619,rs916256,2.86e-39,SCUBE1
22,43648664,rs12170498,1.86e-22,SCUBE1
22,43649701,rs139027,2.57e-67,SCUBE1
22,43740418,rs2744881,1.66e-28,SCUBE1
22,43800766,rs9608024,2.66e-09,MPPED1
22,44209125,rs8138497,5.8e-09,EFCAB6
22,44330274,rs4823174,4.79e-14,PNPLA3
22,44530079,rs2179559,3.94e-11,PARVB
22,44530844,rs2267616,4.55e-13,PARVB
22,44752950,rs1974462,0.045389,KIAA1644
22,44757439,rs9614538,1.77e-21,KIAA1644
22,45057826,rs136904,1.4e-12,PRR5
22,45078496,rs9626518,9.32e-17,PRR5
22,45115497,rs6006852,1.71e-22,PRR5-ARHGAP8
22,45355198,rs2350226,1.54e-10,PHF21B
22,45618167,rs5766559,1.61e-22,KIAA0930
22,45728370,rs6007594,2.29e-194,FAM118A
22,45850481,rs1883186,2.12e-199,RIBC2
22,45938584,rs10427785,4.12e-16,FBLN1
22,46018094,rs8143145,0.387481,FBLN1
22,46160624,rs138203,0.0517344,MIR4762
22,46213591,rs7284693,3.17e-28,ATXN10
22,46236425,rs136029,5.14e-133,ATXN10
22,46366165,rs10453460,3.47e-32,WNT7B
22,46423125,rs7292527,1e-17,LINC00899
22,46454208,rs3744749,1.11e-88,LOC150381
22,46458123,rs7292297,5.56e-20,LOC150381
22,46484973,rs7291040,1.14e-90,MIR3619
22,46489201,rs16994846,5.78e-35,MIR3619
22,46497890,rs873492,4.34e-05,MIRLET7A3
22,46615144,rs4253754,0.00080494,PPARA
22,46615376,rs4253755,5.27e-57,PPARA
22,46627780,rs1042311,2.31e-09,PPARA
22,47023129,rs13053318,6.18e-21,GRAMD4
22,47096950,rs135686,0.00044112,CERK
22,47126715,rs12628356,1.05e-34,CERK
22,47156703,rs5769136,1.99e-38,TBC1D22A
22,47309351,rs16995971,5.61e-16,TBC1D22A
22,47380606,rs136120,2.25e-40,TBC1D22A
22,48911477,rs133504,6.6e-10,LOC284933
22,49676835,rs2858537,6.75e-17,C22orf34
22,49678782,rs8136272,4.01e-25,C22orf34
22,50181960,rs138841,8.48e-54,LOC90834
22,50208019,rs17001322,0.0034084,BRD1
22,50313727,rs7410773,0.0281131,CRELD2
22,50446988,rs137864,4.27e-22,IL17REL
22,50540766,rs9628283,5.13e-15,MOV10L1
22,50785718,rs28642259,1.14e-13,PPP6R2
22,50876662,rs11555194,2e-15,SBF1
22,50943423,rs762669,3e-30,LMF2
22,51109992,rs9628185,5.43e-12,SHANK3
